user_id,primary_perk,primary_score,secondary_perk,secondary_score,perk_gap,confidence,cluster
23557,Hotel Meal,1.1199380530784295,No Cancel Fee,0.0,1.1199380530784295,HIGH,2
94883,Free Bag,1.1885751959584556,Exclusive Discount,0.8873797184871342,0.30119547747132147,HIGH,0
101486,Hotel Night,0.7124464745499619,Exclusive Discount,0.2684265989445057,0.4440198756054562,HIGH,0
101961,Hotel Meal,1.4257674465406238,Exclusive Discount,0.810351874594207,0.6154155719464168,HIGH,0
106907,No Cancel Fee,0.0,Exclusive Discount,-0.1247288492224758,0.1247288492224758,MEDIUM,2
118043,Hotel Meal,2.188337680893955,Free Bag,1.1885751959584556,0.9997624849354996,HIGH,0
120851,Hotel Night,0.7124464745499619,Hotel Meal,0.1383458950229164,0.5741005795270455,HIGH,0
125845,Hotel Night,0.7124464745499619,Free Bag,0.1018241682758222,0.6106223062741397,HIGH,0
133058,No Cancel Fee,0.0,Exclusive Discount,-0.8819602036242274,0.8819602036242274,MEDIUM,2
149058,Hotel Meal,1.4760712623502716,Hotel Night,0.7124464745499619,0.7636247878003097,HIGH,0
152583,Free Bag,3.3620772513237225,Hotel Night,0.7124464745499619,2.6496307767737606,HIGH,0
153982,Hotel Night,0.7124464745499619,Free Bag,0.1018241682758222,0.6106223062741397,HIGH,0
160754,Free Bag,1.1885751959584556,Exclusive Discount,0.9861746040327646,0.20240059192569104,HIGH,0
164522,Free Bag,1.1885751959584556,Hotel Night,0.7124464745499619,0.4761287214084937,HIGH,0
171470,No Cancel Fee,0.0,Exclusive Discount,-0.1247288492224758,0.1247288492224758,MEDIUM,2
174997,Exclusive Discount,0.7608071726008242,Hotel Night,0.7124464745499619,0.048360698050862294,MEDIUM,0
175032,Free Bag,1.1885751959584556,Exclusive Discount,0.9396089292389884,0.2489662667194672,HIGH,0
181157,Hotel Night,0.7124464745499619,Exclusive Discount,0.6183049692712396,0.09414150527872234,MEDIUM,0
182191,No Cancel Fee,0.0,Exclusive Discount,-0.1247288492224758,0.1247288492224758,MEDIUM,2
187212,Hotel Night,0.7124464745499619,Free Bag,0.4640745108367,0.24837196371326192,HIGH,0
189676,Hotel Meal,2.295177643675507,Exclusive Discount,0.229667095524187,2.06551054815132,HIGH,1
190866,Hotel Meal,0.9745169926257614,Hotel Night,0.7124464745499619,0.2620705180757995,HIGH,0
195192,No Cancel Fee,0.0,Exclusive Discount,-0.1247288492224758,0.1247288492224758,MEDIUM,2
204943,Hotel Meal,1.961302759983156,Exclusive Discount,0.882204407919607,1.079098352063549,HIGH,0
204997,Exclusive Discount,1.1256630574245314,Free Bag,0.1018241682758222,1.0238388891487091,HIGH,0
205044,Free Bag,1.1885751959584556,Hotel Night,0.7124464745499619,0.4761287214084937,HIGH,0
206011,Exclusive Discount,0.8496896591366403,Hotel Meal,0.4188007973244917,0.4308888618121486,HIGH,0
216796,No Cancel Fee,0.0,Exclusive Discount,-0.1247288492224758,0.1247288492224758,MEDIUM,2
217114,No Cancel Fee,0.0,Exclusive Discount,-0.1247288492224758,0.1247288492224758,MEDIUM,2
217136,Hotel Meal,0.3141866671008882,Hotel Night,0.0257824539889438,0.2884042131119444,MEDIUM,0
220725,Hotel Night,0.3004480622133511,No Cancel Fee,0.0,0.3004480622133511,MEDIUM,0
224996,Hotel Night,0.0257824539889438,No Cancel Fee,0.0,0.0257824539889438,LOW,0
226367,Free Bag,1.1885751959584556,Hotel Night,0.7124464745499619,0.4761287214084937,HIGH,0
228195,No Cancel Fee,0.0,Exclusive Discount,-0.1247288492224758,0.1247288492224758,MEDIUM,2
228872,Free Bag,1.1885751959584556,Hotel Meal,0.7949664996178744,0.39360869634058127,HIGH,0
229108,No Cancel Fee,0.0,Free Bag,-0.9849268594068112,0.9849268594068112,MEDIUM,2
229330,Hotel Night,0.7124464745499619,Exclusive Discount,0.3282361549954569,0.384210319554505,HIGH,0
249521,Free Bag,1.1885751959584556,Hotel Meal,0.4076716345347463,0.7809035614237093,HIGH,0
252835,Hotel Meal,0.7994181647337724,Hotel Night,0.4835584676962888,0.31585969703748357,HIGH,0
258451,No Cancel Fee,0.0,Exclusive Discount,-0.1247288492224758,0.1247288492224758,MEDIUM,2
264470,Hotel Night,0.7124464745499619,Free Bag,0.1018241682758222,0.6106223062741397,HIGH,0
276512,Free Bag,1.1885751959584556,Hotel Night,0.7124464745499619,0.4761287214084937,HIGH,0
281952,Free Bag,2.2753262236410894,Hotel Night,0.7124464745499619,1.5628797490911275,HIGH,0
283325,Hotel Night,0.7124464745499619,No Cancel Fee,0.0,0.7124464745499619,HIGH,0
290123,Hotel Meal,0.8261281554291608,Hotel Night,0.4181618943095248,0.4079662611196361,HIGH,0
297546,Hotel Meal,1.5562012344364355,Free Bag,1.1885751959584556,0.3676260384779799,HIGH,0
298253,Free Bag,3.3620772513237225,No Cancel Fee,0.0,3.3620772513237225,HIGH,2
299476,Exclusive Discount,1.5228146567911718,Hotel Night,0.7124464745499619,0.8103681822412099,HIGH,0
306165,No Cancel Fee,0.0,Exclusive Discount,-0.1247288492224758,0.1247288492224758,MEDIUM,2
306819,Free Bag,1.1885751959584556,Hotel Night,0.7124464745499619,0.4761287214084937,HIGH,0
312488,Free Bag,1.1885751959584556,Hotel Night,0.7124464745499619,0.4761287214084937,HIGH,0
313724,Free Bag,1.1885751959584556,Hotel Night,0.7124464745499619,0.4761287214084937,HIGH,0
316527,Hotel Night,0.7124464745499619,Exclusive Discount,0.1944367569632559,0.518009717586706,HIGH,0
317688,Hotel Night,0.7124464745499619,Hotel Meal,0.6836748717204243,0.028771602829537613,MEDIUM,0
322867,Free Bag,1.1885751959584556,Exclusive Discount,0.7917837625653861,0.39679143339306955,HIGH,0
324191,Exclusive Discount,2.174827354661586,Hotel Night,0.7124464745499619,1.462380880111624,HIGH,0
328590,Hotel Night,0.7124464745499619,No Cancel Fee,0.0,0.7124464745499619,HIGH,0
330764,Hotel Meal,2.1705310204303623,Exclusive Discount,0.9790015190523288,1.1915295013780334,HIGH,1
330893,Hotel Night,0.7124464745499619,Exclusive Discount,0.6171227417011773,0.09532373284878459,MEDIUM,0
331039,No Cancel Fee,0.0,Exclusive Discount,-0.1247288492224758,0.1247288492224758,MEDIUM,2
334787,Hotel Night,0.7124464745499619,Exclusive Discount,0.5613959820658145,0.15105049248414737,MEDIUM,0
337227,No Cancel Fee,0.0,Exclusive Discount,-0.1247288492224758,0.1247288492224758,MEDIUM,2
338086,Hotel Night,0.7124464745499619,Exclusive Discount,0.1944752631540288,0.5179712113959332,HIGH,0
340166,Hotel Meal,1.0464855786661125,No Cancel Fee,0.0,1.0464855786661125,HIGH,1
343928,Hotel Night,0.7124464745499619,Exclusive Discount,0.0559619960205644,0.6564844785293975,HIGH,0
347778,Free Bag,1.1885751959584556,Hotel Night,0.4181618943095248,0.7704133016489308,HIGH,0
348817,Hotel Meal,1.0130980902968774,Free Bag,0.4640745108367,0.5490235794601774,HIGH,0
348863,No Cancel Fee,0.0,Exclusive Discount,-0.1247288492224758,0.1247288492224758,MEDIUM,2
349132,Hotel Meal,0.6881265368363219,Exclusive Discount,0.2167858959734834,0.47134064086283844,MEDIUM,0
353271,No Cancel Fee,0.0,Exclusive Discount,-0.1247288492224758,0.1247288492224758,MEDIUM,2
353694,Exclusive Discount,0.9578655666744232,Hotel Night,0.7124464745499619,0.24541909212446134,HIGH,0
354050,Hotel Meal,1.0843247321512457,Hotel Night,0.7124464745499619,0.3718782576012838,HIGH,0
354260,Free Bag,1.1885751959584556,Hotel Night,0.0257824539889438,1.1627927419695119,HIGH,0
354311,Free Bag,0.1018241682758222,Hotel Night,0.0257824539889438,0.0760417142868784,LOW,0
354950,Free Bag,1.1885751959584556,Hotel Night,0.7124464745499619,0.4761287214084937,HIGH,0
356046,Hotel Night,0.7124464745499619,No Cancel Fee,0.0,0.7124464745499619,HIGH,0
357737,Hotel Meal,1.7787844902313368,Hotel Night,0.4181618943095248,1.3606225959218121,HIGH,0
359072,Exclusive Discount,1.4523856030379287,Hotel Night,0.7124464745499619,0.7399391284879668,HIGH,0
359080,Free Bag,1.1885751959584556,Hotel Night,0.3004480622133511,0.8881271337451045,HIGH,0
359653,Free Bag,1.1885751959584556,Hotel Night,0.7124464745499619,0.4761287214084937,HIGH,0
361459,Free Bag,1.1885751959584556,Hotel Night,0.7124464745499619,0.4761287214084937,HIGH,0
361759,Hotel Night,0.4181618943095248,Exclusive Discount,0.2995103154648292,0.11865157884469557,MEDIUM,0
363535,Exclusive Discount,1.2469598117308531,Hotel Night,0.7124464745499619,0.5345133371808912,HIGH,0
365825,Exclusive Discount,1.9482666494973668,Free Bag,1.1885751959584556,0.7596914535389112,HIGH,0
371201,Free Bag,5.53557930668899,Exclusive Discount,0.7648802639283818,4.770699042760608,HIGH,0
372970,Hotel Night,0.7124464745499619,Free Bag,0.1018241682758222,0.6106223062741397,HIGH,0
373489,No Cancel Fee,0.0,Exclusive Discount,-0.1247288492224758,0.1247288492224758,MEDIUM,2
374331,No Cancel Fee,0.0,Exclusive Discount,-0.1247288492224758,0.1247288492224758,MEDIUM,2
374340,No Cancel Fee,0.0,Exclusive Discount,-0.1247288492224758,0.1247288492224758,MEDIUM,2
374341,Hotel Meal,1.6452345367543957,Exclusive Discount,0.8774787907033523,0.7677557460510434,HIGH,1
375160,No Cancel Fee,0.0,Exclusive Discount,-0.1247288492224758,0.1247288492224758,MEDIUM,2
375729,Exclusive Discount,1.4566616783598614,Hotel Night,0.7124464745499619,0.7442152038098995,HIGH,0
375751,Exclusive Discount,0.6193697699385925,Hotel Night,0.3004480622133511,0.3189217077252414,MEDIUM,0
376159,Free Bag,1.1885751959584556,Exclusive Discount,0.5358799152731208,0.6526952806853348,HIGH,0
377069,No Cancel Fee,0.0,Exclusive Discount,-0.1247288492224758,0.1247288492224758,MEDIUM,2
377411,Exclusive Discount,1.892897405695632,Hotel Night,0.7124464745499619,1.1804509311456701,HIGH,0
378565,Hotel Meal,1.3781346298005146,Exclusive Discount,0.4962591870822921,0.8818754427182225,HIGH,0
379543,Hotel Night,0.7124464745499619,Hotel Meal,0.2051208717613866,0.5073256027885753,HIGH,0
380434,Hotel Night,0.7124464745499619,Hotel Meal,0.2407341926885707,0.47171228186139125,HIGH,0
380436,Exclusive Discount,1.23595385159751,Free Bag,1.1885751959584556,0.0473786556390543,MEDIUM,0
380757,Exclusive Discount,0.9625735644030358,Hotel Night,0.7124464745499619,0.25012708985307386,HIGH,0
380874,Hotel Night,0.7124464745499619,Free Bag,0.4640745108367,0.24837196371326192,HIGH,0
380949,Hotel Meal,0.7549015135747923,Hotel Night,0.4181618943095248,0.3367396192652675,HIGH,0
381259,Free Bag,1.1885751959584556,Hotel Night,0.7124464745499619,0.4761287214084937,HIGH,0
381465,Hotel Meal,1.0380274149459066,Exclusive Discount,0.1124038056582667,0.9256236092876399,HIGH,0
382181,Free Bag,0.4640745108367,Hotel Night,0.3004480622133511,0.1636264486233489,MEDIUM,0
382384,Free Bag,1.1885751959584556,Exclusive Discount,0.7635338987621922,0.4250412971962634,HIGH,0
385689,Hotel Meal,1.11993805307843,Hotel Night,0.3004480622133511,0.8194899908650789,HIGH,0
386255,No Cancel Fee,0.0,Exclusive Discount,-0.1247288492224758,0.1247288492224758,MEDIUM,2
386914,Free Bag,1.1885751959584556,Hotel Night,0.7124464745499619,0.4761287214084937,HIGH,0
387282,No Cancel Fee,0.0,Exclusive Discount,-0.1247288492224758,0.1247288492224758,MEDIUM,2
387783,Hotel Meal,1.6363312065226,Exclusive Discount,0.0650670508475616,1.5712641556750382,HIGH,0
388328,Hotel Meal,1.693015742331702,Free Bag,1.1885751959584556,0.5044405463732464,HIGH,0
388767,Free Bag,1.1885751959584556,Hotel Night,0.7124464745499619,0.4761287214084937,HIGH,0
388947,Free Bag,0.4640745108367,Hotel Night,0.3004480622133511,0.1636264486233489,MEDIUM,0
389434,Hotel Meal,1.404844620495903,Hotel Night,0.7124464745499619,0.6923981459459412,HIGH,0
389662,Free Bag,1.1885751959584556,Hotel Meal,0.5078340996424519,0.6807410963160038,HIGH,0
389759,Hotel Night,0.7124464745499619,No Cancel Fee,0.0,0.7124464745499619,HIGH,0
390811,Hotel Night,0.7124464745499619,Hotel Meal,0.5256407601060442,0.1868057144439177,MEDIUM,0
392453,Free Bag,1.1885751959584556,Hotel Night,0.7124464745499619,0.4761287214084937,HIGH,0
395202,Hotel Meal,2.22172516926319,Exclusive Discount,0.0266216388262425,2.1951035304369473,HIGH,1
395981,Free Bag,1.1885751959584556,Hotel Night,0.7124464745499619,0.4761287214084937,HIGH,0
396552,Exclusive Discount,0.7370742502883735,Hotel Night,0.7124464745499619,0.024627775738411573,MEDIUM,0
399137,Free Bag,1.1885751959584556,Hotel Meal,0.9062581275153248,0.28231706844313087,HIGH,0
399218,Exclusive Discount,0.8126101650325567,Free Bag,0.1018241682758222,0.7107859967567345,HIGH,0
399799,Hotel Meal,0.7905148345019763,Hotel Night,0.7124464745499619,0.07806835995201444,MEDIUM,0
400275,Free Bag,0.1018241682758222,Hotel Night,0.0257824539889438,0.0760417142868784,LOW,0
400582,Hotel Meal,1.0130980902968774,Hotel Night,0.4181618943095248,0.5949361959873526,HIGH,0
400899,Exclusive Discount,1.792655812131537,Hotel Night,0.7124464745499619,1.0802093375815751,HIGH,0
401245,Exclusive Discount,0.4509623558055076,Hotel Night,0.3004480622133511,0.1505142935921565,MEDIUM,0
402332,Hotel Night,0.7124464745499619,No Cancel Fee,0.0,0.7124464745499619,HIGH,0
402978,Hotel Meal,0.8261281554291608,Hotel Night,0.7124464745499619,0.11368168087919894,MEDIUM,0
403881,Free Bag,1.1885751959584556,Hotel Night,0.7124464745499619,0.4761287214084937,HIGH,0
404879,Hotel Night,0.3004480622133511,Exclusive Discount,0.1333419977476057,0.16710606446574539,MEDIUM,0
405305,Hotel Night,0.7124464745499619,Free Bag,0.1018241682758222,0.6106223062741397,HIGH,0
406210,Hotel Meal,0.8661931414722428,Hotel Night,0.7124464745499619,0.1537466669222809,MEDIUM,0
407118,Hotel Night,0.7124464745499619,Hotel Meal,0.2474116903624177,0.4650347841875442,HIGH,0
407250,Hotel Night,0.4181618943095248,Hotel Meal,0.3119608345429392,0.10620105976658556,MEDIUM,0
407275,Exclusive Discount,0.8758199417674585,Hotel Meal,0.7393206856691493,0.13649925609830915,MEDIUM,0
407434,No Cancel Fee,0.0,Exclusive Discount,-0.1247288492224758,0.1247288492224758,MEDIUM,2
407642,Hotel Night,0.7124464745499619,Exclusive Discount,0.1363846393405799,0.576061835209382,HIGH,0
408551,Hotel Night,0.7124464745499619,Exclusive Discount,0.1279731127855372,0.5844733617644247,HIGH,0
409073,Free Bag,1.1885751959584556,Hotel Night,0.7124464745499619,0.4761287214084937,HIGH,0
411179,Free Bag,1.1885751959584556,Hotel Night,0.7124464745499619,0.4761287214084937,HIGH,0
411701,Free Bag,1.1885751959584556,Hotel Meal,0.3542516531439703,0.8343235428144853,HIGH,0
413128,Exclusive Discount,1.2598288430721745,Hotel Night,0.7124464745499619,0.5473823685222126,HIGH,0
413340,Exclusive Discount,1.0786992543480671,Free Bag,0.4640745108367,0.6146247435113672,HIGH,0
413418,Exclusive Discount,1.7988434584171633,Free Bag,1.1885751959584556,0.6102682624587077,HIGH,0
413658,Exclusive Discount,1.3852884208355638,Free Bag,1.1885751959584556,0.19671322487710818,MEDIUM,0
414128,Hotel Meal,0.7215140252055569,Hotel Night,0.3004480622133511,0.4210659629922058,HIGH,0
415282,Exclusive Discount,2.004927209976308,Hotel Night,0.7124464745499619,1.292480735426346,HIGH,0
415381,Exclusive Discount,1.3633621629686752,Free Bag,1.1885751959584556,0.17478696701021956,MEDIUM,0
415581,Hotel Night,0.7124464745499619,Hotel Meal,0.5968674019604123,0.11557907258954958,MEDIUM,0
416319,Exclusive Discount,1.804895398901216,Hotel Night,0.7124464745499619,1.092448924351254,HIGH,0
416580,Exclusive Discount,0.9406054040196,Hotel Meal,0.307954335938631,0.632651068080969,HIGH,0
417679,Hotel Meal,1.0932280623830417,Hotel Night,0.7124464745499619,0.3807815878330798,HIGH,0
418329,Exclusive Discount,1.401780941060054,Hotel Night,0.7124464745499619,0.689334466510092,HIGH,0
418488,Hotel Meal,0.8528381461245489,Hotel Night,0.7124464745499619,0.14039167157458698,MEDIUM,0
418692,Hotel Night,0.7124464745499619,Free Bag,0.1018241682758222,0.6106223062741397,HIGH,0
420648,Hotel Meal,0.5323182577798913,No Cancel Fee,0.0,0.5323182577798913,MEDIUM,0
420669,Hotel Meal,1.7698811599995408,Free Bag,1.1885751959584556,0.5813059640410851,HIGH,0
421247,Hotel Meal,0.7192881926476082,Hotel Night,0.7124464745499619,0.006841718097646332,MEDIUM,0
421515,Hotel Night,0.7124464745499619,Exclusive Discount,0.1019809941364295,0.6104654804135324,HIGH,0
421666,Free Bag,1.1885751959584556,Hotel Night,0.7124464745499619,0.4761287214084937,HIGH,0
421700,Hotel Night,0.7124464745499619,Exclusive Discount,0.4267663384388395,0.2856801361111224,HIGH,0
421870,Hotel Night,0.7124464745499619,No Cancel Fee,0.0,0.7124464745499619,HIGH,0
422066,Exclusive Discount,1.2507113109597692,Hotel Meal,0.817224825197364,0.4334864857624052,HIGH,0
423042,Hotel Meal,1.992464415794442,Exclusive Discount,0.903427540931465,1.0890368748629768,HIGH,0
424553,Hotel Meal,1.7164611786087642,Free Bag,1.1885751959584556,0.5278859826503086,HIGH,0
425632,Hotel Meal,0.4788982763891152,Free Bag,0.1018241682758222,0.377074108113293,MEDIUM,0
425653,No Cancel Fee,0.0,Exclusive Discount,-0.1247288492224758,0.1247288492224758,MEDIUM,2
425953,Exclusive Discount,1.366654101891705,Hotel Night,0.7124464745499619,0.6542076273417432,HIGH,0
425966,Hotel Night,0.7124464745499619,Free Bag,0.1018241682758222,0.6106223062741397,HIGH,0
426478,Hotel Meal,0.9329681182107128,No Cancel Fee,0.0,0.9329681182107128,HIGH,0
427426,Exclusive Discount,1.2787061399490056,Hotel Night,0.3004480622133511,0.9782580777356545,HIGH,0
427506,Exclusive Discount,0.8524518244648596,Hotel Night,0.7124464745499619,0.14000534991489766,MEDIUM,0
428056,Hotel Night,0.4181618943095248,Hotel Meal,0.3119608345429392,0.10620105976658556,MEDIUM,0
428552,Hotel Night,0.7124464745499619,No Cancel Fee,0.0,0.7124464745499619,HIGH,0
428858,Free Bag,1.1885751959584556,Hotel Meal,1.0843247321512457,0.10425046380720993,MEDIUM,0
429345,Hotel Meal,1.4738454297923225,Exclusive Discount,1.080524247401301,0.39332118239102143,HIGH,1
429375,Free Bag,0.1018241682758222,Hotel Night,0.0257824539889438,0.0760417142868784,LOW,0
430722,Free Bag,1.1885751959584556,Hotel Night,0.7124464745499619,0.4761287214084937,HIGH,0
431144,Exclusive Discount,0.6200422599744824,Hotel Meal,0.5812865740547694,0.03875568591971301,MEDIUM,0
431337,Free Bag,1.1885751959584556,Hotel Night,0.7124464745499619,0.4761287214084937,HIGH,0
431602,Free Bag,1.1885751959584556,Hotel Night,0.7124464745499619,0.4761287214084937,HIGH,0
431746,No Cancel Fee,0.0,Exclusive Discount,-0.1247288492224758,0.1247288492224758,MEDIUM,2
431899,No Cancel Fee,0.0,Exclusive Discount,-0.1247288492224758,0.1247288492224758,MEDIUM,2
431912,No Cancel Fee,0.0,Exclusive Discount,-0.1247288492224758,0.1247288492224758,MEDIUM,2
432333,Free Bag,1.1885751959584556,Hotel Meal,0.5812865740547694,0.6072886219036863,HIGH,0
432637,Hotel Night,0.7124464745499619,Hotel Meal,0.2051208717613866,0.5073256027885753,HIGH,0
432941,Hotel Night,0.7124464745499619,Hotel Meal,0.3542516531439703,0.3581948214059916,HIGH,0
433080,Free Bag,1.1885751959584556,Exclusive Discount,0.7911923266251645,0.39738286933329114,HIGH,0
433339,Free Bag,1.1885751959584556,Exclusive Discount,1.0542140376642513,0.13436115829420436,MEDIUM,0
433905,No Cancel Fee,0.0,Exclusive Discount,-0.1247288492224758,0.1247288492224758,MEDIUM,2
434238,Exclusive Discount,2.3739263653363145,Free Bag,0.1018241682758222,2.272102197060492,HIGH,0
434623,Hotel Meal,0.7727081740383843,Hotel Night,0.7124464745499619,0.060261699488422416,MEDIUM,0
435231,Exclusive Discount,1.8939140470667508,Free Bag,1.1885751959584556,0.7053388511082952,HIGH,0
435596,Hotel Night,0.7124464745499619,Free Bag,0.1018241682758222,0.6106223062741397,HIGH,0
435669,Hotel Night,0.7124464745499619,No Cancel Fee,0.0,0.7124464745499619,HIGH,0
435837,Hotel Meal,2.114885206481637,Exclusive Discount,0.7421151529047199,1.372770053576917,HIGH,1
435882,Hotel Night,0.7124464745499619,Free Bag,0.1018241682758222,0.6106223062741397,HIGH,0
436320,Exclusive Discount,1.1932074560957406,Hotel Night,0.7124464745499619,0.48076098154577873,HIGH,0
436894,Exclusive Discount,1.5725517119078187,Hotel Night,0.7124464745499619,0.8601052373578568,HIGH,0
437069,Hotel Meal,1.7253645088405607,Hotel Night,0.7124464745499619,1.0129180342905988,HIGH,0
437162,Free Bag,1.1885751959584556,Hotel Night,0.7124464745499619,0.4761287214084937,HIGH,0
437251,Hotel Night,0.7124464745499619,Exclusive Discount,0.6696414389060722,0.04280503564388971,MEDIUM,0
437539,Hotel Meal,1.2334555135338294,Hotel Night,0.7124464745499619,0.5210090389838675,HIGH,0
437549,Free Bag,1.1885751959584556,Hotel Night,0.7124464745499619,0.4761287214084937,HIGH,0
438189,Hotel Meal,0.7727081740383843,Free Bag,0.7538747848854024,0.01883338915298194,MEDIUM,0
438406,Free Bag,0.4640745108367,Hotel Night,0.3004480622133511,0.1636264486233489,MEDIUM,0
438551,Hotel Meal,2.1776536846157994,Exclusive Discount,0.993504765959323,1.1841489186564764,HIGH,1
438596,Exclusive Discount,1.2541053451886883,Free Bag,1.1885751959584556,0.0655301492302327,MEDIUM,0
438839,Exclusive Discount,0.7999519017475326,Hotel Night,0.7124464745499619,0.0875054271975707,MEDIUM,0
438937,Hotel Night,0.7124464745499619,Free Bag,0.1018241682758222,0.6106223062741397,HIGH,0
438985,Hotel Night,0.7124464745499619,Free Bag,0.1018241682758222,0.6106223062741397,HIGH,0
438995,No Cancel Fee,0.0,Exclusive Discount,-0.1247288492224758,0.1247288492224758,MEDIUM,2
439052,Hotel Meal,0.7311592996233359,Hotel Night,0.7124464745499619,0.018712825073374018,MEDIUM,0
439120,Exclusive Discount,0.1351611044564283,Free Bag,0.1018241682758222,0.03333693618060608,LOW,0
439363,Exclusive Discount,1.2443576672514405,Hotel Meal,0.908483960073274,0.33587370717816645,HIGH,0
440212,Free Bag,1.1885751959584556,Hotel Night,0.7124464745499619,0.4761287214084937,HIGH,0
440655,Hotel Night,0.7124464745499619,Hotel Meal,0.1695075508342024,0.5429389237157595,HIGH,0
441200,Free Bag,1.1885751959584556,Exclusive Discount,0.9768628429832006,0.21171235297525504,HIGH,0
441205,Free Bag,0.1018241682758222,No Cancel Fee,0.0,0.1018241682758222,MEDIUM,2
441448,No Cancel Fee,0.0,Exclusive Discount,-0.1247288492224758,0.1247288492224758,MEDIUM,2
441457,Hotel Night,0.7124464745499619,Exclusive Discount,0.533069198208124,0.17937727634183787,MEDIUM,0
441982,Hotel Meal,0.4967049368527064,Hotel Night,0.4181618943095248,0.07854304254318162,LOW,0
442484,Exclusive Discount,0.7438180848383714,No Cancel Fee,0.0,0.7438180848383714,HIGH,0
442718,No Cancel Fee,0.0,Free Bag,-0.2604261742850556,0.2604261742850556,MEDIUM,0
442812,Hotel Meal,1.901205280918533,Exclusive Discount,1.4092645106265491,0.4919407702919838,HIGH,1
442819,Free Bag,1.1885751959584556,Hotel Night,0.7124464745499619,0.4761287214084937,HIGH,0
442833,Hotel Night,0.7124464745499619,Hotel Meal,0.3720583136075618,0.3403881609424001,HIGH,0
443305,Free Bag,1.1885751959584556,Exclusive Discount,0.9440486013080546,0.24452659465040105,HIGH,0
443453,Hotel Night,0.7124464745499619,Hotel Meal,0.6658682112568318,0.046578263293130084,MEDIUM,0
443598,Hotel Night,0.7124464745499619,Free Bag,0.1018241682758222,0.6106223062741397,HIGH,0
443652,Exclusive Discount,1.357661745477885,Free Bag,1.1885751959584556,0.16908654951942936,MEDIUM,0
444387,Exclusive Discount,1.1872858445453711,Hotel Night,0.7124464745499619,0.4748393699954092,HIGH,0
444885,Free Bag,3.3620772513237225,Hotel Night,0.7124464745499619,2.6496307767737606,HIGH,0
445351,Exclusive Discount,0.9842696914248324,Hotel Night,0.4181618943095248,0.5661077971153077,HIGH,0
445515,Hotel Night,0.7124464745499619,Free Bag,0.1018241682758222,0.6106223062741397,HIGH,0
446124,Hotel Meal,1.36700546701077,Hotel Night,0.7124464745499619,0.6545589924608082,HIGH,0
446138,Exclusive Discount,1.1921562899665614,Hotel Night,0.7124464745499619,0.4797098154165995,HIGH,0
446473,Free Bag,0.4640745108367,Hotel Night,0.3004480622133511,0.1636264486233489,MEDIUM,0
446933,Hotel Night,0.7124464745499619,Exclusive Discount,0.6721116365771878,0.04033483797277415,MEDIUM,0
447053,Hotel Night,0.7124464745499619,Exclusive Discount,0.3566570514447063,0.35578942310525563,HIGH,0
447591,Hotel Night,0.7124464745499619,Exclusive Discount,0.17989867821819,0.532547796331772,HIGH,0
447737,Free Bag,1.1885751959584556,Exclusive Discount,0.0729225237672964,1.1156526721911593,HIGH,0
447951,Hotel Night,0.7124464745499619,Exclusive Discount,0.6125196298754273,0.09992684467453461,MEDIUM,0
448025,Exclusive Discount,1.1693160692546118,Hotel Night,0.7124464745499619,0.45686959470464994,HIGH,0
448154,No Cancel Fee,0.0,Exclusive Discount,-0.1247288492224758,0.1247288492224758,MEDIUM,2
448295,Hotel Night,0.7124464745499619,Exclusive Discount,0.1440756495881451,0.5683708249618168,HIGH,0
448467,Hotel Meal,2.247693215772595,No Cancel Fee,0.0,2.247693215772595,HIGH,1
448564,Hotel Meal,1.4411998856090704,Hotel Night,0.4835584676962888,0.9576414179127817,HIGH,0
449033,Hotel Meal,1.4115221181697506,Free Bag,1.1885751959584556,0.22294692221129497,HIGH,0
449326,Hotel Night,0.7124464745499619,Free Bag,0.1018241682758222,0.6106223062741397,HIGH,0
449619,Free Bag,1.1885751959584556,Hotel Night,0.7124464745499619,0.4761287214084937,HIGH,0
449804,Free Bag,1.1885751959584556,Hotel Night,0.7124464745499619,0.4761287214084937,HIGH,0
450164,Exclusive Discount,0.8952376648731634,Hotel Night,0.7124464745499619,0.18279119032320146,MEDIUM,0
450193,Hotel Night,0.7124464745499619,No Cancel Fee,0.0,0.7124464745499619,HIGH,0
450305,Exclusive Discount,1.0048411104829589,Hotel Meal,0.7571273461327414,0.24771376435021752,HIGH,0
450615,Exclusive Discount,1.2324716095590795,Hotel Meal,0.745998183342996,0.4864734262160836,HIGH,0
451291,No Cancel Fee,0.0,Exclusive Discount,-0.0364967619203989,0.0364967619203989,LOW,0
451674,No Cancel Fee,0.0,Exclusive Discount,-0.1247288492224758,0.1247288492224758,MEDIUM,2
452034,Free Bag,0.1018241682758222,Hotel Night,0.0257824539889438,0.0760417142868784,LOW,0
452532,Free Bag,1.1885751959584556,No Cancel Fee,0.0,1.1885751959584556,HIGH,2
452594,Hotel Meal,0.9685814391378974,Hotel Night,0.7124464745499619,0.2561349645879355,HIGH,0
452612,Free Bag,3.3620772513237225,Hotel Night,0.7124464745499619,2.6496307767737606,HIGH,0
453143,Hotel Meal,1.6281698204767876,Free Bag,0.645199682117139,0.9829701383596486,HIGH,0
453168,Exclusive Discount,0.6944796227598805,Hotel Night,0.4181618943095248,0.27631772845035574,MEDIUM,0
454264,No Cancel Fee,0.0,Free Bag,-0.9849268594068112,0.9849268594068112,MEDIUM,2
454430,Hotel Meal,1.217874685628186,Exclusive Discount,0.0459593013689022,1.1719153842592838,HIGH,1
454616,Hotel Night,0.7124464745499619,No Cancel Fee,0.0,0.7124464745499619,HIGH,0
454661,Hotel Night,0.7124464745499619,Hotel Meal,0.2051208717613866,0.5073256027885753,HIGH,0
454920,Free Bag,1.1885751959584556,Hotel Meal,1.07542140191945,0.11315379403900572,MEDIUM,0
454934,Hotel Night,0.7124464745499619,Exclusive Discount,0.3127132210396706,0.3997332535102913,HIGH,0
454955,Free Bag,1.1885751959584556,Hotel Night,0.7124464745499619,0.4761287214084937,HIGH,0
456226,Hotel Meal,1.404844620495903,Free Bag,1.1885751959584556,0.21626942453744746,HIGH,0
456318,Hotel Night,0.7124464745499619,Exclusive Discount,0.2463682225078537,0.4660782520421082,HIGH,0
456663,Free Bag,2.2753262236410894,Hotel Night,0.7124464745499619,1.5628797490911275,HIGH,0
456671,Free Bag,3.3620772513237225,Hotel Night,0.7124464745499619,2.6496307767737606,HIGH,0
457468,Hotel Meal,1.6808478576815802,Exclusive Discount,1.39649178823688,0.28435606944470027,HIGH,0
457599,Hotel Meal,1.0064205926230303,Hotel Night,0.1974484591291983,0.808972133493832,HIGH,0
457967,No Cancel Fee,0.0,Exclusive Discount,-0.1247288492224758,0.1247288492224758,MEDIUM,2
458479,Hotel Meal,3.0786707040735592,Exclusive Discount,0.4520502147647974,2.626620489308762,HIGH,1
458688,Exclusive Discount,1.1148771001084832,Hotel Meal,0.031505932241364,1.0833711678671192,HIGH,0
458762,Free Bag,1.1885751959584556,Exclusive Discount,0.9928814715334584,0.19569372442499722,MEDIUM,0
458814,Exclusive Discount,0.7800548854489923,Hotel Meal,0.5723832438229733,0.20767164162601892,HIGH,0
458855,Hotel Night,0.7124464745499619,Exclusive Discount,0.2011533580365077,0.5112931165134542,HIGH,0
458919,Free Bag,2.2753262236410894,Hotel Night,0.7124464745499619,1.5628797490911275,HIGH,0
459229,Exclusive Discount,1.2904246500933585,Hotel Meal,0.4254782949983387,0.8649463550950198,HIGH,0
459486,Free Bag,0.1018241682758222,Hotel Night,0.0257824539889438,0.0760417142868784,LOW,0
459645,No Cancel Fee,0.0,Exclusive Discount,-0.1247288492224758,0.1247288492224758,MEDIUM,2
460072,Hotel Meal,0.8483864810086504,Hotel Night,0.0257824539889438,0.8226040270197066,HIGH,0
460181,Hotel Night,0.7124464745499619,No Cancel Fee,0.0,0.7124464745499619,HIGH,0
460553,Hotel Meal,2.072594387880606,Free Bag,1.1885751959584556,0.8840191919221503,HIGH,0
460625,Hotel Meal,0.8973547972835293,Hotel Night,0.7124464745499619,0.1849083227335674,MEDIUM,0
461559,Exclusive Discount,0.7474426335189501,Hotel Night,0.4181618943095248,0.32928073920942535,HIGH,0
461744,Exclusive Discount,1.179380443839453,Hotel Meal,0.4136071880226107,0.7657732558168424,HIGH,0
461791,Hotel Night,0.7124464745499619,Free Bag,0.1018241682758222,0.6106223062741397,HIGH,0
462127,Free Bag,1.1885751959584556,No Cancel Fee,0.0,1.1885751959584556,HIGH,2
462456,Exclusive Discount,0.8804865293106964,Hotel Meal,0.4254782949983383,0.4550082343123581,HIGH,0
462894,Free Bag,1.1885751959584556,No Cancel Fee,0.0,1.1885751959584556,HIGH,2
463652,Free Bag,1.1885751959584556,Exclusive Discount,0.8934148542421888,0.2951603417162668,HIGH,0
463698,Exclusive Discount,1.204000462560292,Hotel Meal,0.7192881926476082,0.4847122699126838,HIGH,0
463783,Exclusive Discount,0.8181218771480245,Free Bag,0.4640745108367,0.35404736631132455,HIGH,0
463867,Free Bag,1.1885751959584556,Exclusive Discount,0.7896110751536817,0.39896412080477395,HIGH,0
463910,Hotel Meal,0.9062581275153248,Hotel Night,0.7124464745499619,0.19381165296536285,MEDIUM,0
464080,Free Bag,3.3620772513237225,Exclusive Discount,1.486569038660413,1.8755082126633096,HIGH,0
464160,Free Bag,1.1885751959584556,Hotel Meal,1.0086464251809797,0.17992877077747593,MEDIUM,0
464239,Hotel Night,0.7124464745499619,Exclusive Discount,0.6110357021356764,0.10141077241428553,MEDIUM,0
464542,Hotel Night,0.7124464745499619,No Cancel Fee,0.0,0.7124464745499619,HIGH,0
464597,No Cancel Fee,0.0,Exclusive Discount,-0.1247288492224758,0.1247288492224758,MEDIUM,2
464614,Hotel Meal,0.7905148345019763,Hotel Night,0.7124464745499619,0.07806835995201444,MEDIUM,0
464673,Free Bag,1.1885751959584556,No Cancel Fee,0.0,1.1885751959584556,HIGH,2
464782,Exclusive Discount,1.8258265509773384,Hotel Meal,0.3141866671008882,1.5116398838764502,HIGH,0
464855,Free Bag,1.1885751959584556,Hotel Night,0.7124464745499619,0.4761287214084937,HIGH,0
465138,Hotel Meal,0.9329681182107132,Hotel Night,0.7124464745499619,0.22052164366075133,HIGH,0
465343,Free Bag,1.1885751959584556,Hotel Night,0.7124464745499619,0.4761287214084937,HIGH,0
465531,Exclusive Discount,1.2064679820368744,Hotel Night,0.7124464745499619,0.49402150748691254,HIGH,0
465568,Hotel Meal,1.153325541447665,Exclusive Discount,0.1136411202682163,1.0396844211794487,HIGH,1
465731,Hotel Night,0.7124464745499619,Hotel Meal,0.3542516531439703,0.3581948214059916,HIGH,0
466205,Free Bag,1.1885751959584556,Hotel Meal,0.8528381461245484,0.3357370498339072,HIGH,0
466723,Hotel Meal,0.7549015135747923,Exclusive Discount,0.7233267900942222,0.03157472348057011,MEDIUM,0
467007,Exclusive Discount,0.3986255743199786,Free Bag,0.1018241682758222,0.2968014060441564,MEDIUM,0
467339,Free Bag,1.1885751959584556,Exclusive Discount,1.179873019670571,0.008702176287884722,MEDIUM,0
467809,Hotel Night,0.7124464745499619,Hotel Meal,0.1517008903706104,0.5607455841793515,HIGH,0
467892,Hotel Meal,1.7787844902313368,Hotel Night,0.4181618943095248,1.3606225959218121,HIGH,0
468106,Exclusive Discount,0.7639821875031348,No Cancel Fee,0.0,0.7639821875031348,HIGH,0
468370,Exclusive Discount,1.8334047014358013,Hotel Meal,1.6096212158272116,0.22378348560858963,HIGH,0
468409,Hotel Meal,1.11993805307843,Exclusive Discount,0.729013309939498,0.390924743138932,HIGH,0
468666,Hotel Night,0.7124464745499619,Exclusive Discount,0.3748608391691129,0.337585635380849,HIGH,0
468801,Hotel Night,0.3004480622133511,No Cancel Fee,0.0,0.3004480622133511,MEDIUM,0
468808,Hotel Night,0.4181618943095248,Hotel Meal,0.2585408531521629,0.15962104115736186,MEDIUM,0
468832,Hotel Meal,1.885624453012889,Free Bag,0.4640745108367,1.421549942176189,HIGH,0
469418,No Cancel Fee,0.0,Exclusive Discount,-0.1247288492224758,0.1247288492224758,MEDIUM,2
469440,Hotel Night,0.3004480622133511,Exclusive Discount,0.0068986273520852,0.2935494348612659,MEDIUM,0
469464,Hotel Meal,2.1028657106687128,Exclusive Discount,0.8871476219746853,1.2157180886940275,HIGH,1
469699,Hotel Meal,1.2601655042292177,Exclusive Discount,1.0225112597733157,0.237654244455902,HIGH,1
469767,Hotel Meal,0.7905148345019763,Hotel Night,0.7124464745499619,0.07806835995201444,MEDIUM,0
469824,Exclusive Discount,1.925099416890659,Free Bag,1.1885751959584556,0.7365242209322034,HIGH,0
471077,Hotel Meal,1.153325541447665,Hotel Night,0.5251744689424108,0.6281510725052543,HIGH,0
471161,Free Bag,5.53557930668899,Hotel Night,0.7124464745499619,4.823132832139028,HIGH,0
471186,Hotel Night,0.7124464745499619,No Cancel Fee,0.0,0.7124464745499619,HIGH,0
471500,Hotel Meal,1.531717076298997,Exclusive Discount,0.3986622344471872,1.1330548418518096,HIGH,0
471565,Free Bag,1.1885751959584556,Exclusive Discount,1.1246334947901224,0.0639417011683332,MEDIUM,0
471649,Exclusive Discount,1.999063218177727,Hotel Meal,1.2601655042292177,0.7388977139485093,HIGH,1
471687,Hotel Night,0.7124464745499619,Free Bag,0.4640745108367,0.24837196371326192,HIGH,0
471717,Hotel Night,0.7124464745499619,Exclusive Discount,0.2688146012927689,0.443631873257193,HIGH,0
471935,Hotel Meal,0.6747715414886278,Exclusive Discount,0.0398953604692892,0.6348761810193386,MEDIUM,0
471946,Exclusive Discount,1.322245029184571,Hotel Meal,1.153325541447665,0.16891948773690602,MEDIUM,1
471973,No Cancel Fee,0.0,Exclusive Discount,-0.1247288492224758,0.1247288492224758,MEDIUM,2
472394,Free Bag,1.1885751959584556,Hotel Meal,0.6347065554455458,0.5538686405129098,HIGH,0
472614,Hotel Night,0.7124464745499619,No Cancel Fee,0.0,0.7124464745499619,HIGH,0
472713,Hotel Night,0.7124464745499619,Free Bag,0.4640745108367,0.24837196371326192,HIGH,0
472785,Free Bag,0.4640745108367,Hotel Night,0.3004480622133511,0.1636264486233489,MEDIUM,0
472966,Hotel Night,0.7124464745499619,No Cancel Fee,0.0,0.7124464745499619,HIGH,0
473332,Hotel Meal,0.7304173554373529,Hotel Night,0.0257824539889438,0.704634901448409,HIGH,0
473343,Free Bag,1.1885751959584556,Hotel Night,0.7124464745499619,0.4761287214084937,HIGH,0
473402,Hotel Night,0.7124464745499619,No Cancel Fee,0.0,0.7124464745499619,HIGH,0
473467,Hotel Night,0.7124464745499619,Free Bag,0.1018241682758222,0.6106223062741397,HIGH,0
473568,Free Bag,1.1885751959584556,Hotel Night,0.7124464745499619,0.4761287214084937,HIGH,0
473712,Hotel Meal,1.553975401878487,Exclusive Discount,0.5604815983680944,0.9934938035103926,HIGH,0
473847,No Cancel Fee,0.0,Exclusive Discount,-0.1247288492224758,0.1247288492224758,MEDIUM,2
474120,Hotel Night,0.7124464745499619,Hotel Meal,0.5216342615017359,0.19081221304822604,MEDIUM,0
474239,No Cancel Fee,0.0,Exclusive Discount,-0.1247288492224758,0.1247288492224758,MEDIUM,2
474261,Hotel Meal,1.638557039080549,Exclusive Discount,1.36705950157321,0.27149753750733896,HIGH,0
474278,No Cancel Fee,0.0,Exclusive Discount,-0.1247288492224758,0.1247288492224758,MEDIUM,2
474384,Free Bag,1.1885751959584556,Hotel Night,0.3004480622133511,0.8881271337451045,HIGH,0
474464,Free Bag,0.1018241682758222,Hotel Night,0.0257824539889438,0.0760417142868784,LOW,0
474546,Exclusive Discount,0.5436669154449131,Hotel Night,0.3004480622133511,0.243218853231562,MEDIUM,0
474951,Hotel Night,0.7124464745499619,Exclusive Discount,0.6507783182422467,0.06166815630771516,MEDIUM,0
474980,Exclusive Discount,1.57638539525325,Hotel Night,0.7124464745499619,0.8639389207032881,HIGH,0
475060,Exclusive Discount,1.555930804844568,Free Bag,1.1885751959584556,0.3673556088861123,HIGH,0
475130,Exclusive Discount,0.7651789843583284,Hotel Meal,0.6480615507932398,0.11711743356508864,MEDIUM,0
475467,Free Bag,1.1885751959584556,Hotel Night,0.7124464745499619,0.4761287214084937,HIGH,0
475531,Free Bag,0.645199682117139,Hotel Night,0.4181618943095248,0.2270377878076142,MEDIUM,0
476081,Exclusive Discount,0.6942408800961789,Hotel Meal,0.5523507508014323,0.14189012929474665,MEDIUM,0
476104,Hotel Meal,2.1028657106687128,Free Bag,1.5508255385193332,0.5520401721493795,HIGH,0
476124,Hotel Night,0.7124464745499619,Free Bag,0.4640745108367,0.24837196371326192,HIGH,0
476173,Hotel Meal,2.22172516926319,No Cancel Fee,0.0,2.22172516926319,HIGH,1
476270,Hotel Meal,1.0064205926230303,Exclusive Discount,0.5423542429914567,0.46406634963157356,HIGH,0
476393,Hotel Night,0.7124464745499619,Free Bag,0.1018241682758222,0.6106223062741397,HIGH,0
476436,Hotel Night,0.7124464745499619,Hotel Meal,0.3898649740711543,0.3225815004788076,HIGH,0
476535,Free Bag,0.645199682117139,Hotel Night,0.4181618943095248,0.2270377878076142,MEDIUM,0
476665,Hotel Meal,1.6808478576815806,Exclusive Discount,0.7989106512258898,0.8819372064556908,HIGH,0
476693,Hotel Night,0.7124464745499619,Hotel Meal,0.6836748717204243,0.028771602829537613,MEDIUM,0
476714,Hotel Night,0.7124464745499619,Hotel Meal,0.3008316717531942,0.4116148027967677,HIGH,0
476742,Free Bag,1.1885751959584556,Hotel Meal,0.8595156437983958,0.3290595521600598,HIGH,0
476916,No Cancel Fee,0.0,Exclusive Discount,-0.1247288492224758,0.1247288492224758,MEDIUM,2
476956,Hotel Meal,0.6859007042783728,Hotel Night,0.3004480622133511,0.3854526420650217,MEDIUM,0
477285,Hotel Night,0.7124464745499619,Free Bag,0.1018241682758222,0.6106223062741397,HIGH,0
477316,Hotel Meal,1.0398080809922654,Free Bag,0.4640745108367,0.5757335701555655,HIGH,0
477597,Hotel Night,0.7124464745499619,No Cancel Fee,0.0,0.7124464745499619,HIGH,0
477730,Hotel Meal,1.333617978641535,Hotel Night,0.7124464745499619,0.6211715040915731,HIGH,0
477805,Hotel Meal,1.901205280918533,Exclusive Discount,0.2973489144235011,1.6038563664950318,HIGH,1
478003,Hotel Night,0.3004480622133511,No Cancel Fee,0.0,0.3004480622133511,MEDIUM,0
478146,Free Bag,3.3620772513237225,Hotel Meal,1.1911646949327983,2.170912556390924,HIGH,0
478188,Free Bag,1.1885751959584556,Exclusive Discount,0.7771706818205798,0.4114045141378758,HIGH,0
478228,Hotel Meal,2.1883376808939543,Exclusive Discount,1.3609203542698969,0.8274173266240574,HIGH,1
478291,Free Bag,1.1885751959584556,Hotel Night,0.7124464745499619,0.4761287214084937,HIGH,0
478533,Hotel Night,0.7124464745499619,Exclusive Discount,0.2370737463223967,0.4753727282275652,HIGH,0
478585,Hotel Meal,0.9774847693696934,Hotel Night,0.7124464745499619,0.2650382948197315,HIGH,0
478760,Hotel Meal,1.2481460084162928,No Cancel Fee,0.0,1.2481460084162928,HIGH,1
478801,Exclusive Discount,0.8704235449051341,Hotel Night,0.7124464745499619,0.15797707035517217,MEDIUM,0
478834,No Cancel Fee,0.0,Exclusive Discount,-0.1247288492224758,0.1247288492224758,MEDIUM,2
479071,Hotel Meal,1.1555513740056145,Hotel Night,0.4835584676962888,0.6719929063093257,HIGH,0
479101,Exclusive Discount,1.3176506652211963,Free Bag,1.1885751959584556,0.12907546926274072,MEDIUM,0
479254,Hotel Night,0.7124464745499619,Exclusive Discount,0.4716271690886924,0.2408193054612695,HIGH,0
479524,No Cancel Fee,0.0,Exclusive Discount,-0.1247288492224758,0.1247288492224758,MEDIUM,2
479785,No Cancel Fee,0.0,Exclusive Discount,-0.1247288492224758,0.1247288492224758,MEDIUM,2
480186,No Cancel Fee,0.0,Exclusive Discount,-0.1247288492224758,0.1247288492224758,MEDIUM,2
480313,Exclusive Discount,1.0182627493785643,Hotel Night,0.7124464745499619,0.3058162748286024,HIGH,0
480331,Hotel Night,0.7124464745499619,Exclusive Discount,0.2783544489793391,0.4340920255706228,HIGH,0
480690,Hotel Meal,0.7459981833429963,Hotel Night,0.7124464745499619,0.033551708793034374,MEDIUM,0
480796,Hotel Night,0.7124464745499619,Free Bag,0.1018241682758222,0.6106223062741397,HIGH,0
480877,Free Bag,1.1885751959584556,Exclusive Discount,1.1711369026160847,0.017438293342370903,MEDIUM,0
480895,Hotel Night,0.7124464745499619,Hotel Meal,0.4076716345347463,0.3047748400152156,HIGH,0
480975,No Cancel Fee,0.0,Exclusive Discount,-0.1247288492224758,0.1247288492224758,MEDIUM,2
481050,Free Bag,1.1885751959584556,Hotel Night,0.7124464745499619,0.4761287214084937,HIGH,0
481245,Hotel Night,0.7124464745499619,Exclusive Discount,0.5175102541187747,0.1949362204311872,MEDIUM,0
481292,Free Bag,1.1885751959584556,Hotel Night,0.4181618943095248,0.7704133016489308,HIGH,0
481554,Hotel Meal,0.9329681182107132,Hotel Night,0.7124464745499619,0.22052164366075133,HIGH,0
481622,Exclusive Discount,1.0511700192541094,Hotel Night,0.7124464745499619,0.33872354470414745,HIGH,0
481772,Exclusive Discount,2.1115202066182,Free Bag,1.1885751959584556,0.9229450106597443,HIGH,0
481781,No Cancel Fee,0.0,Exclusive Discount,-0.1247288492224758,0.1247288492224758,MEDIUM,2
482264,Hotel Meal,1.2000680251645943,Exclusive Discount,0.7932423649020846,0.40682566026250977,HIGH,0
482335,Exclusive Discount,1.1288684037579533,Hotel Meal,0.9893558763454214,0.13951252741253184,MEDIUM,1
482424,Free Bag,1.1885751959584556,Hotel Meal,0.6859007042783728,0.5026744916800828,HIGH,0
482548,Hotel Meal,1.0398080809922658,Hotel Night,0.7124464745499619,0.32736160644230394,HIGH,0
482602,Exclusive Discount,1.2234199369397345,Free Bag,0.4640745108367,0.7593454261030346,HIGH,0
482621,Hotel Meal,1.97465775533085,Exclusive Discount,1.0611865848586393,0.9134711704722107,HIGH,1
482630,Hotel Night,0.7124464745499619,Exclusive Discount,0.4711176187293753,0.2413288558205866,HIGH,0
482744,Free Bag,1.1885751959584556,Exclusive Discount,0.7620225433255851,0.42655265263287057,HIGH,0
482811,No Cancel Fee,0.0,Exclusive Discount,-0.1247288492224758,0.1247288492224758,MEDIUM,2
483224,Exclusive Discount,0.2318963318620258,Free Bag,0.1018241682758222,0.1300721635862036,MEDIUM,0
483237,Hotel Meal,0.8795481368199368,Hotel Night,0.7124464745499619,0.16710166226997492,MEDIUM,0
483345,Hotel Meal,1.0487114112240614,Hotel Night,0.7124464745499619,0.3362649366740995,HIGH,0
483480,Hotel Meal,1.3336179786415343,Exclusive Discount,0.6184931329403547,0.7151248457011796,HIGH,0
483483,Exclusive Discount,1.2781201210084117,Hotel Night,0.7124464745499619,0.5656736464584498,HIGH,0
483525,Free Bag,1.1885751959584556,Hotel Night,0.7124464745499619,0.4761287214084937,HIGH,0
483603,Exclusive Discount,0.7724419547880442,Hotel Night,0.3004480622133511,0.47199389257469315,HIGH,0
483928,Hotel Meal,1.1911646949327983,Exclusive Discount,0.7837234408421979,0.4074412540906004,HIGH,0
484249,Hotel Night,0.7124464745499619,Exclusive Discount,0.3612331341588989,0.351213340391063,HIGH,0
484418,Hotel Night,0.7124464745499619,Free Bag,0.4640745108367,0.24837196371326192,HIGH,0
484987,Exclusive Discount,0.9684216978567024,Hotel Night,0.7124464745499619,0.2559752233067405,HIGH,0
485149,Hotel Night,0.7124464745499619,Exclusive Discount,0.2705742054487615,0.4418722691012004,HIGH,0
485260,Hotel Night,0.7124464745499619,Exclusive Discount,0.3457391899094665,0.3667072846404954,HIGH,0
485393,No Cancel Fee,0.0,Exclusive Discount,-0.1247288492224758,0.1247288492224758,MEDIUM,2
485505,Hotel Night,0.7124464745499619,Exclusive Discount,0.0900855225261113,0.6223609520238507,HIGH,0
485518,No Cancel Fee,0.0,Exclusive Discount,-0.1247288492224758,0.1247288492224758,MEDIUM,2
485536,No Cancel Fee,0.0,Exclusive Discount,-0.1247288492224758,0.1247288492224758,MEDIUM,2
485544,Hotel Meal,2.3806496139007494,Hotel Night,0.4835584676962888,1.8970911462044606,HIGH,0
485591,Hotel Night,0.7124464745499619,Hotel Meal,0.3186383322167858,0.3938081423331761,HIGH,0
485658,Free Bag,1.1885751959584556,Hotel Night,0.7124464745499619,0.4761287214084937,HIGH,0
485780,Hotel Meal,0.935193950768662,Hotel Night,0.3004480622133511,0.6347458885553109,HIGH,0
485785,Free Bag,1.1885751959584556,Hotel Night,0.0257824539889438,1.1627927419695119,HIGH,0
485891,Exclusive Discount,1.1705044031451766,Hotel Night,0.7124464745499619,0.45805792859521466,HIGH,0
485894,Hotel Meal,0.8350314856609564,Hotel Night,0.0257824539889438,0.8092490316720127,HIGH,0
486046,Hotel Meal,2.008045243700085,Exclusive Discount,1.302907366641911,0.705137877058174,HIGH,1
486113,Hotel Night,0.7124464745499619,Exclusive Discount,0.3406979672689012,0.3717485072810607,HIGH,0
486191,Hotel Meal,1.4738454297923225,No Cancel Fee,0.0,1.4738454297923225,HIGH,1
486261,Exclusive Discount,1.8830372429217563,Hotel Meal,1.5472979042046395,0.3357393387171168,HIGH,1
486268,No Cancel Fee,0.0,Exclusive Discount,-0.1247288492224758,0.1247288492224758,MEDIUM,2
486270,Hotel Meal,0.7215140252055569,Hotel Night,0.3004480622133511,0.4210659629922058,HIGH,0
486366,Free Bag,1.1885751959584556,Hotel Meal,0.6213515600978513,0.5672236358606043,HIGH,0
486447,No Cancel Fee,0.0,Free Bag,-0.9849268594068112,0.9849268594068112,MEDIUM,2
486454,Exclusive Discount,1.1113091509750168,Hotel Night,0.7124464745499619,0.3988626764250549,HIGH,0
486605,Hotel Night,0.7124464745499619,No Cancel Fee,0.0,0.7124464745499619,HIGH,0
486671,Exclusive Discount,0.8855549430409972,Free Bag,0.4640745108367,0.42148043220429726,HIGH,0
486751,Hotel Night,0.7124464745499619,No Cancel Fee,0.0,0.7124464745499619,HIGH,0
486823,No Cancel Fee,0.0,Free Bag,-0.9849268594068112,0.9849268594068112,MEDIUM,2
487002,Exclusive Discount,1.4427436723017744,Hotel Night,0.7124464745499619,0.7302971977518125,HIGH,0
487036,Free Bag,1.1885751959584556,Hotel Night,0.7124464745499619,0.4761287214084937,HIGH,0
487040,Free Bag,1.1885751959584556,Hotel Night,0.0257824539889438,1.1627927419695119,HIGH,0
487101,Hotel Night,0.7124464745499619,Free Bag,0.4640745108367,0.24837196371326192,HIGH,0
487276,Hotel Meal,1.146648043773818,Free Bag,0.4640745108367,0.6825735329371181,HIGH,0
487453,Hotel Meal,1.2000680251645943,Exclusive Discount,0.3734777923442682,0.8265902328203261,HIGH,0
487637,Hotel Meal,0.7927406670599254,Exclusive Discount,0.5582944820940058,0.23444618496591962,HIGH,0
487680,Free Bag,1.1885751959584556,Hotel Night,0.7124464745499619,0.4761287214084937,HIGH,0
487715,Hotel Meal,1.0593954075022165,Hotel Night,0.7124464745499619,0.3469489329522546,HIGH,0
487858,Hotel Night,0.7124464745499619,Free Bag,0.1018241682758222,0.6106223062741397,HIGH,0
487954,Hotel Night,0.7124464745499619,Free Bag,0.1018241682758222,0.6106223062741397,HIGH,0
488009,Exclusive Discount,1.173956581891005,Hotel Night,0.0257824539889438,1.1481741279020612,HIGH,0
488314,Hotel Night,0.7124464745499619,Hotel Meal,0.6836748717204243,0.028771602829537613,MEDIUM,0
488410,Exclusive Discount,1.6430145207944498,Hotel Night,0.7124464745499619,0.9305680462444879,HIGH,0
488462,Hotel Meal,1.6192664902449916,Exclusive Discount,1.4256615965960908,0.19360489364890077,MEDIUM,0
488480,Hotel Meal,0.3898649740711543,No Cancel Fee,0.0,0.3898649740711543,MEDIUM,0
488511,Hotel Meal,1.0420339135502144,Hotel Night,0.3004480622133511,0.7415858513368633,HIGH,0
488529,Hotel Night,0.7124464745499619,Exclusive Discount,0.3244302548232458,0.3880162197267161,HIGH,0
488539,No Cancel Fee,0.0,Exclusive Discount,-0.1247288492224758,0.1247288492224758,MEDIUM,2
488672,Hotel Meal,1.0843247321512457,Hotel Night,0.3004480622133511,0.7838766699378946,HIGH,0
488827,Exclusive Discount,0.7544106940100743,Hotel Meal,0.5679315787070749,0.18647911530299943,MEDIUM,0
488865,Exclusive Discount,1.2755815954211018,Free Bag,1.1885751959584556,0.08700639946264621,MEDIUM,0
488870,Free Bag,1.1885751959584556,Hotel Night,0.7124464745499619,0.4761287214084937,HIGH,0
488918,Hotel Meal,0.8973547972835293,Hotel Night,0.4181618943095248,0.4791929029740045,HIGH,0
488974,Exclusive Discount,1.7035961732844294,Free Bag,0.4640745108367,1.2395216624477294,HIGH,0
489096,Hotel Night,0.7124464745499619,Exclusive Discount,0.667409606678506,0.04503686787145589,MEDIUM,0
489131,No Cancel Fee,0.0,Exclusive Discount,-0.1247288492224758,0.1247288492224758,MEDIUM,2
489575,Hotel Night,0.7124464745499619,Free Bag,0.645199682117139,0.06724679243282294,MEDIUM,0
489635,Hotel Meal,0.7192881926476082,Hotel Night,0.7124464745499619,0.006841718097646332,MEDIUM,0
489661,Hotel Meal,1.36700546701077,No Cancel Fee,0.0,1.36700546701077,HIGH,1
489730,Exclusive Discount,0.2803792478503401,Free Bag,0.1018241682758222,0.17855507957451788,MEDIUM,0
489785,Exclusive Discount,0.8547638987140183,Hotel Night,0.7124464745499619,0.14231742416405635,MEDIUM,0
489786,No Cancel Fee,0.0,Exclusive Discount,-0.1247288492224758,0.1247288492224758,MEDIUM,2
489802,Hotel Night,0.7124464745499619,Exclusive Discount,0.2688109592355927,0.44363551531436923,HIGH,0
489844,Free Bag,1.1885751959584556,Hotel Meal,0.8995806298414779,0.2889945661169777,HIGH,0
489852,Hotel Meal,1.8678177925492967,Exclusive Discount,0.0943034577255545,1.773514334823742,HIGH,1
489949,Hotel Night,0.7124464745499619,No Cancel Fee,0.0,0.7124464745499619,HIGH,0
489953,Free Bag,1.1885751959584556,Hotel Meal,0.3613743173294073,0.8272008786290483,HIGH,0
489992,Free Bag,1.1885751959584556,Hotel Night,0.7124464745499619,0.4761287214084937,HIGH,0
490040,Hotel Night,0.7124464745499619,No Cancel Fee,0.0,0.7124464745499619,HIGH,0
490107,Hotel Meal,1.2548235060901398,Free Bag,0.7538747848854024,0.5009487212047374,HIGH,0
490133,Hotel Meal,1.5205879135092517,Free Bag,1.1885751959584556,0.3320127175507961,HIGH,0
490201,Free Bag,1.1885751959584556,Exclusive Discount,0.7336201366601193,0.45495505929833635,HIGH,0
490348,Free Bag,1.1885751959584556,Hotel Night,0.7124464745499619,0.4761287214084937,HIGH,0
490358,Free Bag,2.2753262236410894,Hotel Night,0.7124464745499619,1.5628797490911275,HIGH,0
490517,Exclusive Discount,1.3791376450702926,No Cancel Fee,0.0,1.3791376450702926,HIGH,2
490576,Hotel Night,0.7124464745499619,Exclusive Discount,0.2816140274121828,0.43083244713777913,HIGH,0
490608,Free Bag,3.3620772513237225,Hotel Night,0.7124464745499619,2.6496307767737606,HIGH,0
490629,Hotel Night,0.7124464745499619,Exclusive Discount,0.6137357366998022,0.09871073785015971,MEDIUM,0
490671,Free Bag,1.1885751959584556,Exclusive Discount,0.8836036760929514,0.3049715198655042,HIGH,0
491003,Hotel Night,0.7124464745499619,No Cancel Fee,0.0,0.7124464745499619,HIGH,0
491124,Hotel Night,0.7124464745499619,Exclusive Discount,0.6905971650050468,0.021849309544915152,MEDIUM,0
491141,Exclusive Discount,0.7198753128480744,Hotel Night,0.4181618943095248,0.3017134185385496,HIGH,0
491175,Hotel Night,0.7124464745499619,Hotel Meal,0.3613743173294073,0.3510721572205546,HIGH,0
491182,Hotel Meal,1.0279369740165374,Hotel Night,0.7124464745499619,0.3154904994665755,HIGH,0
491241,Hotel Night,0.3004480622133511,No Cancel Fee,0.0,0.3004480622133511,MEDIUM,0
491266,Free Bag,0.1018241682758222,No Cancel Fee,0.0,0.1018241682758222,MEDIUM,2
491559,Hotel Night,0.7124464745499619,Exclusive Discount,0.4158694212491178,0.2965770533008441,HIGH,0
491597,No Cancel Fee,0.0,Exclusive Discount,-0.1247288492224758,0.1247288492224758,MEDIUM,2
491617,Hotel Meal,0.6747715414886278,Hotel Night,0.0257824539889438,0.648989087499684,MEDIUM,0
491706,Hotel Night,0.0257824539889438,No Cancel Fee,0.0,0.0257824539889438,LOW,0
491772,Hotel Night,0.7124464745499619,Hotel Meal,0.6747715414886278,0.03767493306133407,MEDIUM,0
491925,Hotel Meal,1.387037960032311,Exclusive Discount,0.8240085319496968,0.5630294280826142,HIGH,0
491930,Free Bag,1.1885751959584556,Exclusive Discount,0.8699599377111529,0.31861525824730275,HIGH,0
492209,Exclusive Discount,1.4707755425447764,Hotel Night,0.7124464745499619,0.7583290679948145,HIGH,0
492211,Exclusive Discount,1.1705693383216953,Hotel Night,0.7124464745499619,0.4581228637717334,HIGH,0
492287,Exclusive Discount,0.8954848574028627,Hotel Night,0.7124464745499619,0.18303838285290075,MEDIUM,0
492371,Exclusive Discount,0.7595618842311743,Hotel Night,0.7124464745499619,0.04711540968121242,MEDIUM,0
492497,No Cancel Fee,0.0,Exclusive Discount,-0.1247288492224758,0.1247288492224758,MEDIUM,2
492614,No Cancel Fee,0.0,Exclusive Discount,-0.1247288492224758,0.1247288492224758,MEDIUM,2
492999,Hotel Night,0.7124464745499619,No Cancel Fee,0.0,0.7124464745499619,HIGH,0
493177,Hotel Meal,1.1466480437738185,Hotel Night,0.7124464745499619,0.43420156922385655,HIGH,0
493409,Hotel Meal,0.7148365275317099,Free Bag,0.1018241682758222,0.6130123592558877,HIGH,0
493476,Hotel Night,0.7124464745499619,Exclusive Discount,0.0314013288386008,0.6810451457113611,HIGH,0
493718,Hotel Meal,0.8884514670517325,Hotel Night,0.0257824539889438,0.8626690130627888,HIGH,0
494294,Hotel Meal,0.7994181647337724,Hotel Night,0.7124464745499619,0.08697169018381046,MEDIUM,0
494374,Hotel Night,0.7124464745499619,Free Bag,0.1018241682758222,0.6106223062741397,HIGH,0
494382,Hotel Meal,1.128841383310225,Exclusive Discount,0.7629509205999299,0.36589046271029524,HIGH,0
494441,No Cancel Fee,0.0,Exclusive Discount,-0.1247288492224758,0.1247288492224758,MEDIUM,2
494463,Exclusive Discount,0.4158602520645708,Hotel Night,0.0257824539889438,0.390077798075627,MEDIUM,0
494590,Hotel Night,0.7124464745499619,Exclusive Discount,0.6633207501059375,0.04912572444402441,MEDIUM,0
494680,Hotel Meal,1.0130980902968774,Hotel Night,0.4181618943095248,0.5949361959873526,HIGH,0
494704,Hotel Meal,1.960331487594232,Hotel Night,0.5251744689424108,1.4351570186518212,HIGH,0
494985,Hotel Meal,1.4471354390969344,Hotel Night,0.5251744689424108,0.9219609701545236,HIGH,0
495029,Exclusive Discount,1.6737647279495624,Hotel Meal,0.9774847693696934,0.696279958579869,HIGH,0
495042,Hotel Meal,1.505303863278002,Hotel Night,0.4835584676962888,1.0217453955817133,HIGH,0
495080,Hotel Night,0.7124464745499619,No Cancel Fee,0.0,0.7124464745499619,HIGH,0
495272,Hotel Meal,0.6569648810250358,Exclusive Discount,0.3321043340546009,0.3248605469704349,MEDIUM,0
495273,Free Bag,1.9130758810802115,Hotel Meal,1.912334443708277,0.0007414373719345502,MEDIUM,0
495386,Free Bag,0.4640745108367,Hotel Night,0.3004480622133511,0.1636264486233489,MEDIUM,0
495482,Hotel Meal,1.1785516437710877,Exclusive Discount,0.2371189374911808,0.9414327062799068,HIGH,0
495592,No Cancel Fee,0.0,Exclusive Discount,-0.1247288492224758,0.1247288492224758,MEDIUM,2
495603,Hotel Meal,1.6207503786169577,Exclusive Discount,0.5942412740056368,1.0265091046113208,HIGH,0
495727,Hotel Meal,1.5116845832774557,Hotel Night,0.7124464745499619,0.7992381087274938,HIGH,0
496016,Hotel Meal,0.8261281554291608,Hotel Night,0.7124464745499619,0.11368168087919894,MEDIUM,0
496074,No Cancel Fee,0.0,Exclusive Discount,-0.1247288492224758,0.1247288492224758,MEDIUM,2
496273,Hotel Meal,0.6658682112568318,Free Bag,0.4640745108367,0.20179370042013184,MEDIUM,0
496286,Free Bag,1.1885751959584556,Exclusive Discount,0.0877827684457025,1.1007924275127532,HIGH,0
496332,Hotel Night,0.7124464745499619,Hotel Meal,0.3542516531439703,0.3581948214059916,HIGH,0
496382,Free Bag,1.9130758810802115,Hotel Night,0.3004480622133511,1.6126278188668604,HIGH,0
496408,Free Bag,0.645199682117139,Hotel Night,0.4181618943095248,0.2270377878076142,MEDIUM,0
496566,Free Bag,0.4640745108367,Hotel Meal,0.3854133089552567,0.07866120188144327,LOW,0
496899,Free Bag,1.1885751959584556,Hotel Night,0.7124464745499619,0.4761287214084937,HIGH,0
496972,No Cancel Fee,0.0,Exclusive Discount,-0.2349518729756344,0.2349518729756344,MEDIUM,0
497042,Hotel Meal,0.7994181647337724,Hotel Night,0.7124464745499619,0.08697169018381046,MEDIUM,0
497077,Hotel Meal,0.7727081740383843,Hotel Night,0.7124464745499619,0.060261699488422416,MEDIUM,0
497108,Hotel Night,0.7124464745499619,Exclusive Discount,0.1966240084734263,0.5158224660765356,HIGH,0
497225,Hotel Meal,1.340295476315382,Hotel Night,0.7124464745499619,0.6278490017654201,HIGH,0
497475,Free Bag,1.1885751959584556,Exclusive Discount,0.5553762304852508,0.6331989654732049,HIGH,0
497615,Free Bag,1.1885751959584556,Hotel Meal,0.8283539879871094,0.36022120797134627,HIGH,0
497678,Hotel Night,0.7124464745499619,Exclusive Discount,0.118482295283547,0.5939641792664149,HIGH,0
497680,Exclusive Discount,0.699319873382684,Hotel Meal,0.6502873833511884,0.04903249003149557,MEDIUM,0
497829,Hotel Night,0.7124464745499619,Free Bag,0.1018241682758222,0.6106223062741397,HIGH,0
497915,Free Bag,1.1885751959584556,Hotel Night,0.7124464745499619,0.4761287214084937,HIGH,0
498154,Hotel Night,0.7124464745499619,Exclusive Discount,0.5153649344085776,0.19708154014138435,MEDIUM,0
498199,Exclusive Discount,0.6987746311652872,Hotel Meal,0.6502873833511884,0.048487247814098744,MEDIUM,0
498287,Hotel Night,0.7124464745499619,Exclusive Discount,0.7067760104212888,0.005670464128673114,MEDIUM,0
498357,Hotel Meal,1.413747950727699,Free Bag,1.1885751959584556,0.22517275476924348,HIGH,0
498363,Hotel Night,0.7124464745499619,Exclusive Discount,0.5723221413339786,0.14012433321598328,MEDIUM,0
498500,Exclusive Discount,1.413922425325706,Hotel Meal,0.9240647879789168,0.4898576373467891,HIGH,0
498574,Hotel Meal,0.7304173554373529,Exclusive Discount,0.6730112308915566,0.0574061245457963,MEDIUM,0
498607,Free Bag,1.1885751959584556,Hotel Night,0.7124464745499619,0.4761287214084937,HIGH,0
498665,Hotel Meal,2.111769040900509,Hotel Night,0.7124464745499619,1.399322566350547,HIGH,0
498857,Free Bag,0.4640745108367,Exclusive Discount,0.3482840410703008,0.11579046976639917,MEDIUM,0
498931,Exclusive Discount,1.1622253076637774,Hotel Night,0.7124464745499619,0.4497788331138155,HIGH,0
499028,Exclusive Discount,1.342501865344295,Hotel Night,0.7124464745499619,0.6300553907943331,HIGH,0
499038,Free Bag,1.1885751959584556,Hotel Night,0.3004480622133511,0.8881271337451045,HIGH,0
499252,Free Bag,3.3620772513237225,Exclusive Discount,1.0019598701334709,2.3601173811902516,HIGH,0
499313,Exclusive Discount,1.7489238258572577,Free Bag,1.1885751959584556,0.5603486298988021,HIGH,0
499366,Hotel Night,0.3004480622133511,No Cancel Fee,0.0,0.3004480622133511,MEDIUM,0
499375,Hotel Meal,1.0398080809922654,Hotel Night,0.7124464745499619,0.3273616064423035,HIGH,0
499379,Hotel Meal,0.6272871135857153,Hotel Night,0.0257824539889438,0.6015046595967715,MEDIUM,0
499461,Hotel Night,0.7124464745499619,Exclusive Discount,0.5857273787077532,0.12671909584220875,MEDIUM,0
499475,Exclusive Discount,0.9413935783783236,Hotel Night,0.7124464745499619,0.2289471038283617,HIGH,0
499633,Free Bag,1.7319507097997724,Exclusive Discount,0.5572845198037673,1.1746661899960051,HIGH,0
499634,Exclusive Discount,1.5323265786837172,Free Bag,1.1885751959584556,0.3437513827252616,HIGH,0
499659,No Cancel Fee,0.0,Exclusive Discount,-0.1247288492224758,0.1247288492224758,MEDIUM,2
499669,Free Bag,1.1885751959584556,Hotel Night,0.7124464745499619,0.4761287214084937,HIGH,0
499751,Free Bag,1.9130758810802115,Hotel Night,0.7124464745499619,1.2006294065302496,HIGH,0
499760,No Cancel Fee,0.0,Exclusive Discount,-0.1247288492224758,0.1247288492224758,MEDIUM,2
499780,No Cancel Fee,0.0,Exclusive Discount,-0.1247288492224758,0.1247288492224758,MEDIUM,2
499810,Hotel Meal,0.7638048438065883,Hotel Night,0.3004480622133511,0.46335678159323723,HIGH,0
499847,Hotel Night,0.7124464745499619,No Cancel Fee,0.0,0.7124464745499619,HIGH,0
499969,Exclusive Discount,1.854030749107768,Hotel Meal,1.7943653181369796,0.05966543097078847,MEDIUM,1
499979,Hotel Night,0.4181618943095248,Hotel Meal,0.1049584066536811,0.31320348765584366,MEDIUM,0
499990,Free Bag,1.1885751959584556,Hotel Night,0.7124464745499619,0.4761287214084937,HIGH,0
500078,Exclusive Discount,1.6444898912443715,Free Bag,1.1885751959584556,0.4559146952859159,HIGH,0
500196,Free Bag,1.1885751959584556,Hotel Night,0.7124464745499619,0.4761287214084937,HIGH,0
500243,Exclusive Discount,1.3966103713105036,Hotel Night,0.7124464745499619,0.6841638967605417,HIGH,0
500257,Hotel Night,0.7124464745499619,Exclusive Discount,0.251536391581835,0.4609100829681269,HIGH,0
500299,Hotel Meal,1.0464855786661125,Exclusive Discount,0.4907255398501189,0.5557600388159936,HIGH,1
500493,Hotel Night,0.7124464745499619,No Cancel Fee,0.0,0.7124464745499619,HIGH,0
500532,Hotel Meal,1.0464855786661125,No Cancel Fee,0.0,1.0464855786661125,HIGH,1
500646,Free Bag,1.1885751959584556,Hotel Meal,0.8350314856609564,0.3535437102974992,HIGH,0
500745,Hotel Meal,1.2022938577225435,Exclusive Discount,0.1473811174832425,1.054912740239301,HIGH,0
500773,Hotel Meal,1.306907987946147,Hotel Night,0.4181618943095248,0.8887460936366222,HIGH,0
500791,Hotel Meal,1.5472979042046395,Exclusive Discount,0.7807904779900455,0.766507426214594,HIGH,1
500828,Hotel Night,0.3004480622133511,No Cancel Fee,0.0,0.3004480622133511,MEDIUM,0
500972,Hotel Night,0.7124464745499619,No Cancel Fee,0.0,0.7124464745499619,HIGH,0
500974,Hotel Meal,2.2381153908262688,Hotel Night,0.5251744689424108,1.7129409218838578,HIGH,0
501087,Hotel Night,0.7124464745499619,Free Bag,0.1018241682758222,0.6106223062741397,HIGH,0
501125,Exclusive Discount,1.7837399777247307,Free Bag,1.1885751959584556,0.5951647817662751,HIGH,0
501184,Hotel Meal,1.1822613647010023,Hotel Night,0.7124464745499619,0.4698148901510404,HIGH,0
501322,Free Bag,1.1885751959584556,Hotel Meal,0.9003225740274609,0.28825262193099477,HIGH,0
501344,Exclusive Discount,1.5284661761287248,No Cancel Fee,0.0,1.5284661761287248,HIGH,2
501436,Free Bag,2.2753262236410894,Exclusive Discount,1.4414847304161948,0.8338414932248945,HIGH,0
501512,Hotel Night,0.7124464745499619,Hotel Meal,0.1183134020013753,0.5941330725485866,HIGH,0
501708,No Cancel Fee,0.0,Exclusive Discount,-0.1247288492224758,0.1247288492224758,MEDIUM,2
501735,Free Bag,1.1885751959584556,Hotel Night,0.7124464745499619,0.4761287214084937,HIGH,0
501764,Hotel Night,0.7124464745499619,Exclusive Discount,0.3679819042847981,0.3444645702651638,HIGH,0
501794,Exclusive Discount,1.3217762998208171,Hotel Meal,0.9596781089061014,0.36209819091471573,HIGH,0
501817,Exclusive Discount,2.2970470251621693,Free Bag,1.1885751959584556,1.1084718292037137,HIGH,0
501830,Hotel Night,0.7124464745499619,No Cancel Fee,0.0,0.7124464745499619,HIGH,0
501897,Hotel Meal,1.7943653181369796,Exclusive Discount,1.2255567164712644,0.5688086016657152,HIGH,1
501947,Hotel Night,0.3004480622133511,Exclusive Discount,0.0827723449239749,0.21767571728937618,MEDIUM,0
502063,Hotel Night,0.7124464745499619,No Cancel Fee,0.0,0.7124464745499619,HIGH,0
502145,Hotel Night,0.7124464745499619,Free Bag,0.4640745108367,0.24837196371326192,HIGH,0
502210,Free Bag,1.1885751959584556,Hotel Night,0.7124464745499619,0.4761287214084937,HIGH,0
502212,Hotel Night,0.7124464745499619,No Cancel Fee,0.0,0.7124464745499619,HIGH,0
502353,Hotel Meal,0.6391582205614433,Hotel Night,0.4181618943095248,0.22099632625191856,MEDIUM,0
502412,Hotel Meal,0.970807271695846,Exclusive Discount,0.6255730923371245,0.34523417935872147,HIGH,0
502435,Hotel Night,0.7124464745499619,Exclusive Discount,0.1480568820679711,0.5643895924819908,HIGH,0
502444,Hotel Meal,1.3135854856199936,Hotel Night,0.5251744689424108,0.7884110166775827,HIGH,0
502609,Hotel Meal,1.0012269833211491,Exclusive Discount,0.8653293147715138,0.13589766854963536,MEDIUM,0
502626,Free Bag,1.1885751959584556,Hotel Night,0.7124464745499619,0.4761287214084937,HIGH,0
502799,Hotel Meal,0.7727081740383843,Hotel Night,0.7124464745499619,0.060261699488422416,MEDIUM,0
502819,No Cancel Fee,0.0,Exclusive Discount,-0.1247288492224758,0.1247288492224758,MEDIUM,2
502826,No Cancel Fee,0.0,Free Bag,-0.2604261742850556,0.2604261742850556,MEDIUM,0
502847,Hotel Meal,0.9863880996014894,Hotel Night,0.7124464745499619,0.2739416250515275,HIGH,0
502850,No Cancel Fee,0.0,Exclusive Discount,-0.1247288492224758,0.1247288492224758,MEDIUM,2
502875,Free Bag,1.1885751959584556,Hotel Night,0.0257824539889438,1.1627927419695119,HIGH,0
502995,No Cancel Fee,0.0,Exclusive Discount,-0.1247288492224758,0.1247288492224758,MEDIUM,2
503042,Exclusive Discount,1.3228325766139843,Free Bag,1.1885751959584556,0.13425738065552872,MEDIUM,0
503049,No Cancel Fee,0.0,Exclusive Discount,-0.1247288492224758,0.1247288492224758,MEDIUM,2
503058,Hotel Meal,0.4842402745281924,Exclusive Discount,0.3793702393112584,0.104870035216934,MEDIUM,0
503126,Hotel Meal,1.7943653181369796,No Cancel Fee,0.0,1.7943653181369796,HIGH,1
503161,No Cancel Fee,0.0,Exclusive Discount,-0.1247288492224758,0.1247288492224758,MEDIUM,2
503277,Free Bag,1.9130758810802115,Hotel Night,0.7124464745499619,1.2006294065302496,HIGH,0
503342,Hotel Night,0.7124464745499619,Exclusive Discount,0.4418989688826653,0.27054750566729663,HIGH,0
503418,Hotel Meal,1.1881969181888663,Hotel Night,0.7124464745499619,0.4757504436389044,HIGH,0
503483,No Cancel Fee,0.0,Exclusive Discount,-0.1247288492224758,0.1247288492224758,MEDIUM,2
503621,Hotel Night,0.7124464745499619,No Cancel Fee,0.0,0.7124464745499619,HIGH,0
503760,Hotel Meal,1.413747950727699,Hotel Night,0.3004480622133511,1.113299888514348,HIGH,0
503918,No Cancel Fee,0.0,Exclusive Discount,-0.1247288492224758,0.1247288492224758,MEDIUM,2
503928,Hotel Night,0.7124464745499619,No Cancel Fee,0.0,0.7124464745499619,HIGH,0
503945,Free Bag,0.1018241682758222,Hotel Night,0.0257824539889438,0.0760417142868784,LOW,0
503973,Exclusive Discount,1.280397042827773,Hotel Meal,0.4878016066209108,0.7925954362068621,HIGH,0
504081,Free Bag,0.1018241682758222,Hotel Night,0.0257824539889438,0.0760417142868784,LOW,0
504133,No Cancel Fee,0.0,Exclusive Discount,-0.1247288492224758,0.1247288492224758,MEDIUM,2
504240,Hotel Meal,1.7431711693041527,Hotel Night,0.7124464745499619,1.0307246947541908,HIGH,0
504299,Hotel Night,0.7124464745499619,Free Bag,0.4640745108367,0.24837196371326192,HIGH,0
504320,Free Bag,1.1885751959584556,Hotel Night,0.7124464745499619,0.4761287214084937,HIGH,0
504371,Exclusive Discount,1.060426938203969,Hotel Night,0.7124464745499619,0.34798046365400714,HIGH,0
504435,Free Bag,1.1885751959584556,Hotel Night,0.7124464745499619,0.4761287214084937,HIGH,0
504473,Free Bag,1.1885751959584556,Exclusive Discount,0.980921334107471,0.20765386185098467,HIGH,0
504579,No Cancel Fee,0.0,Exclusive Discount,-0.1247288492224758,0.1247288492224758,MEDIUM,2
504610,No Cancel Fee,0.0,Exclusive Discount,-0.1247288492224758,0.1247288492224758,MEDIUM,2
504665,Free Bag,3.3620772513237225,Hotel Meal,0.6807070949764918,2.6813701563472305,HIGH,0
504669,Free Bag,1.1885751959584556,Hotel Night,0.7124464745499619,0.4761287214084937,HIGH,0
504786,Free Bag,1.1885751959584556,Hotel Meal,0.5145115973162988,0.6740635986421568,HIGH,0
504859,Hotel Night,0.7124464745499619,Exclusive Discount,0.2582162469597303,0.4542302275902316,HIGH,0
504892,No Cancel Fee,0.0,Exclusive Discount,-0.6224086194906674,0.6224086194906674,MEDIUM,2
504916,No Cancel Fee,0.0,Exclusive Discount,-0.1247288492224758,0.1247288492224758,MEDIUM,2
504936,Free Bag,1.1885751959584556,Hotel Meal,0.9018064623994267,0.2867687335590289,HIGH,0
504945,Hotel Night,0.7124464745499619,Free Bag,0.645199682117139,0.06724679243282294,MEDIUM,0
505062,Hotel Night,0.7124464745499619,Hotel Meal,0.3119608345429392,0.4004856400070227,HIGH,0
505066,No Cancel Fee,0.0,Exclusive Discount,-0.1247288492224758,0.1247288492224758,MEDIUM,2
505172,Free Bag,1.1885751959584556,Hotel Night,0.7124464745499619,0.4761287214084937,HIGH,0
505230,Exclusive Discount,1.4238352948162922,Free Bag,1.1885751959584556,0.2352600988578366,HIGH,0
505285,Hotel Meal,0.9685814391378974,Hotel Night,0.7124464745499619,0.2561349645879355,HIGH,0
505289,Exclusive Discount,1.281944720765374,Hotel Night,0.7124464745499619,0.5694982462154121,HIGH,0
505358,Exclusive Discount,0.9252012748092407,Hotel Night,0.7124464745499619,0.21275480025927884,HIGH,0
505414,Hotel Night,0.7124464745499619,Exclusive Discount,0.2175488171407687,0.4948976574091932,HIGH,0
505498,Free Bag,2.2753262236410894,Hotel Night,0.0257824539889438,2.2495437696521456,HIGH,0
505617,No Cancel Fee,0.0,Exclusive Discount,-0.1247288492224758,0.1247288492224758,MEDIUM,2
505667,Hotel Night,0.7124464745499619,Exclusive Discount,0.2263385371332263,0.48610793741673564,HIGH,0
505680,Hotel Meal,0.8528381461245484,Hotel Night,0.3004480622133511,0.5523900839111974,HIGH,0
505713,Exclusive Discount,0.5629908718261871,Hotel Night,0.3004480622133511,0.26254280961283605,MEDIUM,0
505747,Free Bag,3.3620772513237225,Exclusive Discount,1.2147813487108854,2.147295902612837,HIGH,0
505771,Hotel Night,0.7124464745499619,Free Bag,0.4640745108367,0.24837196371326192,HIGH,0
505854,Hotel Meal,2.0214002390477788,Free Bag,1.1885751959584556,0.8328250430893231,HIGH,0
505916,Hotel Meal,1.5472979042046395,Hotel Night,0.7124464745499619,0.8348514296546776,HIGH,0
505933,Hotel Night,0.7124464745499619,Exclusive Discount,0.0744616863691761,0.6379847881807859,HIGH,0
505941,Exclusive Discount,0.8447990028243516,Hotel Meal,0.6502873833511884,0.1945116194731632,MEDIUM,0
506013,Free Bag,1.1885751959584556,Hotel Night,0.7124464745499619,0.4761287214084937,HIGH,0
506130,Hotel Night,0.7124464745499619,Hotel Meal,0.3720583136075622,0.3403881609423997,HIGH,0
506186,Hotel Night,0.7124464745499619,No Cancel Fee,0.0,0.7124464745499619,HIGH,0
506234,Free Bag,1.1885751959584556,Hotel Meal,0.5946415694024634,0.5939336265559922,HIGH,0
506250,Exclusive Discount,0.981906832552936,Hotel Night,0.7124464745499619,0.2694603580029741,HIGH,0
506427,Exclusive Discount,1.2248563730446844,Hotel Meal,0.8795481368199368,0.3453082362247476,HIGH,0
506611,Hotel Meal,2.090401048344199,Exclusive Discount,0.9607427443368856,1.1296583040073132,HIGH,0
506652,Exclusive Discount,0.4798954177981623,No Cancel Fee,0.0,0.4798954177981623,MEDIUM,2
506675,Hotel Meal,1.342521308873331,Free Bag,0.4640745108367,0.8784467980366311,HIGH,0
506704,Free Bag,1.1885751959584556,Hotel Night,0.0257824539889438,1.1627927419695119,HIGH,0
506777,No Cancel Fee,0.0,Exclusive Discount,-0.1247288492224758,0.1247288492224758,MEDIUM,2
506807,Hotel Night,0.0257824539889438,No Cancel Fee,0.0,0.0257824539889438,LOW,0
506828,Free Bag,1.1885751959584556,Hotel Night,0.7124464745499619,0.4761287214084937,HIGH,0
506837,Free Bag,1.1885751959584556,Hotel Night,0.7124464745499619,0.4761287214084937,HIGH,0
506858,Hotel Night,0.7124464745499619,Free Bag,0.1018241682758222,0.6106223062741397,HIGH,0
506990,No Cancel Fee,0.0,Exclusive Discount,-0.1247288492224758,0.1247288492224758,MEDIUM,2
507036,Exclusive Discount,1.3476368339117086,Free Bag,1.1885751959584556,0.159061637953253,MEDIUM,0
507133,Free Bag,1.1885751959584556,Hotel Night,0.7124464745499619,0.4761287214084937,HIGH,0
507273,Hotel Night,0.4181618943095248,Hotel Meal,0.2051208717613866,0.21304102254813817,MEDIUM,0
507376,Free Bag,1.1885751959584556,Hotel Meal,0.5278665926639933,0.6607086032944623,HIGH,0
507395,Free Bag,3.3620772513237225,Hotel Night,0.7124464745499619,2.6496307767737606,HIGH,0
507431,Hotel Meal,1.146648043773818,Free Bag,0.4640745108367,0.6825735329371181,HIGH,0
507435,Hotel Meal,0.7727081740383843,Hotel Night,0.7124464745499619,0.060261699488422416,MEDIUM,0
507505,Free Bag,1.1885751959584556,Hotel Night,0.7124464745499619,0.4761287214084937,HIGH,0
507531,Hotel Meal,2.164595466942499,Exclusive Discount,0.9354917783313376,1.2291036886111617,HIGH,1
507557,Exclusive Discount,1.81438368073615,Free Bag,1.1885751959584556,0.6258084847776944,HIGH,0
507573,Exclusive Discount,1.030734072027242,Hotel Night,0.7124464745499619,0.3182875974772801,HIGH,0
507617,Exclusive Discount,1.3290173851978568,Free Bag,1.1885751959584556,0.14044218923940122,MEDIUM,0
507728,Exclusive Discount,1.8812655896994737,Hotel Night,0.7124464745499619,1.1688191151495118,HIGH,0
507732,Hotel Meal,1.718241844655124,Exclusive Discount,1.0306864372447897,0.6875554074103343,HIGH,0
507753,Free Bag,1.1885751959584556,Hotel Night,0.7124464745499619,0.4761287214084937,HIGH,0
507759,Hotel Night,0.7124464745499619,Exclusive Discount,0.5485488379160034,0.1638976366339585,MEDIUM,0
507773,Hotel Meal,0.7393206856691489,Hotel Night,0.3004480622133511,0.4388726234557978,HIGH,0
507805,Hotel Meal,1.4867552586284265,Hotel Night,0.7124464745499619,0.7743087840784646,HIGH,0
508050,Free Bag,1.1885751959584556,Hotel Night,0.7124464745499619,0.4761287214084937,HIGH,0
508096,Hotel Meal,0.4432849554619307,Hotel Night,0.3004480622133511,0.14283689324857962,MEDIUM,0
508111,No Cancel Fee,0.0,Exclusive Discount,-0.1247288492224758,0.1247288492224758,MEDIUM,2
508144,Hotel Night,0.7124464745499619,Hotel Meal,0.3119608345429392,0.4004856400070227,HIGH,0
508153,Free Bag,1.1885751959584556,Hotel Night,0.7124464745499619,0.4761287214084937,HIGH,0
508240,Exclusive Discount,1.5834442832724542,Hotel Night,0.7124464745499619,0.8709978087224923,HIGH,0
508360,Exclusive Discount,0.9147313114451971,Hotel Night,0.7124464745499619,0.20228483689523524,HIGH,0
508367,Hotel Night,0.4181618943095248,Exclusive Discount,0.2213472364527584,0.19681465785676638,MEDIUM,0
508497,Hotel Meal,0.6272871135857153,Exclusive Discount,0.5769367812511255,0.05035033233458985,MEDIUM,0
508512,Hotel Meal,1.3336179786415343,No Cancel Fee,0.0,1.3336179786415343,HIGH,1
508546,Exclusive Discount,0.6843094705356875,Free Bag,0.4640745108367,0.2202349596989875,MEDIUM,0
508611,No Cancel Fee,0.0,Exclusive Discount,-0.1247288492224758,0.1247288492224758,MEDIUM,2
508625,Hotel Meal,1.5953758874563384,Free Bag,1.1885751959584556,0.4068006914978828,HIGH,0
508693,Free Bag,1.1885751959584556,Exclusive Discount,1.115920702940134,0.07265449301832172,MEDIUM,0
508731,Free Bag,1.9130758810802115,Exclusive Discount,0.8656746331253592,1.0474012479548525,HIGH,0
508848,Free Bag,1.1885751959584556,Exclusive Discount,0.7815148772056156,0.40706031875284,HIGH,0
508849,Hotel Meal,0.6079965647501574,Exclusive Discount,0.0462894013005071,0.5617071634496503,MEDIUM,0
508856,Free Bag,1.1885751959584556,No Cancel Fee,0.0,1.1885751959584556,HIGH,0
508857,Hotel Meal,1.333617978641535,Hotel Night,0.7124464745499619,0.6211715040915731,HIGH,0
508860,Exclusive Discount,1.0655116715404196,Hotel Night,0.7124464745499619,0.3530651969904577,HIGH,0
508866,Exclusive Discount,0.9105906002802988,Hotel Night,0.7124464745499619,0.1981441257303369,MEDIUM,0
508877,Hotel Meal,0.8261281554291608,Hotel Night,0.4835584676962888,0.34256968773287205,HIGH,0
508892,Hotel Night,0.7124464745499619,Free Bag,0.4640745108367,0.24837196371326192,HIGH,0
508901,Hotel Night,0.7124464745499619,Exclusive Discount,0.3349931827999352,0.37745329175002673,HIGH,0
508912,Exclusive Discount,1.2128015842452078,Free Bag,1.1885751959584556,0.024226388286752165,MEDIUM,0
508917,Free Bag,1.1885751959584556,Hotel Meal,0.7526756810168433,0.4358995149416123,HIGH,0
508923,Hotel Meal,0.5011566019686048,No Cancel Fee,0.0,0.5011566019686048,MEDIUM,0
508938,Exclusive Discount,1.0863459275857403,Hotel Night,0.7124464745499619,0.37389945303577843,HIGH,0
508940,Hotel Meal,0.7756759507823163,Hotel Night,0.7124464745499619,0.06322947623235442,MEDIUM,0
508944,Free Bag,1.1885751959584556,Hotel Night,0.7124464745499619,0.4761287214084937,HIGH,0
508946,Hotel Meal,1.0398080809922654,Exclusive Discount,0.7116777962951494,0.328130284697116,HIGH,0
508964,No Cancel Fee,0.0,Exclusive Discount,-0.1247288492224758,0.1247288492224758,MEDIUM,2
508973,Free Bag,3.3620772513237225,Exclusive Discount,1.024716633553422,2.3373606177703006,HIGH,0
509001,No Cancel Fee,0.0,Exclusive Discount,-0.1247288492224758,0.1247288492224758,MEDIUM,2
509036,Free Bag,1.1885751959584556,Hotel Night,0.0257824539889438,1.1627927419695119,HIGH,0
509052,Hotel Night,0.7124464745499619,No Cancel Fee,0.0,0.7124464745499619,HIGH,0
509061,Hotel Night,0.0257824539889438,No Cancel Fee,0.0,0.0257824539889438,LOW,0
509069,Free Bag,1.1885751959584556,Hotel Meal,1.0064205926230303,0.18215460333542532,MEDIUM,0
509098,Free Bag,1.1885751959584556,Hotel Night,0.7124464745499619,0.4761287214084937,HIGH,0
509115,Hotel Meal,3.1975301626680364,No Cancel Fee,0.0,3.1975301626680364,HIGH,0
509119,Hotel Meal,0.6792232066045258,No Cancel Fee,0.0,0.6792232066045258,MEDIUM,0
509157,Hotel Night,0.7124464745499619,Exclusive Discount,0.3355398810323158,0.3769065935176461,HIGH,0
509160,Free Bag,1.1885751959584556,Hotel Night,0.7124464745499619,0.4761287214084937,HIGH,0
509162,Hotel Meal,2.114885206481637,Exclusive Discount,1.080524247401301,1.0343609590803358,HIGH,1
509202,Free Bag,1.1885751959584556,Exclusive Discount,1.0519849119619709,0.13659028399648476,MEDIUM,0
509221,Free Bag,1.1885751959584556,Exclusive Discount,0.9666349921078962,0.22194020385055946,HIGH,0
509242,Hotel Night,0.7124464745499619,Exclusive Discount,0.2345851332324917,0.4778613413174702,HIGH,0
509272,Hotel Meal,1.7943653181369796,Exclusive Discount,1.2932385353705762,0.5011267827664034,HIGH,1
509278,No Cancel Fee,0.0,Exclusive Discount,-0.1247288492224758,0.1247288492224758,MEDIUM,2
509282,Free Bag,1.1885751959584556,Hotel Night,0.7124464745499619,0.4761287214084937,HIGH,0
509302,Exclusive Discount,1.2390915055262846,Hotel Night,0.7124464745499619,0.5266450309763226,HIGH,0
509316,Exclusive Discount,1.040938766667779,Free Bag,0.4640745108367,0.576864255831079,HIGH,0
509324,Free Bag,1.1885751959584556,Hotel Night,0.0257824539889438,1.1627927419695119,HIGH,0
509341,Hotel Night,0.0257824539889438,No Cancel Fee,0.0,0.0257824539889438,LOW,0
509346,Exclusive Discount,1.014819049455015,Hotel Meal,0.2117983694352339,0.8030206800197812,HIGH,0
509353,No Cancel Fee,0.0,Exclusive Discount,-0.1247288492224758,0.1247288492224758,MEDIUM,2
509354,Exclusive Discount,1.123950571684219,Hotel Meal,0.5723832438229733,0.5515673278612457,HIGH,0
509359,Hotel Meal,0.9596781089061014,Hotel Night,0.7124464745499619,0.24723163435613948,HIGH,0
509402,No Cancel Fee,0.0,Exclusive Discount,-0.1247288492224758,0.1247288492224758,MEDIUM,2
509411,Hotel Night,0.0257824539889438,No Cancel Fee,0.0,0.0257824539889438,LOW,0
509413,Free Bag,1.1885751959584556,Hotel Night,0.7124464745499619,0.4761287214084937,HIGH,0
509414,No Cancel Fee,0.0,Exclusive Discount,-0.1247288492224758,0.1247288492224758,MEDIUM,2
509419,Free Bag,1.1885751959584556,Hotel Night,0.7124464745499619,0.4761287214084937,HIGH,0
509421,Hotel Meal,0.6591907135829844,Hotel Night,0.0257824539889438,0.6334082595940407,MEDIUM,0
509435,Hotel Night,0.7124464745499619,Free Bag,0.1018241682758222,0.6106223062741397,HIGH,0
509445,Hotel Night,0.3004480622133511,Hotel Meal,0.26521835082601,0.0352297113873411,LOW,0
509453,Hotel Meal,0.7816115042701803,Exclusive Discount,0.5585332628524533,0.22307824141772703,HIGH,0
509454,Free Bag,1.1885751959584556,Hotel Night,0.7124464745499619,0.4761287214084937,HIGH,0
509467,Free Bag,3.3620772513237225,Hotel Night,0.7124464745499619,2.6496307767737606,HIGH,0
509498,No Cancel Fee,0.0,Exclusive Discount,-0.1247288492224758,0.1247288492224758,MEDIUM,2
509515,Free Bag,1.1885751959584556,Hotel Meal,0.6272871135857153,0.5612880823727403,HIGH,0
509516,Exclusive Discount,0.7346697880810259,Hotel Meal,0.2073467043193357,0.5273230837616902,HIGH,0
509530,Hotel Meal,1.2089713553963906,Free Bag,0.4640745108367,0.7448968445596906,HIGH,0
509598,Hotel Night,0.7124464745499619,Free Bag,0.4640745108367,0.24837196371326192,HIGH,0
509626,Exclusive Discount,0.7523564781203885,Hotel Night,0.7124464745499619,0.03991000357042662,MEDIUM,0
509635,Hotel Night,0.7124464745499619,Exclusive Discount,0.1551478714218347,0.5572986031281272,HIGH,0
509638,Exclusive Discount,0.7089417888432382,No Cancel Fee,0.0,0.7089417888432382,HIGH,2
509645,Hotel Meal,0.8973547972835293,Exclusive Discount,0.8174837837470917,0.07987101353643755,MEDIUM,0
509681,Hotel Meal,1.2623913367871664,Hotel Night,0.3004480622133511,0.9619432745738153,HIGH,0
509712,Free Bag,1.1885751959584556,Hotel Night,0.7124464745499619,0.4761287214084937,HIGH,0
509713,Hotel Night,0.7124464745499619,Free Bag,0.1018241682758222,0.6106223062741397,HIGH,0
509717,Hotel Meal,0.7459981833429963,Hotel Night,0.7124464745499619,0.033551708793034374,MEDIUM,0
509749,Hotel Meal,2.4819274412572736,Exclusive Discount,0.6449614701738733,1.8369659710834003,HIGH,0
509763,Hotel Meal,1.2975594912027608,Hotel Night,0.5251744689424108,0.77238502226035,HIGH,0
509765,Hotel Night,0.7124464745499619,Hotel Meal,0.4907693833648428,0.22167709118511908,HIGH,0
509781,Hotel Meal,1.7943653181369796,Exclusive Discount,0.3843683958654812,1.4099969222714983,HIGH,1
509822,Hotel Night,0.7124464745499619,Exclusive Discount,0.2183072671768565,0.4941392073731054,HIGH,0
509826,Exclusive Discount,1.5350045126629508,Hotel Night,0.7124464745499619,0.8225580381129889,HIGH,0
509841,Hotel Night,0.7124464745499619,No Cancel Fee,0.0,0.7124464745499619,HIGH,0
509855,No Cancel Fee,0.0,Exclusive Discount,-0.1247288492224758,0.1247288492224758,MEDIUM,2
509876,No Cancel Fee,0.0,Exclusive Discount,-0.1247288492224758,0.1247288492224758,MEDIUM,2
509892,Hotel Meal,1.6541378669861917,Exclusive Discount,0.9741671034166612,0.6799707635695305,HIGH,1
509903,Hotel Meal,1.340295476315382,Free Bag,0.7538747848854024,0.5864206914299797,HIGH,0
509919,Hotel Meal,0.8283539879871094,Hotel Night,0.3004480622133511,0.5279059257737583,HIGH,0
509924,No Cancel Fee,0.0,Exclusive Discount,-0.1247288492224758,0.1247288492224758,MEDIUM,2
509933,Hotel Night,0.7124464745499619,Exclusive Discount,0.3328640276385813,0.3795824469113806,HIGH,0
509969,Exclusive Discount,1.4672774982545322,Hotel Meal,1.3710119656150788,0.09626553263945348,MEDIUM,1
509990,Hotel Night,0.7124464745499619,Exclusive Discount,0.6974787601218373,0.014967714428124612,MEDIUM,0
510003,No Cancel Fee,0.0,Exclusive Discount,-0.1247288492224758,0.1247288492224758,MEDIUM,2
510022,Free Bag,0.4640745108367,Hotel Meal,0.4455107880198797,0.018563722816820283,LOW,0
510044,Hotel Night,0.7124464745499619,Free Bag,0.1018241682758222,0.6106223062741397,HIGH,0
510048,Free Bag,2.2753262236410894,Hotel Night,0.7124464745499619,1.5628797490911275,HIGH,0
510061,Hotel Meal,0.7905148345019763,Hotel Night,0.4835584676962888,0.30695636680568755,HIGH,0
510067,Hotel Meal,0.8914192437956648,Hotel Night,0.4181618943095248,0.47325734948614007,HIGH,0
510070,Hotel Meal,1.0843247321512457,Exclusive Discount,0.1416579403948855,0.9426667917563603,HIGH,0
510078,Hotel Night,0.7124464745499619,Exclusive Discount,0.4650828461733277,0.24736362837663423,HIGH,0
510079,Hotel Night,0.7124464745499619,Exclusive Discount,0.4537589320489993,0.2586875425009626,HIGH,0
510081,Hotel Meal,1.602943718153365,No Cancel Fee,0.0,1.602943718153365,HIGH,0
510090,Free Bag,1.1885751959584556,Hotel Night,0.7124464745499619,0.4761287214084937,HIGH,0
510093,Hotel Meal,0.8461606484507014,Hotel Night,0.4181618943095248,0.4279987541411766,HIGH,0
510094,Free Bag,3.3620772513237225,Exclusive Discount,1.9727615074504523,1.3893157438732702,HIGH,0
510104,Hotel Night,0.3004480622133511,Exclusive Discount,0.0257676626892318,0.27468039952411927,MEDIUM,0
510108,Free Bag,1.1885751959584556,Hotel Night,0.7124464745499619,0.4761287214084937,HIGH,0
510112,No Cancel Fee,0.0,Exclusive Discount,-0.1247288492224758,0.1247288492224758,MEDIUM,2
510114,Hotel Meal,1.7142353460508155,Hotel Night,0.5251744689424108,1.1890608771084046,HIGH,0
510134,Exclusive Discount,1.7758177686740355,Hotel Meal,1.654137866986192,0.1216799016878436,MEDIUM,0
510155,Hotel Night,0.7124464745499619,Exclusive Discount,0.1953763194282073,0.5170701551217546,HIGH,0
510156,Hotel Meal,1.654137866986192,Hotel Night,0.4181618943095248,1.235975972676667,HIGH,0
510163,Hotel Meal,1.2267780158599824,Free Bag,1.1885751959584556,0.03820281990152674,MEDIUM,0
510164,Hotel Night,0.7124464745499619,Hotel Meal,0.1717333833921516,0.5407130911578103,HIGH,0
510170,Free Bag,1.1885751959584556,Hotel Night,0.7124464745499619,0.4761287214084937,HIGH,0
510172,Hotel Night,0.7124464745499619,Hotel Meal,0.3653808159337152,0.3470656586162467,HIGH,0
510179,Hotel Meal,1.200068025164594,Hotel Night,0.3004480622133511,0.899619962951243,HIGH,0
510185,Hotel Night,0.7124464745499619,Hotel Meal,0.6747715414886274,0.037674933061334515,MEDIUM,0
510188,Hotel Meal,0.6658682112568309,Free Bag,0.4640745108367,0.20179370042013095,MEDIUM,0
510195,Free Bag,1.1885751959584556,Hotel Meal,1.155551374005614,0.03302382195284159,MEDIUM,0
510198,Hotel Night,0.7124464745499619,Free Bag,0.4640745108367,0.24837196371326192,HIGH,0
510213,Hotel Meal,1.3069079879461465,Exclusive Discount,0.9788222104165551,0.32808577752959134,HIGH,0
510215,Hotel Meal,1.716461178608765,Exclusive Discount,1.352108704158019,0.3643524744507458,HIGH,0
510219,Hotel Night,0.3004480622133511,Exclusive Discount,0.2042353059755215,0.09621275623782957,LOW,0
510227,Hotel Night,0.7124464745499619,Exclusive Discount,0.5357116021889081,0.17673487236105379,MEDIUM,0
510238,Hotel Night,0.7124464745499619,No Cancel Fee,0.0,0.7124464745499619,HIGH,0
510239,Hotel Meal,0.7415465182270983,Hotel Night,0.0257824539889438,0.7157640642381544,HIGH,0
510243,Exclusive Discount,1.1248935469732937,Free Bag,0.4640745108367,0.6608190361365938,HIGH,0
510257,No Cancel Fee,0.0,Free Bag,-0.9849268594068112,0.9849268594068112,MEDIUM,2
510270,No Cancel Fee,0.0,Exclusive Discount,-0.1247288492224758,0.1247288492224758,MEDIUM,2
510315,Free Bag,2.2753262236410894,Exclusive Discount,1.0546573846742906,1.2206688389667988,HIGH,0
510326,Hotel Meal,1.8945277832446856,Free Bag,1.6232756070315089,0.27125217621317677,HIGH,0
510328,Hotel Meal,0.8795481368199368,Exclusive Discount,0.6709185210323224,0.2086296157876144,HIGH,0
510343,Hotel Meal,0.7905148345019763,Exclusive Discount,0.7187982048322245,0.0717166296697519,MEDIUM,0
510356,Hotel Night,0.7124464745499619,Exclusive Discount,0.7111731002708168,0.0012733742791450897,MEDIUM,0
510365,Hotel Night,0.7124464745499619,Hotel Meal,0.4788982763891143,0.2335481981608476,HIGH,0
510369,Hotel Night,0.7124464745499619,Hotel Meal,0.4900274391788602,0.2224190353711017,HIGH,0
510379,Exclusive Discount,1.2545632102852529,Hotel Meal,1.153325541447665,0.10123766883758778,MEDIUM,1
510393,Hotel Night,0.7124464745499619,Exclusive Discount,0.4206063368358616,0.2918401377141003,HIGH,0
510418,No Cancel Fee,0.0,Exclusive Discount,-0.1247288492224758,0.1247288492224758,MEDIUM,2
510423,Exclusive Discount,1.3845180566940756,Free Bag,1.1885751959584556,0.19594286073561995,MEDIUM,0
510449,Exclusive Discount,1.2207443298137273,Free Bag,0.645199682117139,0.5755446476965883,HIGH,0
510452,Hotel Meal,0.8795481368199368,Hotel Night,0.7124464745499619,0.16710166226997492,MEDIUM,0
510459,Exclusive Discount,0.8222033898606691,Hotel Night,0.7124464745499619,0.10975691531070719,MEDIUM,0
510490,Hotel Meal,1.2601655042292177,Exclusive Discount,0.7421151529047199,0.5180503513244978,HIGH,1
510494,Hotel Night,0.7124464745499619,Hotel Meal,0.6658682112568318,0.046578263293130084,MEDIUM,0
510511,Hotel Meal,0.4744466112732168,Hotel Night,0.0257824539889438,0.448664157284273,MEDIUM,0
510533,Free Bag,1.1885751959584556,Hotel Night,0.7124464745499619,0.4761287214084937,HIGH,0
510537,Hotel Meal,1.10509916935877,Free Bag,0.4640745108367,0.64102465852207,HIGH,0
510543,No Cancel Fee,0.0,Exclusive Discount,-0.1247288492224758,0.1247288492224758,MEDIUM,2
510545,Hotel Meal,1.36700546701077,No Cancel Fee,0.0,1.36700546701077,HIGH,1
510558,Free Bag,1.1885751959584556,Hotel Night,0.7124464745499619,0.4761287214084937,HIGH,0
510570,Hotel Meal,1.0420339135502144,Hotel Night,0.3004480622133511,0.7415858513368633,HIGH,0
510571,Hotel Meal,2.384210945993467,Exclusive Discount,0.7034398278193963,1.6807711181740708,HIGH,1
510575,No Cancel Fee,0.0,Exclusive Discount,-0.1247288492224758,0.1247288492224758,MEDIUM,2
510580,Free Bag,1.1885751959584556,Hotel Meal,0.6859007042783728,0.5026744916800828,HIGH,0
510582,Exclusive Discount,1.1580034007378863,Hotel Meal,0.6881265368363219,0.46987686390156447,HIGH,0
510586,Hotel Meal,1.2801979972507584,Exclusive Discount,1.0854635114387887,0.19473448581196973,MEDIUM,0
510610,Hotel Night,0.7124464745499619,No Cancel Fee,0.0,0.7124464745499619,HIGH,0
510618,Hotel Meal,0.6859007042783728,Exclusive Discount,0.4760902919398609,0.2098104123385119,MEDIUM,0
510676,Exclusive Discount,0.7454172883443644,Hotel Night,0.7124464745499619,0.032970813794402476,MEDIUM,0
510686,Hotel Night,0.7124464745499619,No Cancel Fee,0.0,0.7124464745499619,HIGH,0
510694,Hotel Night,0.7124464745499619,Hotel Meal,0.5323182577798908,0.18012821677007107,MEDIUM,0
510700,Exclusive Discount,1.2511903819892711,Hotel Night,0.7124464745499619,0.5387439074393092,HIGH,0
510707,Free Bag,1.1885751959584556,Exclusive Discount,1.156523096061943,0.03205209989651259,MEDIUM,2
510719,No Cancel Fee,0.0,Exclusive Discount,-0.1247288492224758,0.1247288492224758,MEDIUM,2
510733,Free Bag,1.1885751959584556,Exclusive Discount,0.1861268979134305,1.002448298045025,HIGH,0
510754,Hotel Meal,1.0130980902968774,Hotel Night,0.7124464745499619,0.30065161574691546,HIGH,0
510779,Hotel Meal,0.7994181647337724,Hotel Night,0.3004480622133511,0.4989701025204213,HIGH,0
510805,Free Bag,3.3620772513237225,Exclusive Discount,0.6713269647000504,2.690750286623672,HIGH,0
510815,Hotel Meal,0.8112892717095004,Hotel Night,0.7124464745499619,0.09884279715953848,MEDIUM,0
510822,Hotel Night,0.3004480622133511,No Cancel Fee,0.0,0.3004480622133511,MEDIUM,0
510828,No Cancel Fee,0.0,Exclusive Discount,-0.1247288492224758,0.1247288492224758,MEDIUM,2
510836,Hotel Meal,1.2334555135338294,Exclusive Discount,0.8885694139995924,0.344886099534237,HIGH,0
510841,Hotel Meal,2.333016797160641,Hotel Night,0.7124464745499619,1.620570322610679,HIGH,0
510890,Free Bag,1.1885751959584556,Exclusive Discount,0.5641505789325953,0.6244246170258603,HIGH,0
510899,Hotel Night,0.7124464745499619,Exclusive Discount,0.2530384967379319,0.45940797781203,HIGH,0
510944,Hotel Meal,0.3186383322167858,Exclusive Discount,0.1990718144448162,0.11956651777196958,MEDIUM,0
510946,Free Bag,1.1885751959584556,Hotel Night,0.7124464745499619,0.4761287214084937,HIGH,0
510953,No Cancel Fee,0.0,Exclusive Discount,-0.537949607831235,0.537949607831235,MEDIUM,2
510960,Exclusive Discount,1.612345299402121,Free Bag,0.1018241682758222,1.5105211311262987,HIGH,0
510961,Hotel Meal,1.2000680251645943,Free Bag,0.4640745108367,0.7359935143278944,HIGH,0
510972,Hotel Night,0.7124464745499619,Free Bag,0.1018241682758222,0.6106223062741397,HIGH,0
511017,Free Bag,1.1885751959584556,Hotel Night,0.7124464745499619,0.4761287214084937,HIGH,0
511055,Free Bag,1.1885751959584556,Hotel Night,0.7124464745499619,0.4761287214084937,HIGH,0
511066,Exclusive Discount,0.813785162968496,Hotel Night,0.7124464745499619,0.1013386884185341,MEDIUM,0
511093,Exclusive Discount,0.9738678183901366,Hotel Meal,0.6859007042783728,0.2879671141117638,HIGH,0
511122,Exclusive Discount,1.1735004080515017,Hotel Night,0.7124464745499619,0.4610539335015398,HIGH,0
511125,Free Bag,1.1885751959584556,Hotel Night,0.7124464745499619,0.4761287214084937,HIGH,0
511126,Hotel Meal,1.6096212158272116,Free Bag,1.1885751959584556,0.421046019868756,HIGH,0
511140,Exclusive Discount,1.9847212547798163,No Cancel Fee,0.0,1.9847212547798163,HIGH,2
511142,Free Bag,2.2753262236410894,Exclusive Discount,1.3421774890729596,0.9331487345681297,HIGH,0
511145,Exclusive Discount,1.943356235925596,Free Bag,1.1885751959584556,0.7547810399671404,HIGH,0
511148,Hotel Meal,1.0843247321512457,Hotel Night,0.3004480622133511,0.7838766699378946,HIGH,0
511160,Hotel Night,0.3004480622133511,Exclusive Discount,0.0699517594213152,0.23049630279203587,MEDIUM,0
511178,Hotel Meal,1.0130980902968774,Free Bag,0.4640745108367,0.5490235794601774,HIGH,0
511195,Free Bag,1.1885751959584556,Hotel Night,0.7124464745499619,0.4761287214084937,HIGH,0
511208,Free Bag,2.2753262236410894,Hotel Night,0.7124464745499619,1.5628797490911275,HIGH,0
511223,Free Bag,1.9130758810802115,Exclusive Discount,0.5246369735674146,1.388438907512797,HIGH,0
511238,No Cancel Fee,0.0,Exclusive Discount,-0.1247288492224758,0.1247288492224758,MEDIUM,2
511260,Free Bag,1.1885751959584556,Hotel Meal,0.8350314856609564,0.3535437102974992,HIGH,0
511298,Hotel Meal,1.2267780158599824,Free Bag,1.1885751959584556,0.03820281990152674,MEDIUM,0
511314,Hotel Meal,0.2607666857101119,Hotel Night,0.0257824539889438,0.2349842317211681,MEDIUM,0
511326,Hotel Night,0.7124464745499619,Free Bag,0.4640745108367,0.24837196371326192,HIGH,0
511328,Hotel Meal,0.7949664996178744,Exclusive Discount,0.6807993879027254,0.11416711171514893,MEDIUM,0
511331,Hotel Meal,1.3247146484097383,Hotel Night,0.4835584676962888,0.8411561807134496,HIGH,0
511364,Hotel Night,0.7124464745499619,Free Bag,0.4640745108367,0.24837196371326192,HIGH,0
511377,Hotel Meal,1.921237773940073,No Cancel Fee,0.0,1.921237773940073,HIGH,1
511379,Free Bag,1.1885751959584556,Exclusive Discount,0.7680935040222878,0.4204816919361678,HIGH,0
511397,Hotel Night,0.7124464745499619,Hotel Meal,0.6658682112568318,0.046578263293130084,MEDIUM,0
511398,Hotel Meal,1.4685034316532448,Hotel Night,0.7124464745499619,0.7560569571032829,HIGH,0
511399,Free Bag,0.1018241682758222,Hotel Night,0.0257824539889438,0.0760417142868784,LOW,0
511418,Free Bag,0.1018241682758222,Hotel Night,0.0257824539889438,0.0760417142868784,LOW,0
511424,Hotel Night,0.7124464745499619,Exclusive Discount,0.389638890992932,0.32280758355702993,HIGH,0
511433,Free Bag,1.1885751959584556,Hotel Meal,0.9997430949491836,0.18883210100927206,MEDIUM,0
511440,Hotel Night,0.7124464745499619,Exclusive Discount,0.3506806306641533,0.3617658438858086,HIGH,0
511455,Free Bag,0.4640745108367,No Cancel Fee,0.0,0.4640745108367,MEDIUM,0
511469,Free Bag,1.1885751959584556,Exclusive Discount,0.372139195470255,0.8164360004882006,HIGH,0
511489,Hotel Meal,2.241757662284731,Exclusive Discount,0.1184755359038839,2.123282126380847,HIGH,1
511502,Free Bag,1.1885751959584556,Hotel Night,0.7124464745499619,0.4761287214084937,HIGH,0
511504,Hotel Night,0.7124464745499619,Hotel Meal,0.2407341926885707,0.47171228186139125,HIGH,0
511535,Free Bag,0.4640745108367,Hotel Night,0.3004480622133511,0.1636264486233489,MEDIUM,0
511542,Hotel Night,0.7124464745499619,Free Bag,0.1018241682758222,0.6106223062741397,HIGH,0
511549,Exclusive Discount,1.358417388293817,Free Bag,0.1018241682758222,1.2565932200179948,HIGH,0
511552,No Cancel Fee,0.0,Exclusive Discount,-0.1247288492224758,0.1247288492224758,MEDIUM,2
511554,Hotel Night,0.7124464745499619,Free Bag,0.1018241682758222,0.6106223062741397,HIGH,0
511560,Hotel Night,0.7124464745499619,Hotel Meal,0.1405717275808652,0.5718747469690967,HIGH,0
511567,Hotel Meal,1.2178746856281863,Exclusive Discount,0.9304007541862678,0.2874739314419186,HIGH,0
511568,No Cancel Fee,0.0,Free Bag,-0.9849268594068112,0.9849268594068112,MEDIUM,0
511570,Hotel Meal,2.072594387880606,No Cancel Fee,0.0,2.072594387880606,HIGH,1
511577,Hotel Night,0.0257824539889438,No Cancel Fee,0.0,0.0257824539889438,LOW,0
511578,Hotel Meal,1.2000680251645943,Free Bag,1.1885751959584556,0.0114928292061387,MEDIUM,0
511587,Free Bag,2.2753262236410894,Hotel Night,0.7124464745499619,1.5628797490911275,HIGH,0
511589,No Cancel Fee,0.0,Exclusive Discount,-0.1247288492224758,0.1247288492224758,MEDIUM,2
511608,Hotel Meal,1.4738454297923225,Exclusive Discount,0.2103294329815252,1.2635159968107972,HIGH,1
511609,Free Bag,1.1885751959584556,Hotel Meal,0.6347065554455458,0.5538686405129098,HIGH,0
511613,Free Bag,1.9130758810802115,Hotel Night,0.7124464745499619,1.2006294065302496,HIGH,0
511638,Hotel Night,0.7124464745499619,Free Bag,0.1018241682758222,0.6106223062741397,HIGH,0
511665,No Cancel Fee,0.0,Exclusive Discount,-0.1247288492224758,0.1247288492224758,MEDIUM,2
511666,Free Bag,1.1885751959584556,Hotel Meal,0.970807271695846,0.2177679242626096,HIGH,0
511677,Hotel Night,0.7124464745499619,Hotel Meal,0.2011143731570785,0.5113321013928834,HIGH,0
511680,Hotel Night,0.7124464745499619,Exclusive Discount,0.5585704948219601,0.15387597972800182,MEDIUM,0
511697,Hotel Night,0.4181618943095248,Exclusive Discount,0.3289320563769841,0.08922983793254069,LOW,0
511712,Exclusive Discount,1.4902292250687792,Free Bag,0.1018241682758222,1.388405056792957,HIGH,0
511726,Exclusive Discount,0.9635946779891726,Hotel Night,0.7124464745499619,0.25114820343921074,HIGH,0
511739,Free Bag,1.1885751959584556,Hotel Night,0.7124464745499619,0.4761287214084937,HIGH,0
511757,No Cancel Fee,0.0,Exclusive Discount,-0.1247288492224758,0.1247288492224758,MEDIUM,2
511762,Hotel Meal,0.6747715414886278,Hotel Night,0.0257824539889438,0.648989087499684,MEDIUM,0
511764,Hotel Night,0.7124464745499619,No Cancel Fee,0.0,0.7124464745499619,HIGH,0
511772,Hotel Night,0.7124464745499619,Exclusive Discount,0.6666954070303235,0.04575106751963842,MEDIUM,0
511778,Free Bag,1.9130758810802115,Hotel Night,0.7124464745499619,1.2006294065302496,HIGH,0
511783,Exclusive Discount,1.3860589357428,Hotel Night,0.4181618943095248,0.9678970414332752,HIGH,0
511784,No Cancel Fee,0.0,Exclusive Discount,-0.1247288492224758,0.1247288492224758,MEDIUM,2
511800,Hotel Meal,2.024516404628908,Hotel Night,0.7124464745499619,1.312069930078946,HIGH,0
511803,Free Bag,1.1885751959584556,Hotel Meal,0.9774847693696934,0.2110904265887622,HIGH,0
511805,Hotel Meal,0.7756759507823163,Hotel Night,0.7124464745499619,0.06322947623235442,MEDIUM,0
511809,Hotel Meal,1.226778015859982,Exclusive Discount,0.5584073587494373,0.6683706571105447,HIGH,1
511811,Exclusive Discount,0.9783428554024178,Free Bag,0.1018241682758222,0.8765186871265956,HIGH,0
511821,No Cancel Fee,0.0,Exclusive Discount,-0.1247288492224758,0.1247288492224758,MEDIUM,2
511827,Hotel Meal,1.858914462317501,No Cancel Fee,0.0,1.858914462317501,HIGH,1
511851,Exclusive Discount,0.9174185064821674,Hotel Night,0.7124464745499619,0.20497203193220548,HIGH,0
511859,Free Bag,1.1885751959584556,Hotel Night,0.7124464745499619,0.4761287214084937,HIGH,0
511860,Hotel Meal,1.2534880065553704,Free Bag,0.4640745108367,0.7894134957186705,HIGH,0
511862,Free Bag,1.1885751959584556,Hotel Night,0.7124464745499619,0.4761287214084937,HIGH,0
511884,Hotel Meal,0.7549015135747923,Hotel Night,0.7124464745499619,0.04245503902483039,MEDIUM,0
511902,Hotel Night,0.7124464745499619,Hotel Meal,0.0693450857264969,0.643101388823465,HIGH,0
511916,Free Bag,1.1885751959584556,Hotel Night,0.0257824539889438,1.1627927419695119,HIGH,0
511923,Hotel Night,0.7124464745499619,Free Bag,0.1018241682758222,0.6106223062741397,HIGH,0
511936,Hotel Meal,1.333617978641535,Free Bag,0.1018241682758222,1.2317938103657127,HIGH,0
511943,Exclusive Discount,1.6993773719902403,Hotel Night,0.7124464745499619,0.9869308974402784,HIGH,0
511977,Free Bag,1.1885751959584556,Hotel Night,0.7124464745499619,0.4761287214084937,HIGH,0
511989,No Cancel Fee,0.0,Exclusive Discount,-0.1247288492224758,0.1247288492224758,MEDIUM,2
511996,Free Bag,1.1885751959584556,Exclusive Discount,0.966530083010594,0.22204511294786167,HIGH,0
511998,Hotel Night,0.7124464745499619,Exclusive Discount,0.6982657689472842,0.014180705602677701,MEDIUM,0
512009,Hotel Meal,0.2117983694352334,Free Bag,0.1018241682758222,0.10997420115941119,MEDIUM,0
512010,Hotel Meal,1.0487114112240614,Exclusive Discount,0.6253272992671658,0.4233841119568956,HIGH,0
512016,No Cancel Fee,0.0,Exclusive Discount,-0.1377065108028473,0.1377065108028473,MEDIUM,2
512024,Hotel Meal,1.965754425099054,Exclusive Discount,0.6937709965480654,1.2719834285509886,HIGH,1
512028,Hotel Night,0.7124464745499619,Exclusive Discount,0.5802787061816855,0.13216776836827637,MEDIUM,0
512060,Free Bag,1.1885751959584556,Hotel Meal,0.6747715414886278,0.5138036544698278,HIGH,0
512063,No Cancel Fee,0.0,Exclusive Discount,-0.1247288492224758,0.1247288492224758,MEDIUM,2
512069,Hotel Meal,0.9329681182107132,Hotel Night,0.7124464745499619,0.22052164366075133,HIGH,0
512078,Free Bag,1.1885751959584556,Hotel Night,0.7124464745499619,0.4761287214084937,HIGH,0
512099,Free Bag,1.7319507097997724,Hotel Night,0.4181618943095248,1.3137888154902475,HIGH,0
512103,Exclusive Discount,0.9725136917422724,Hotel Night,0.7124464745499619,0.2600672171923105,HIGH,0
512147,Hotel Meal,1.7520744995359487,Exclusive Discount,0.7324463216333911,1.0196281779025576,HIGH,1
512148,Hotel Meal,1.153325541447665,Exclusive Discount,1.0321800910446466,0.1211454504030185,MEDIUM,1
512163,Free Bag,1.1885751959584556,Hotel Meal,0.7415465182270983,0.44702867773135735,HIGH,0
512173,Free Bag,0.1018241682758222,Hotel Night,0.0257824539889438,0.0760417142868784,LOW,0
512190,No Cancel Fee,0.0,Exclusive Discount,-0.1247288492224758,0.1247288492224758,MEDIUM,2
512193,Exclusive Discount,0.9748516501786632,Hotel Night,0.7124464745499619,0.26240517562870125,HIGH,0
512197,Hotel Night,0.7124464745499619,Hotel Meal,0.2407341926885707,0.47171228186139125,HIGH,0
512201,Free Bag,0.645199682117139,Hotel Meal,0.4188007973244917,0.22639888479264725,MEDIUM,0
512204,Hotel Night,0.7124464745499619,Hotel Meal,0.3186383322167858,0.3938081423331761,HIGH,0
512243,Hotel Meal,0.8461606484507014,Hotel Night,0.3004480622133511,0.5457125862373503,HIGH,0
512249,No Cancel Fee,0.0,Exclusive Discount,-0.1247288492224758,0.1247288492224758,MEDIUM,2
512266,Hotel Night,0.7124464745499619,Exclusive Discount,0.6089311579860719,0.10351531656389001,MEDIUM,0
512271,Hotel Meal,0.8572898112404465,Free Bag,0.1018241682758222,0.7554656429646243,HIGH,0
512283,Hotel Meal,0.8943870205395968,Exclusive Discount,0.7637021749680822,0.1306848455715146,MEDIUM,0
512289,Free Bag,0.1018241682758222,Hotel Night,0.0257824539889438,0.0760417142868784,LOW,0
512294,Free Bag,1.9130758810802115,Hotel Meal,1.4938779228138637,0.41919795826634787,HIGH,0
512295,Hotel Meal,0.9863880996014894,Hotel Night,0.7124464745499619,0.2739416250515275,HIGH,0
512301,Free Bag,1.7319507097997724,Hotel Meal,0.5434474205696362,1.1885032892301362,HIGH,0
512302,Exclusive Discount,0.8845082399234717,Hotel Meal,0.0648934206105991,0.8196148193128726,HIGH,0
512303,Hotel Meal,1.0843247321512457,Hotel Night,0.0257824539889438,1.058542278162302,HIGH,0
512305,Hotel Meal,1.974657755330849,Exclusive Discount,0.2586735893381797,1.7159841659926693,HIGH,1
512322,Hotel Meal,0.8083214949655676,Exclusive Discount,0.4265494939332015,0.3817720010323661,HIGH,0
512329,Hotel Meal,1.7654294948836426,Exclusive Discount,1.016738355928883,0.7486911389547597,HIGH,0
512362,Hotel Night,0.7124464745499619,Exclusive Discount,0.7015431267489955,0.010903347800966356,MEDIUM,0
512377,Free Bag,1.1885751959584556,Exclusive Discount,1.056630363752899,0.13194483220555653,MEDIUM,0
512392,Exclusive Discount,0.8110252367116636,Hotel Night,0.7124464745499619,0.0985787621617017,MEDIUM,0
512402,Hotel Night,0.7124464745499619,No Cancel Fee,0.0,0.7124464745499619,HIGH,0
512416,Hotel Meal,1.6875253553554272,No Cancel Fee,0.0,1.6875253553554272,HIGH,1
512418,No Cancel Fee,0.0,Exclusive Discount,-0.1247288492224758,0.1247288492224758,MEDIUM,2
512419,Free Bag,1.1885751959584556,Hotel Night,0.7124464745499619,0.4761287214084937,HIGH,0
512440,Hotel Night,0.7124464745499619,Free Bag,0.4640745108367,0.24837196371326192,HIGH,0
512443,Exclusive Discount,0.768924976629022,Hotel Night,0.7124464745499619,0.05647850207906013,MEDIUM,0
512447,Hotel Meal,2.1883376808939543,Exclusive Discount,1.4672774982545322,0.7210601826394221,HIGH,1
512463,Free Bag,0.4640745108367,Hotel Night,0.3004480622133511,0.1636264486233489,MEDIUM,0
512495,Hotel Meal,2.602342536672471,Exclusive Discount,0.858342432168956,1.744000104503515,HIGH,0
512529,No Cancel Fee,0.0,Exclusive Discount,-0.1247288492224758,0.1247288492224758,MEDIUM,2
512536,Hotel Night,0.7124464745499619,Exclusive Discount,0.4598142334788478,0.2526322410711141,HIGH,0
512552,Hotel Night,0.7124464745499619,Exclusive Discount,0.418146328698834,0.2943001458511279,HIGH,0
512556,Hotel Meal,1.093228062383042,Free Bag,0.4640745108367,0.629153551546342,HIGH,0
512558,Hotel Night,0.7124464745499619,Exclusive Discount,0.0779324339041585,0.6345140406458034,HIGH,0
512587,Free Bag,1.1885751959584556,Hotel Night,0.7124464745499619,0.4761287214084937,HIGH,0
512589,Exclusive Discount,1.3134079638715812,Hotel Meal,0.7727081740383843,0.5406997898331969,HIGH,0
512596,Hotel Meal,1.0598405740138068,Hotel Night,0.1974484591291983,0.8623921148846085,HIGH,0
512598,Free Bag,0.4640745108367,Hotel Night,0.3004480622133511,0.1636264486233489,MEDIUM,0
512610,Free Bag,0.3191743738123488,No Cancel Fee,0.0,0.3191743738123488,MEDIUM,0
512623,No Cancel Fee,0.0,Exclusive Discount,-0.1247288492224758,0.1247288492224758,MEDIUM,2
512628,Hotel Meal,1.11993805307843,Free Bag,0.4640745108367,0.65586354224173,HIGH,0
512631,Exclusive Discount,0.9479678225309812,Hotel Night,0.7124464745499619,0.2355213479810193,HIGH,0
512655,Exclusive Discount,1.5301789956577092,Hotel Night,0.3004480622133511,1.2297309334443582,HIGH,0
512671,Hotel Meal,1.340295476315382,Hotel Night,0.7124464745499619,0.6278490017654201,HIGH,0
512677,Exclusive Discount,0.6896095694642732,No Cancel Fee,0.0,0.6896095694642732,MEDIUM,2
512680,Hotel Night,0.7124464745499619,No Cancel Fee,0.0,0.7124464745499619,HIGH,0
512691,Hotel Night,0.7124464745499619,No Cancel Fee,0.0,0.7124464745499619,HIGH,0
512693,Exclusive Discount,1.734801294631232,Hotel Night,0.7124464745499619,1.02235482008127,HIGH,0
512695,Exclusive Discount,0.7497539653212092,Hotel Meal,0.2585408531521629,0.4912131121690463,HIGH,0
512704,No Cancel Fee,0.0,Exclusive Discount,-0.7168645202586141,0.7168645202586141,MEDIUM,2
512706,Hotel Meal,0.80476016287285,Hotel Night,0.3004480622133511,0.5043121006594989,HIGH,0
512780,Hotel Meal,0.5857382391706674,Hotel Night,0.3004480622133511,0.2852901769573163,MEDIUM,0
512786,Hotel Meal,1.1466480437738185,Hotel Night,0.7124464745499619,0.43420156922385655,HIGH,0
512787,Hotel Night,0.7124464745499619,Hotel Meal,0.4967049368527064,0.21574153769725551,HIGH,0
512791,Free Bag,1.1885751959584556,Hotel Night,0.7124464745499619,0.4761287214084937,HIGH,0
512801,Hotel Meal,1.907882778592379,Hotel Night,0.5539855467281884,1.3538972318641906,HIGH,0
512826,Free Bag,2.2753262236410894,Exclusive Discount,1.741592412028815,0.5337338116122743,HIGH,0
512831,Free Bag,1.1885751959584556,Hotel Meal,0.3052833368690922,0.8832918590893635,HIGH,0
512835,Hotel Meal,0.8973547972835293,Hotel Night,0.7124464745499619,0.1849083227335674,MEDIUM,0
512846,Hotel Night,0.4181618943095248,Hotel Meal,0.2051208717613866,0.21304102254813817,MEDIUM,0
512848,Exclusive Discount,1.0374500268485134,Hotel Meal,0.5790607414968203,0.4583892853516931,HIGH,0
512880,Exclusive Discount,1.0433747749992193,Free Bag,0.1018241682758222,0.9415506067233971,HIGH,0
512887,Free Bag,1.1885751959584556,Hotel Night,0.7124464745499619,0.4761287214084937,HIGH,0
512888,Hotel Night,0.7124464745499619,Free Bag,0.1018241682758222,0.6106223062741397,HIGH,0
512900,Hotel Meal,0.4076716345347463,Exclusive Discount,0.3459359234894126,0.06173571104533371,LOW,0
512904,Free Bag,1.7319507097997724,Hotel Meal,1.173358034469206,0.5585926753305663,HIGH,0
512922,Free Bag,1.1885751959584556,Hotel Night,0.0257824539889438,1.1627927419695119,HIGH,0
512943,Free Bag,0.1018241682758222,Hotel Night,0.0257824539889438,0.0760417142868784,LOW,0
512945,Hotel Meal,0.8528381461245489,No Cancel Fee,0.0,0.8528381461245489,HIGH,0
512976,Free Bag,1.1885751959584556,Hotel Night,0.7124464745499619,0.4761287214084937,HIGH,0
512984,Hotel Meal,0.5790607414968203,Hotel Night,0.3004480622133511,0.2786126792834692,MEDIUM,0
512999,Free Bag,1.1885751959584556,Hotel Night,0.7124464745499619,0.4761287214084937,HIGH,0
513004,Hotel Meal,0.5256407601060442,Hotel Night,0.4181618943095248,0.10747886579651944,MEDIUM,0
513005,Exclusive Discount,1.4476886556017634,Free Bag,1.1885751959584556,0.2591134596433078,HIGH,0
513006,Free Bag,1.1885751959584556,Hotel Night,0.7124464745499619,0.4761287214084937,HIGH,0
513026,Hotel Night,0.7124464745499619,Hotel Meal,0.5612540810332283,0.15119239351673364,MEDIUM,0
513030,Exclusive Discount,0.8416847519434774,Hotel Night,0.7124464745499619,0.12923827739351545,MEDIUM,0
513031,Free Bag,1.1885751959584556,Hotel Night,0.0257824539889438,1.1627927419695119,HIGH,0
513058,No Cancel Fee,0.0,Exclusive Discount,-0.1987683897619061,0.1987683897619061,MEDIUM,0
513089,Hotel Meal,1.8166236437164704,Exclusive Discount,1.331438136951877,0.4851855067645934,HIGH,0
513090,Free Bag,3.3620772513237225,Hotel Night,0.7124464745499619,2.6496307767737606,HIGH,0
513091,No Cancel Fee,0.0,Exclusive Discount,-0.1247288492224758,0.1247288492224758,MEDIUM,2
513093,Hotel Meal,0.8350314856609564,Hotel Night,0.3004480622133511,0.5345834234476053,HIGH,0
513096,Free Bag,1.1885751959584556,Hotel Night,0.7124464745499619,0.4761287214084937,HIGH,0
513103,Hotel Night,0.7124464745499619,Exclusive Discount,0.7033724068994796,0.009074067650482354,MEDIUM,0
513126,Hotel Meal,1.4404579414230876,Hotel Night,0.7124464745499619,0.7280114668731257,HIGH,0
513164,Exclusive Discount,1.4453324000670933,Hotel Night,0.0257824539889438,1.4195499460781495,HIGH,0
513206,No Cancel Fee,0.0,Exclusive Discount,-0.1247288492224758,0.1247288492224758,MEDIUM,2
513216,Exclusive Discount,0.7488435135566681,Hotel Night,0.4181618943095248,0.33068161924714334,HIGH,0
513220,Hotel Meal,0.7905148345019763,Hotel Night,0.7124464745499619,0.07806835995201444,MEDIUM,0
513221,No Cancel Fee,0.0,Exclusive Discount,-0.1247288492224758,0.1247288492224758,MEDIUM,2
513227,Hotel Night,0.7124464745499619,No Cancel Fee,0.0,0.7124464745499619,HIGH,0
513233,Free Bag,1.1885751959584556,Hotel Night,0.7124464745499619,0.4761287214084937,HIGH,0
513236,Hotel Meal,3.1973817738308394,Exclusive Discount,0.631284231830446,2.5660975420003935,HIGH,0
513237,Hotel Meal,0.5278665926639933,Hotel Night,0.0257824539889438,0.5020841386750494,MEDIUM,0
513241,No Cancel Fee,0.0,Exclusive Discount,-0.1247288492224758,0.1247288492224758,MEDIUM,2
513242,Hotel Night,0.7124464745499619,No Cancel Fee,0.0,0.7124464745499619,HIGH,0
513259,Hotel Night,0.3004480622133511,No Cancel Fee,0.0,0.3004480622133511,MEDIUM,0
513261,No Cancel Fee,0.0,Exclusive Discount,-0.1247288492224758,0.1247288492224758,MEDIUM,2
513289,Hotel Night,0.7124464745499619,No Cancel Fee,0.0,0.7124464745499619,HIGH,0
513296,Hotel Night,0.7124464745499619,Exclusive Discount,0.1121828852886517,0.6002635892613102,HIGH,0
513317,Exclusive Discount,1.6881223757147037,No Cancel Fee,0.0,1.6881223757147037,HIGH,2
513322,Free Bag,1.1885751959584556,Hotel Night,0.7124464745499619,0.4761287214084937,HIGH,0
513338,Hotel Night,0.7124464745499619,Exclusive Discount,0.5810688697443687,0.13137760480559324,MEDIUM,0
513339,Free Bag,1.1885751959584556,Hotel Night,0.7124464745499619,0.4761287214084937,HIGH,0
513345,Hotel Meal,2.087433271600266,Exclusive Discount,1.3560859386342292,0.7313473329660369,HIGH,1
513347,Free Bag,1.1885751959584556,Hotel Night,0.7124464745499619,0.4761287214084937,HIGH,0
513366,Hotel Night,0.7124464745499619,Hotel Meal,0.3831874763973072,0.3292589981526547,HIGH,0
513381,Hotel Night,0.7124464745499619,Free Bag,0.4640745108367,0.24837196371326192,HIGH,0
513387,Hotel Meal,0.9329681182107132,Hotel Night,0.7124464745499619,0.22052164366075133,HIGH,0
513397,Hotel Meal,1.0331305833184183,Hotel Night,0.1974484591291983,0.83568212418922,HIGH,0
513402,Free Bag,1.1885751959584556,Hotel Night,0.7124464745499619,0.4761287214084937,HIGH,0
513408,Exclusive Discount,1.4483921640262774,Hotel Night,0.7124464745499619,0.7359456894763154,HIGH,0
513422,Hotel Night,0.7124464745499619,Exclusive Discount,0.1568681547922197,0.5555783197577422,HIGH,0
513425,No Cancel Fee,0.0,Exclusive Discount,-0.1247288492224758,0.1247288492224758,MEDIUM,2
513438,No Cancel Fee,0.0,Exclusive Discount,-0.1247288492224758,0.1247288492224758,MEDIUM,2
513441,No Cancel Fee,0.0,Exclusive Discount,-0.1247288492224758,0.1247288492224758,MEDIUM,2
513470,No Cancel Fee,0.0,Exclusive Discount,-0.1247288492224758,0.1247288492224758,MEDIUM,2
513495,Free Bag,1.1885751959584556,Hotel Night,0.7124464745499619,0.4761287214084937,HIGH,0
513497,Hotel Meal,0.5278665926639933,Hotel Night,0.0257824539889438,0.5020841386750494,MEDIUM,0
513509,Free Bag,0.1018241682758222,Exclusive Discount,0.0304396938716132,0.071384474404209,LOW,2
513543,Exclusive Discount,1.6509852924098192,Hotel Meal,1.5383945739728435,0.11259071843697566,MEDIUM,1
513546,No Cancel Fee,0.0,Exclusive Discount,-0.1247288492224758,0.1247288492224758,MEDIUM,2
513555,Hotel Night,0.4181618943095248,Hotel Meal,0.3119608345429392,0.10620105976658556,MEDIUM,0
513568,Hotel Meal,1.7609778297677443,Exclusive Discount,0.4037060584081388,1.3572717713596054,HIGH,1
513582,Free Bag,0.4640745108367,Hotel Night,0.3004480622133511,0.1636264486233489,MEDIUM,0
513602,No Cancel Fee,0.0,Exclusive Discount,-0.1247288492224758,0.1247288492224758,MEDIUM,2
513611,Hotel Meal,0.970807271695846,Hotel Night,0.3004480622133511,0.6703592094824949,HIGH,0
513613,Hotel Meal,0.8283539879871094,Hotel Night,0.3004480622133511,0.5279059257737583,HIGH,0
513625,No Cancel Fee,0.0,Exclusive Discount,-0.1247288492224758,0.1247288492224758,MEDIUM,2
513627,Hotel Night,0.7124464745499619,Free Bag,0.4640745108367,0.24837196371326192,HIGH,0
513628,Free Bag,1.1885751959584556,Hotel Night,0.7124464745499619,0.4761287214084937,HIGH,0
513638,Hotel Meal,0.745998183342996,Hotel Night,0.7124464745499619,0.03355170879303404,MEDIUM,0
513659,Hotel Night,0.7124464745499619,Hotel Meal,0.4900274391788602,0.2224190353711017,HIGH,0
513661,No Cancel Fee,0.0,Exclusive Discount,-0.1247288492224758,0.1247288492224758,MEDIUM,2
513683,Exclusive Discount,1.300935880018926,Free Bag,1.1885751959584556,0.11236068406047028,MEDIUM,0
513714,Exclusive Discount,0.4049922560218679,No Cancel Fee,0.0,0.4049922560218679,MEDIUM,2
513721,Hotel Meal,1.2623913367871669,Free Bag,0.645199682117139,0.6171916546700279,HIGH,0
513742,No Cancel Fee,0.0,Exclusive Discount,-0.1247288492224758,0.1247288492224758,MEDIUM,2
513761,Hotel Night,0.7124464745499619,Hotel Meal,0.6859007042783728,0.02654577027158911,MEDIUM,0
513776,Exclusive Discount,0.7481237210340943,Hotel Meal,0.3601872066318342,0.3879365144022601,HIGH,0
513787,Free Bag,1.1885751959584556,Hotel Meal,0.8261281554291608,0.3624470405292948,HIGH,0
513791,Hotel Night,0.7124464745499619,Hotel Meal,0.7103848624158114,0.002061612134150459,MEDIUM,0
513796,Free Bag,0.1018241682758222,Hotel Night,0.0257824539889438,0.0760417142868784,LOW,0
513800,No Cancel Fee,0.0,Exclusive Discount,-0.1247288492224758,0.1247288492224758,MEDIUM,2
513807,Exclusive Discount,1.6460819939845603,Free Bag,1.1885751959584556,0.4575067980261047,HIGH,0
513823,No Cancel Fee,0.0,Exclusive Discount,-0.1247288492224758,0.1247288492224758,MEDIUM,2
513826,Free Bag,0.4640745108367,No Cancel Fee,0.0,0.4640745108367,MEDIUM,0
513844,Free Bag,1.1885751959584556,Hotel Night,0.7124464745499619,0.4761287214084937,HIGH,0
513853,Hotel Night,0.7124464745499619,Hotel Meal,0.2585408531521629,0.453905621397799,HIGH,0
513856,Free Bag,1.1885751959584556,Hotel Night,0.7124464745499619,0.4761287214084937,HIGH,0
513860,Exclusive Discount,0.867999670330778,Hotel Meal,0.8350314856609564,0.03296818466982154,MEDIUM,0
513869,Hotel Meal,1.7520744995359487,Exclusive Discount,1.3125761979132422,0.43949830162270653,HIGH,1
513875,Hotel Meal,0.8216764903132624,Exclusive Discount,0.1403187231975814,0.681357767115681,HIGH,0
513917,Hotel Night,0.7124464745499619,Free Bag,0.4640745108367,0.24837196371326192,HIGH,0
513926,Free Bag,0.1018241682758222,Hotel Night,0.0257824539889438,0.0760417142868784,LOW,0
513933,Hotel Night,0.7124464745499619,Exclusive Discount,0.6484205388301956,0.06402593571976634,MEDIUM,0
513953,Hotel Night,0.7124464745499619,Exclusive Discount,0.4306523349572509,0.281794139592711,HIGH,0
513956,Free Bag,0.1018241682758222,Hotel Night,0.0257824539889438,0.0760417142868784,LOW,0
513964,Hotel Night,0.1974484591291983,Hotel Meal,0.1338942299070182,0.06355422922218013,LOW,0
513967,Hotel Meal,1.383031461428003,Free Bag,0.7538747848854024,0.6291566765426007,HIGH,0
513995,Hotel Meal,1.6363312065225997,Exclusive Discount,0.5170212075976136,1.1193099989249862,HIGH,0
514002,Hotel Meal,1.6648218632643474,Hotel Night,0.7124464745499619,0.9523753887143855,HIGH,0
514003,Free Bag,2.2753262236410894,Exclusive Discount,1.3093053542029711,0.9660208694381183,HIGH,0
514021,No Cancel Fee,0.0,Exclusive Discount,-0.1247288492224758,0.1247288492224758,MEDIUM,2
514023,Hotel Meal,0.6859007042783728,Hotel Night,0.3004480622133511,0.3854526420650217,MEDIUM,0
514053,Hotel Night,0.7124464745499619,Exclusive Discount,0.1165400387814809,0.595906435768481,HIGH,0
514071,Hotel Night,0.7124464745499619,Free Bag,0.4640745108367,0.24837196371326192,HIGH,0
514076,Exclusive Discount,1.740995204227808,Free Bag,1.1885751959584556,0.5524200082693524,HIGH,0
514132,Hotel Meal,1.1911646949327983,Hotel Night,0.7124464745499619,0.4787182203828364,HIGH,0
514133,Exclusive Discount,0.7869081778127495,Free Bag,0.1018241682758222,0.6850840095369273,HIGH,0
514164,Hotel Meal,0.6818942056740644,Hotel Night,0.4181618943095248,0.2637323113645397,MEDIUM,0
514167,Hotel Night,0.7124464745499619,Exclusive Discount,0.2931350184148358,0.4193114561351261,HIGH,0
514206,Free Bag,1.1885751959584556,Hotel Night,0.7124464745499619,0.4761287214084937,HIGH,0
514208,Exclusive Discount,1.34091493739367,Hotel Night,0.7124464745499619,0.628468462843708,HIGH,0
514210,Exclusive Discount,0.8451989455109403,Hotel Night,0.7124464745499619,0.13275247096097842,MEDIUM,0
514215,Hotel Night,0.7124464745499619,Hotel Meal,0.4544141182516757,0.2580323562982862,HIGH,0
514235,Exclusive Discount,1.0322359278658444,Hotel Night,0.7124464745499619,0.3197894533158825,HIGH,0
514261,Hotel Night,0.7124464745499619,Exclusive Discount,0.2744624918158193,0.43798398273414263,HIGH,0
514275,Exclusive Discount,1.54632013628885,Hotel Meal,0.9952914298332854,0.5510287064555645,HIGH,0
514289,No Cancel Fee,0.0,Exclusive Discount,-0.1247288492224758,0.1247288492224758,MEDIUM,2
514300,Free Bag,1.1885751959584556,Exclusive Discount,0.3820755739966001,0.8064996219618555,HIGH,0
514315,Free Bag,1.1885751959584556,Hotel Night,0.7124464745499619,0.4761287214084937,HIGH,0
514318,Hotel Meal,1.4493612716548832,Free Bag,1.1885751959584556,0.26078607569642753,HIGH,0
514324,Exclusive Discount,0.8213590428783077,Hotel Night,0.7124464745499619,0.10891256832834584,MEDIUM,0
514337,Free Bag,1.1885751959584556,Hotel Meal,1.0064205926230303,0.18215460333542532,MEDIUM,0
514342,Free Bag,1.1885751959584556,No Cancel Fee,0.0,1.1885751959584556,HIGH,0
514344,Hotel Meal,1.054646964711926,Hotel Night,0.5251744689424108,0.5294724957695153,HIGH,0
514370,Hotel Night,0.7124464745499619,No Cancel Fee,0.0,0.7124464745499619,HIGH,0
514384,No Cancel Fee,0.0,Exclusive Discount,-0.1247288492224758,0.1247288492224758,MEDIUM,2
514395,Exclusive Discount,1.0074310443465029,Hotel Night,0.7124464745499619,0.294984569796541,HIGH,0
514457,Hotel Night,0.7124464745499619,Hotel Meal,0.5750542428925124,0.13739223165744952,MEDIUM,0
514460,Hotel Meal,1.0153239228548263,Free Bag,0.4640745108367,0.5512494120181264,HIGH,0
514461,Exclusive Discount,1.768696474639377,Free Bag,1.1885751959584556,0.5801212786809213,HIGH,0
514501,Hotel Meal,1.901205280918533,Exclusive Discount,1.5156216546111867,0.3855836263073462,HIGH,1
514503,No Cancel Fee,0.0,Exclusive Discount,-0.1247288492224758,0.1247288492224758,MEDIUM,2
514515,Free Bag,1.1885751959584556,No Cancel Fee,0.0,1.1885751959584556,HIGH,2
514526,Hotel Meal,0.959678108906101,Hotel Night,0.7124464745499619,0.24723163435613904,HIGH,0
514551,Hotel Meal,2.118891705085946,No Cancel Fee,0.0,2.118891705085946,HIGH,1
514586,Exclusive Discount,1.0979875596775697,Hotel Night,0.7124464745499619,0.38554108512760776,HIGH,0
514589,Free Bag,1.1885751959584556,Hotel Night,0.7124464745499619,0.4761287214084937,HIGH,0
514617,Hotel Meal,0.4655432810414208,Free Bag,0.1018241682758222,0.3637191127655986,MEDIUM,0
514623,Free Bag,1.1885751959584556,Hotel Night,0.7124464745499619,0.4761287214084937,HIGH,0
514627,Free Bag,1.1885751959584556,Hotel Night,0.0257824539889438,1.1627927419695119,HIGH,0
514638,Free Bag,1.1885751959584556,Hotel Night,0.7124464745499619,0.4761287214084937,HIGH,0
514639,No Cancel Fee,0.0,Exclusive Discount,-0.1247288492224758,0.1247288492224758,MEDIUM,2
514642,No Cancel Fee,0.0,Exclusive Discount,-0.1247288492224758,0.1247288492224758,MEDIUM,2
514660,Free Bag,0.4640745108367,Hotel Night,0.3004480622133511,0.1636264486233489,MEDIUM,0
514675,Free Bag,1.1885751959584556,Hotel Night,0.7124464745499619,0.4761287214084937,HIGH,0
514682,Hotel Meal,0.8647092531002768,Exclusive Discount,0.7751968693533225,0.08951238374695425,MEDIUM,0
514684,No Cancel Fee,0.0,Exclusive Discount,-0.1247288492224758,0.1247288492224758,MEDIUM,2
514689,Exclusive Discount,1.8458058385244256,Hotel Night,0.7124464745499619,1.1333593639744637,HIGH,0
514737,Exclusive Discount,1.5843466337387624,Hotel Meal,0.9863880996014894,0.597958534137273,HIGH,0
514785,Exclusive Discount,1.0313460962987953,Hotel Night,0.7124464745499619,0.31889962174883335,HIGH,0
514810,Exclusive Discount,1.3786825336090356,Hotel Meal,0.9240647879789168,0.4546177456301188,HIGH,0
514830,Free Bag,1.1885751959584556,Hotel Night,0.0257824539889438,1.1627927419695119,HIGH,0
514867,Exclusive Discount,0.857190799082633,Hotel Night,0.7124464745499619,0.14474432453267105,MEDIUM,0
514892,Hotel Meal,0.7994181647337724,Hotel Night,0.7124464745499619,0.08697169018381046,MEDIUM,0
514893,Hotel Meal,1.901205280918533,No Cancel Fee,0.0,1.901205280918533,HIGH,1
514899,Free Bag,0.645199682117139,Hotel Night,0.4181618943095248,0.2270377878076142,MEDIUM,0
514926,Hotel Meal,0.7215140252055569,Hotel Night,0.3004480622133511,0.4210659629922058,HIGH,0
514944,Free Bag,1.1885751959584556,Hotel Night,0.7124464745499619,0.4761287214084937,HIGH,0
514951,Free Bag,1.1885751959584556,Exclusive Discount,0.8563038483262703,0.33227134763218535,HIGH,0
514953,No Cancel Fee,0.0,Exclusive Discount,-0.1247288492224758,0.1247288492224758,MEDIUM,2
514980,Hotel Meal,2.40201760645706,Hotel Night,0.7124464745499619,1.689571131907098,HIGH,0
514981,Exclusive Discount,1.4064118761133673,Hotel Night,0.7124464745499619,0.6939654015634054,HIGH,0
515004,Free Bag,1.1885751959584556,Hotel Night,0.7124464745499619,0.4761287214084937,HIGH,0
515013,Free Bag,1.1885751959584556,No Cancel Fee,0.0,1.1885751959584556,HIGH,2
515020,Free Bag,1.1885751959584556,Hotel Meal,0.8995806298414779,0.2889945661169777,HIGH,0
515030,Exclusive Discount,2.077923117288601,Hotel Night,0.7124464745499619,1.365476642738639,HIGH,0
515051,Free Bag,1.6232756070315089,Hotel Meal,1.311062875387652,0.31221273164385677,HIGH,0
515058,Hotel Meal,1.0130980902968774,Hotel Night,0.7124464745499619,0.30065161574691546,HIGH,0
515060,Free Bag,1.1885751959584556,Exclusive Discount,1.1542092276163791,0.0343659683420765,MEDIUM,0
515085,Hotel Meal,1.8678177925492967,Exclusive Discount,0.3650307333228194,1.5027870592264774,HIGH,1
515103,Free Bag,1.1885751959584556,Hotel Night,0.7124464745499619,0.4761287214084937,HIGH,0
515124,Hotel Night,0.7124464745499619,Hotel Meal,0.307954335938631,0.40449213861133093,HIGH,0
515131,Hotel Meal,1.07542140191945,Hotel Night,0.7124464745499619,0.362974927369488,HIGH,0
515139,Hotel Night,0.7124464745499619,No Cancel Fee,0.0,0.7124464745499619,HIGH,0
515161,Free Bag,1.1885751959584556,Exclusive Discount,0.8207889462764929,0.3677862496819627,HIGH,0
515168,Exclusive Discount,1.1288684037579533,Hotel Meal,0.93964561588456,0.1892227878733933,MEDIUM,1
515182,Hotel Meal,1.627427876290804,Free Bag,1.1885751959584556,0.4388526803323485,HIGH,0
515198,No Cancel Fee,0.0,Exclusive Discount,-0.1247288492224758,0.1247288492224758,MEDIUM,2
515200,Exclusive Discount,0.8266418031238953,Hotel Night,0.7124464745499619,0.11419532857393344,MEDIUM,0
515202,No Cancel Fee,0.0,Exclusive Discount,-0.1247288492224758,0.1247288492224758,MEDIUM,2
515205,No Cancel Fee,0.0,Exclusive Discount,-0.1247288492224758,0.1247288492224758,MEDIUM,2
515229,Hotel Meal,1.3585473032905642,Hotel Night,0.0257824539889438,1.3327648493016204,HIGH,0
515240,No Cancel Fee,0.0,Exclusive Discount,-0.1247288492224758,0.1247288492224758,MEDIUM,2
515243,Hotel Night,0.3004480622133511,No Cancel Fee,0.0,0.3004480622133511,MEDIUM,0
515258,Hotel Night,0.7124464745499619,Exclusive Discount,0.1583674960737386,0.5540789784762233,HIGH,0
515271,Hotel Night,0.7124464745499619,Hotel Meal,0.0982809089798341,0.6141655655701278,HIGH,0
515274,Hotel Meal,2.210596006473445,Hotel Night,0.3004480622133511,1.910147944260094,HIGH,0
515306,Hotel Meal,1.4256190577034276,Free Bag,0.4640745108367,0.9615445468667276,HIGH,0
515330,Hotel Night,0.7124464745499619,Free Bag,0.1018241682758222,0.6106223062741397,HIGH,0
515344,Hotel Meal,1.387037960032311,Free Bag,0.4640745108367,0.9229634491956111,HIGH,0
515398,Free Bag,2.2753262236410894,Exclusive Discount,0.7265081106336905,1.5488181130073988,HIGH,0
515409,Free Bag,1.1885751959584556,Exclusive Discount,0.9350988804621132,0.2534763154963424,HIGH,0
515421,Exclusive Discount,0.7274322697962863,Hotel Night,0.7124464745499619,0.014985795246324374,MEDIUM,0
515423,Free Bag,0.1018241682758222,Hotel Night,0.0257824539889438,0.0760417142868784,LOW,0
515436,Hotel Meal,1.2601655042292177,Exclusive Discount,0.1329787828108781,1.1271867214183395,HIGH,1
515478,Exclusive Discount,2.019854813562614,Hotel Night,0.7124464745499619,1.3074083390126523,HIGH,0
515490,Hotel Night,0.7124464745499619,Exclusive Discount,0.6875856788389679,0.024860795710993977,MEDIUM,0
515502,No Cancel Fee,0.0,Exclusive Discount,-0.1247288492224758,0.1247288492224758,MEDIUM,2
515514,No Cancel Fee,0.0,Exclusive Discount,-0.1247288492224758,0.1247288492224758,MEDIUM,2
515516,No Cancel Fee,0.0,Exclusive Discount,-0.1247288492224758,0.1247288492224758,MEDIUM,2
515523,Hotel Meal,0.5679315787070753,Hotel Night,0.0257824539889438,0.5421491247181316,MEDIUM,0
515529,Free Bag,1.1885751959584556,Hotel Night,0.0257824539889438,1.1627927419695119,HIGH,0
515530,No Cancel Fee,0.0,Exclusive Discount,-0.1247288492224758,0.1247288492224758,MEDIUM,2
515565,Free Bag,1.1885751959584556,Hotel Night,0.7124464745499619,0.4761287214084937,HIGH,0
515578,Hotel Meal,1.6719445274497846,Hotel Night,0.7124464745499619,0.9594980528998227,HIGH,0
515580,Hotel Meal,0.8617414763563448,Hotel Night,0.7124464745499619,0.1492950018063829,MEDIUM,0
515586,Free Bag,0.1018241682758222,Hotel Night,0.0257824539889438,0.0760417142868784,LOW,0
515610,Free Bag,1.1885751959584556,Hotel Night,0.7124464745499619,0.4761287214084937,HIGH,0
515639,Hotel Meal,1.2120875209775188,Free Bag,1.1885751959584556,0.023512325019063196,MEDIUM,0
515645,Free Bag,1.1885751959584556,Hotel Night,0.0257824539889438,1.1627927419695119,HIGH,0
515666,Exclusive Discount,1.1958050536612173,Hotel Meal,0.9685814391378974,0.22722361452331985,HIGH,0
515675,Hotel Night,0.7124464745499619,No Cancel Fee,0.0,0.7124464745499619,HIGH,0
515684,Free Bag,0.826324853397578,Hotel Meal,0.6836748717204243,0.1426499816771537,MEDIUM,0
515688,Free Bag,1.9130758810802115,Exclusive Discount,0.7263466909293318,1.1867291901508796,HIGH,0
515694,Hotel Meal,1.5205879135092517,Hotel Night,0.7124464745499619,0.8081414389592898,HIGH,0
515713,Hotel Night,0.7124464745499619,No Cancel Fee,0.0,0.7124464745499619,HIGH,0
515727,Hotel Meal,0.7459981833429963,Hotel Night,0.7124464745499619,0.033551708793034374,MEDIUM,0
515735,Free Bag,1.1885751959584556,Hotel Night,0.7124464745499619,0.4761287214084937,HIGH,0
515739,Exclusive Discount,1.0450347429130775,Free Bag,0.4640745108367,0.5809602320763776,HIGH,0
515751,Exclusive Discount,1.132072035193832,Hotel Night,0.7124464745499619,0.41962556064387013,HIGH,0
515764,Free Bag,3.3620772513237225,Hotel Meal,0.5679315787070753,2.794145672616647,HIGH,0
515778,Hotel Meal,0.7927406670599254,Hotel Night,0.3004480622133511,0.49229260484657433,HIGH,0
515802,Hotel Meal,1.200068025164594,Hotel Night,0.3004480622133511,0.899619962951243,HIGH,0
515818,No Cancel Fee,0.0,Exclusive Discount,-0.1247288492224758,0.1247288492224758,MEDIUM,2
515831,Free Bag,0.1018241682758222,Hotel Night,0.0257824539889438,0.0760417142868784,LOW,0
515835,Hotel Night,0.7124464745499619,Exclusive Discount,0.5039411645711929,0.20850530997876904,HIGH,0
515854,Hotel Meal,1.881172787896992,Exclusive Discount,1.2497287946495894,0.6314439932474025,HIGH,1
515874,No Cancel Fee,0.0,Exclusive Discount,-0.1247288492224758,0.1247288492224758,MEDIUM,2
515891,Hotel Meal,0.8528381461245489,Hotel Night,0.4835584676962888,0.3692796784282601,HIGH,0
515901,Hotel Night,0.7124464745499619,Exclusive Discount,0.5724364442093883,0.14001003034057358,MEDIUM,0
515908,Exclusive Discount,0.831402543866846,Hotel Night,0.7124464745499619,0.11895606931688407,MEDIUM,0
515941,Hotel Meal,1.6630411972179882,Free Bag,0.1018241682758222,1.5612170289421659,HIGH,0
515947,Hotel Night,0.7124464745499619,Exclusive Discount,0.1054047099846833,0.6070417645652786,HIGH,0
515953,Hotel Night,0.7124464745499619,Exclusive Discount,0.4419071527340729,0.270539321815889,HIGH,0
515974,Hotel Meal,0.4610916159255228,Hotel Night,0.0257824539889438,0.435309161936579,MEDIUM,0
515985,Hotel Meal,0.5501249182434833,Exclusive Discount,0.4787516495431264,0.07137326870035693,MEDIUM,0
516001,No Cancel Fee,0.0,Exclusive Discount,-0.1247288492224758,0.1247288492224758,MEDIUM,2
516004,Hotel Night,0.7124464745499619,Free Bag,0.1018241682758222,0.6106223062741397,HIGH,0
516006,Hotel Meal,1.4738454297923225,Hotel Night,0.7124464745499619,0.7613989552423606,HIGH,0
516053,Hotel Night,0.1974484591291983,Hotel Meal,0.1049584066536811,0.09249005247551721,LOW,0
516057,Free Bag,0.1018241682758222,Hotel Night,0.0257824539889438,0.0760417142868784,LOW,0
516061,Exclusive Discount,1.0496559526787093,Free Bag,0.1018241682758222,0.9478317844028871,HIGH,0
516076,No Cancel Fee,0.0,Exclusive Discount,-0.1247288492224758,0.1247288492224758,MEDIUM,2
516089,Exclusive Discount,0.7463069598663724,Hotel Night,0.7124464745499619,0.033860485316410505,MEDIUM,0
516092,Free Bag,1.9130758810802115,Hotel Night,0.7124464745499619,1.2006294065302496,HIGH,0
516105,Hotel Meal,1.5784595600159257,Exclusive Discount,0.6432498380852468,0.9352097219306789,HIGH,0
516117,Exclusive Discount,0.7136420554008479,Hotel Meal,0.5812865740547694,0.13235548134607855,MEDIUM,0
516118,Hotel Night,0.7124464745499619,No Cancel Fee,0.0,0.7124464745499619,HIGH,0
516127,No Cancel Fee,0.0,Exclusive Discount,-0.1247288492224758,0.1247288492224758,MEDIUM,2
516132,Exclusive Discount,0.793126375863831,Free Bag,0.4640745108367,0.32905186502713096,HIGH,0
516144,Free Bag,0.645199682117139,Hotel Night,0.4181618943095248,0.2270377878076142,MEDIUM,0
516150,No Cancel Fee,0.0,Exclusive Discount,-0.1247288492224758,0.1247288492224758,MEDIUM,2
516152,Free Bag,1.1885751959584556,Hotel Night,0.7124464745499619,0.4761287214084937,HIGH,0
516176,Exclusive Discount,1.1057511810138876,Hotel Meal,0.745998183342996,0.35975299767089164,HIGH,0
516177,Free Bag,1.1885751959584556,Hotel Night,0.7124464745499619,0.4761287214084937,HIGH,0
516178,Exclusive Discount,0.384348326663962,Hotel Night,0.3004480622133511,0.08390026445061094,LOW,0
516211,Exclusive Discount,0.7620798396298026,Hotel Meal,0.3542516531439703,0.40782818648583236,HIGH,0
516216,Hotel Meal,0.7549015135747923,Hotel Night,0.7124464745499619,0.04245503902483039,MEDIUM,0
516217,No Cancel Fee,0.0,Free Bag,-0.9849268594068112,0.9849268594068112,MEDIUM,2
516243,No Cancel Fee,0.0,Exclusive Discount,-0.1247288492224758,0.1247288492224758,MEDIUM,2
516246,Hotel Night,0.7124464745499619,Free Bag,0.645199682117139,0.06724679243282294,MEDIUM,0
516251,Hotel Meal,2.197241011125751,Hotel Night,0.7124464745499619,1.484794536575789,HIGH,0
516269,Hotel Meal,1.0665180716876534,Hotel Night,0.4181618943095248,0.6483561773781287,HIGH,0
516273,Hotel Night,0.7124464745499619,Free Bag,0.1018241682758222,0.6106223062741397,HIGH,0
516282,Free Bag,2.2753262236410894,Hotel Night,0.7124464745499619,1.5628797490911275,HIGH,0
516283,Free Bag,1.1885751959584556,Hotel Night,0.7124464745499619,0.4761287214084937,HIGH,0
516287,Hotel Night,0.7124464745499619,No Cancel Fee,0.0,0.7124464745499619,HIGH,0
516290,Exclusive Discount,0.904286531889184,Hotel Meal,0.7816115042701803,0.12267502761900362,MEDIUM,0
516296,Exclusive Discount,1.126220778796809,Hotel Night,0.7124464745499619,0.41377430424684714,HIGH,0
516301,Hotel Meal,1.1306220493565848,Hotel Night,0.7124464745499619,0.41817557480662293,HIGH,0
516351,Exclusive Discount,0.73702008788534,Hotel Night,0.7124464745499619,0.02457361333537811,MEDIUM,0
516368,No Cancel Fee,0.0,Exclusive Discount,-0.1247288492224758,0.1247288492224758,MEDIUM,2
516375,Hotel Meal,0.9478070019303734,Hotel Night,0.7124464745499619,0.23536052738041147,HIGH,0
516418,Exclusive Discount,1.486833699134186,Hotel Meal,1.1911646949327983,0.29566900420138764,HIGH,0
516420,Free Bag,1.1885751959584556,Hotel Meal,0.2073467043193357,0.98122849163912,HIGH,0
516456,Hotel Night,0.4181618943095248,Hotel Meal,0.2051208717613866,0.21304102254813817,MEDIUM,0
516507,Hotel Night,0.7124464745499619,No Cancel Fee,0.0,0.7124464745499619,HIGH,0
516516,No Cancel Fee,0.0,Exclusive Discount,-0.1247288492224758,0.1247288492224758,MEDIUM,2
516528,Hotel Night,0.7124464745499619,Hotel Meal,0.6859007042783728,0.02654577027158911,MEDIUM,0
516543,No Cancel Fee,0.0,Exclusive Discount,-0.1247288492224758,0.1247288492224758,MEDIUM,2
516556,Hotel Night,0.7124464745499619,No Cancel Fee,0.0,0.7124464745499619,HIGH,0
516561,Free Bag,1.1885751959584556,Exclusive Discount,0.908139234575327,0.28043596138312865,HIGH,0
516571,Hotel Meal,1.7876878204631328,Free Bag,1.1885751959584556,0.5991126245046772,HIGH,0
516578,Hotel Night,0.7124464745499619,Hotel Meal,0.7103848624158114,0.002061612134150459,MEDIUM,0
516579,Free Bag,1.1885751959584556,Hotel Night,0.7124464745499619,0.4761287214084937,HIGH,0
516583,No Cancel Fee,0.0,Exclusive Discount,-0.1247288492224758,0.1247288492224758,MEDIUM,2
516590,Hotel Meal,0.1999272624595056,Hotel Night,0.0257824539889438,0.1741448084705618,MEDIUM,0
516593,Hotel Night,0.7124464745499619,Hotel Meal,0.2177339229230977,0.4947125516268642,HIGH,0
516594,Hotel Meal,1.0398080809922658,Hotel Night,0.7124464745499619,0.32736160644230394,HIGH,0
516614,Free Bag,0.645199682117139,Hotel Meal,0.4544141182516757,0.19078556386546325,MEDIUM,0
516616,Hotel Meal,2.4313985962219866,Free Bag,0.4640745108367,1.9673240853852867,HIGH,0
516620,No Cancel Fee,0.0,Exclusive Discount,-0.1247288492224758,0.1247288492224758,MEDIUM,2
516639,Free Bag,1.1885751959584556,No Cancel Fee,0.0,1.1885751959584556,HIGH,0
516647,Free Bag,1.1885751959584556,Hotel Night,0.4181618943095248,0.7704133016489308,HIGH,0
516679,Hotel Night,0.7124464745499619,Hotel Meal,0.2117983694352337,0.5006481051147282,HIGH,0
516680,No Cancel Fee,0.0,Exclusive Discount,-0.1247288492224758,0.1247288492224758,MEDIUM,2
516682,Exclusive Discount,1.6774737047133663,Hotel Meal,1.204519690280492,0.4729540144328743,HIGH,0
516694,No Cancel Fee,0.0,Free Bag,-0.9849268594068112,0.9849268594068112,MEDIUM,2
516697,No Cancel Fee,0.0,Exclusive Discount,-0.1247288492224758,0.1247288492224758,MEDIUM,2
516704,Hotel Meal,1.2534880065553704,Hotel Night,0.4181618943095248,0.8353261122458456,HIGH,0
516732,Exclusive Discount,0.6510425330055233,Hotel Meal,0.5501249182434833,0.10091761476203998,MEDIUM,0
516739,Hotel Night,0.7124464745499619,Hotel Meal,0.1183134020013753,0.5941330725485866,HIGH,0
516744,Hotel Meal,1.5806853925738746,Exclusive Discount,1.1772125601146075,0.40347283245926713,HIGH,1
516763,Free Bag,1.1885751959584556,Hotel Night,0.7124464745499619,0.4761287214084937,HIGH,0
516765,No Cancel Fee,0.0,Exclusive Discount,-0.1247288492224758,0.1247288492224758,MEDIUM,2
516789,Hotel Night,0.7124464745499619,Free Bag,0.1018241682758222,0.6106223062741397,HIGH,0
516798,Free Bag,1.1885751959584556,Hotel Night,0.7124464745499619,0.4761287214084937,HIGH,0
516806,Hotel Meal,1.2730753330653215,Free Bag,0.645199682117139,0.6278756509481825,HIGH,0
516808,Hotel Night,0.7124464745499619,Exclusive Discount,0.3862427244456857,0.3262037501042762,HIGH,0
516827,Hotel Meal,2.1564340808966858,Free Bag,0.645199682117139,1.5112343987795467,HIGH,0
516833,Free Bag,0.1018241682758222,Hotel Night,0.0257824539889438,0.0760417142868784,LOW,0
516841,Free Bag,1.1885751959584556,Hotel Night,0.7124464745499619,0.4761287214084937,HIGH,0
516862,No Cancel Fee,0.0,Free Bag,-0.9849268594068112,0.9849268594068112,MEDIUM,0
516939,Exclusive Discount,1.7860172268189929,Free Bag,1.1885751959584556,0.5974420308605373,HIGH,0
516965,Hotel Night,0.7124464745499619,Hotel Meal,0.4640593926694548,0.24838708188050712,HIGH,0
516967,No Cancel Fee,0.0,Exclusive Discount,-0.1247288492224758,0.1247288492224758,MEDIUM,2
516972,Free Bag,1.1885751959584556,Hotel Night,0.7124464745499619,0.4761287214084937,HIGH,0
517033,Hotel Meal,2.179434350662158,Exclusive Discount,1.0225112597733157,1.1569230908888424,HIGH,1
517061,Hotel Meal,1.6502797572190808,Free Bag,1.1885751959584556,0.4617045612606252,HIGH,0
517076,Hotel Meal,2.3753076157616717,Hotel Night,0.0257824539889438,2.349525161772728,HIGH,0
517105,Hotel Night,0.3004480622133511,Exclusive Discount,0.081303424970484,0.2191446372428671,MEDIUM,0
517119,Hotel Meal,1.556201234436436,Exclusive Discount,0.9697793387637682,0.5864218956726678,HIGH,0
517131,Hotel Meal,1.3549859711978454,No Cancel Fee,0.0,1.3549859711978454,HIGH,1
517142,Free Bag,0.4640745108367,No Cancel Fee,0.0,0.4640745108367,MEDIUM,0
517143,Hotel Meal,1.881172787896992,Exclusive Discount,0.0846346264542258,1.7965381614427662,HIGH,1
517150,Hotel Meal,1.707557848376969,Hotel Night,0.7124464745499619,0.995111373827007,HIGH,0
517158,Hotel Night,0.7124464745499619,Exclusive Discount,0.5649819250284435,0.14746454952151844,MEDIUM,0
517205,Hotel Night,0.7124464745499619,Free Bag,0.1018241682758222,0.6106223062741397,HIGH,0
517212,Hotel Night,0.4181618943095248,Exclusive Discount,0.3646701454909967,0.053491748818528084,LOW,0
517219,No Cancel Fee,0.0,Exclusive Discount,-0.1247288492224758,0.1247288492224758,MEDIUM,2
517231,No Cancel Fee,0.0,Exclusive Discount,-0.1247288492224758,0.1247288492224758,MEDIUM,2
517284,Hotel Meal,0.6948040345101688,Exclusive Discount,0.1972516812346012,0.49755235327556757,MEDIUM,0
517324,Free Bag,1.1885751959584556,No Cancel Fee,0.0,1.1885751959584556,HIGH,2
517330,Free Bag,1.1885751959584556,Hotel Night,0.7124464745499619,0.4761287214084937,HIGH,0
517356,Hotel Night,0.7124464745499619,Hotel Meal,0.3542516531439703,0.3581948214059916,HIGH,0
517370,Free Bag,2.2753262236410894,Hotel Meal,0.8283539879871094,1.44697223565398,HIGH,0
517392,Free Bag,0.4640745108367,Hotel Night,0.3004480622133511,0.1636264486233489,MEDIUM,0
517393,Exclusive Discount,0.9308065974824024,Hotel Night,0.7124464745499619,0.21836012293244045,HIGH,0
517397,Hotel Meal,1.2761914986464509,Hotel Night,0.7124464745499619,0.563745024096489,HIGH,0
517403,Hotel Meal,1.345489085617263,Free Bag,1.1885751959584556,0.15691388965880737,MEDIUM,0
517415,No Cancel Fee,0.0,Exclusive Discount,-0.1247288492224758,0.1247288492224758,MEDIUM,2
517438,Hotel Night,0.7124464745499619,Hotel Meal,0.6124482298660557,0.09999824468390617,MEDIUM,0
517445,Free Bag,1.1885751959584556,Hotel Meal,0.8483864810086504,0.3401887149498052,HIGH,0
517467,Free Bag,3.3620772513237225,Hotel Night,0.7124464745499619,2.6496307767737606,HIGH,0
517486,Exclusive Discount,1.1220185047162408,Hotel Night,0.7124464745499619,0.40957203016627886,HIGH,0
517491,Hotel Meal,2.477695913427325,Exclusive Discount,0.6438989811802249,1.8337969322471002,HIGH,0
517543,No Cancel Fee,0.0,Exclusive Discount,-0.1247288492224758,0.1247288492224758,MEDIUM,2
517545,Exclusive Discount,0.1387978611904276,Hotel Night,0.0257824539889438,0.11301540720148381,MEDIUM,0
517548,Free Bag,0.4640745108367,Exclusive Discount,0.4296638669039748,0.03441064393272519,LOW,0
517549,Hotel Meal,0.7905148345019763,Free Bag,0.7538747848854024,0.036640049616573966,MEDIUM,0
517571,Free Bag,1.1885751959584556,Hotel Night,0.7124464745499619,0.4761287214084937,HIGH,0
517579,No Cancel Fee,0.0,Exclusive Discount,-0.1247288492224758,0.1247288492224758,MEDIUM,2
517581,Free Bag,1.1885751959584556,Exclusive Discount,1.0284191877399826,0.16015600821847298,MEDIUM,0
517596,Hotel Night,0.7124464745499619,Exclusive Discount,0.6211977636278939,0.09124871092206799,MEDIUM,0
517633,Hotel Meal,1.4671679321184756,Free Bag,0.4640745108367,1.0030934212817757,HIGH,0
517653,Free Bag,1.1885751959584556,Exclusive Discount,1.060645824316402,0.12792937164205354,MEDIUM,0
517674,Exclusive Discount,1.9922924281487653,No Cancel Fee,0.0,1.9922924281487653,HIGH,2
517675,Free Bag,1.9130758810802115,Exclusive Discount,0.7573737227445345,1.155702158335677,HIGH,0
517676,Hotel Night,0.3004480622133511,No Cancel Fee,0.0,0.3004480622133511,MEDIUM,0
517700,Free Bag,1.1885751959584556,Hotel Night,0.7124464745499619,0.4761287214084937,HIGH,0
517715,Free Bag,1.1885751959584556,Hotel Night,0.7124464745499619,0.4761287214084937,HIGH,0
517732,Hotel Night,0.7124464745499619,Free Bag,0.1018241682758222,0.6106223062741397,HIGH,0
517735,Free Bag,1.1885751959584556,No Cancel Fee,0.0,1.1885751959584556,HIGH,2
517739,Free Bag,1.1885751959584556,Exclusive Discount,0.8285196476934932,0.36005554826496244,HIGH,0
517743,Hotel Meal,0.7192881926476082,Hotel Night,0.7124464745499619,0.006841718097646332,MEDIUM,0
517772,Hotel Meal,1.5116845832774557,Hotel Night,0.7124464745499619,0.7992381087274938,HIGH,0
517776,Free Bag,1.1885751959584556,Hotel Night,0.7124464745499619,0.4761287214084937,HIGH,0
517787,No Cancel Fee,0.0,Exclusive Discount,-0.1247288492224758,0.1247288492224758,MEDIUM,2
517803,Hotel Meal,1.6904931320993597,Hotel Night,0.4835584676962888,1.206934664403071,HIGH,0
517819,Free Bag,3.3620772513237225,Hotel Night,0.7124464745499619,2.6496307767737606,HIGH,0
517825,Exclusive Discount,1.3778878629687936,Hotel Night,0.7124464745499619,0.6654413884188317,HIGH,0
517839,Hotel Night,0.3004480622133511,Exclusive Discount,0.0826914184182077,0.21775664379514337,MEDIUM,0
517847,Exclusive Discount,1.0425646287597286,Hotel Meal,0.8290959321730924,0.21346869658663614,HIGH,0
517871,Hotel Night,0.7124464745499619,Exclusive Discount,0.4044139840486666,0.30803249050129533,HIGH,0
517894,Hotel Meal,0.8639673089142934,Hotel Night,0.3004480622133511,0.5635192467009423,HIGH,0
517898,Exclusive Discount,0.4870437065198121,Free Bag,0.1018241682758222,0.3852195382439899,MEDIUM,0
517925,No Cancel Fee,0.0,Exclusive Discount,-0.1247288492224758,0.1247288492224758,MEDIUM,2
517931,Hotel Meal,1.0665180716876534,Free Bag,0.4640745108367,0.6024435608509535,HIGH,0
517961,Free Bag,3.3620772513237225,Hotel Night,0.7124464745499619,2.6496307767737606,HIGH,0
517967,Hotel Night,0.7124464745499619,No Cancel Fee,0.0,0.7124464745499619,HIGH,0
517968,Hotel Meal,0.9418714484425088,Exclusive Discount,0.7068304746930298,0.23504097374947897,HIGH,0
518012,Exclusive Discount,1.0023389704927694,Hotel Night,0.7124464745499619,0.2898924959428075,HIGH,0
518015,Hotel Meal,0.745998183342996,Hotel Night,0.7124464745499619,0.03355170879303404,MEDIUM,0
518041,Hotel Meal,1.2601655042292177,Exclusive Discount,1.1191995724866246,0.1409659317425931,MEDIUM,1
518044,Free Bag,1.1885751959584556,Hotel Meal,1.173358034469206,0.015217161489249564,MEDIUM,0
518074,No Cancel Fee,0.0,Free Bag,-0.9849268594068112,0.9849268594068112,MEDIUM,2
518084,No Cancel Fee,0.0,Exclusive Discount,-0.1247288492224758,0.1247288492224758,MEDIUM,2
518092,Hotel Meal,0.2585408531521629,Hotel Night,0.1974484591291983,0.0610923940229646,LOW,0
518121,Free Bag,1.1885751959584556,Hotel Night,0.7124464745499619,0.4761287214084937,HIGH,0
518127,Exclusive Discount,1.176854952649439,Hotel Night,0.7124464745499619,0.46440847809947705,HIGH,0
518135,Hotel Night,0.7124464745499619,Exclusive Discount,0.4359877171508354,0.2764587573991265,HIGH,0
518191,Exclusive Discount,1.178071923014913,Free Bag,0.1018241682758222,1.0762477547390907,HIGH,0
518196,Free Bag,1.1885751959584556,Hotel Night,0.0257824539889438,1.1627927419695119,HIGH,0
518211,Hotel Night,0.7124464745499619,Free Bag,0.645199682117139,0.06724679243282294,MEDIUM,0
518219,Hotel Night,0.3004480622133511,Exclusive Discount,0.2205130347367455,0.07993502747660558,LOW,0
518281,Hotel Night,0.4181618943095248,Hotel Meal,0.3653808159337152,0.05278107837580959,LOW,0
518324,Exclusive Discount,1.0157284757619924,Hotel Meal,0.9062581275153248,0.10947034824666768,MEDIUM,0
518334,Free Bag,1.1885751959584556,Hotel Meal,0.5278665926639933,0.6607086032944623,HIGH,0
518338,Hotel Meal,0.8528381461245484,Exclusive Discount,0.804910499115167,0.04792764700938146,MEDIUM,0
518347,Hotel Night,0.4181618943095248,Hotel Meal,0.1695075508342024,0.24865434347532236,MEDIUM,0
518348,Free Bag,1.1885751959584556,Hotel Night,0.7124464745499619,0.4761287214084937,HIGH,0
518354,No Cancel Fee,0.0,Exclusive Discount,-0.1247288492224758,0.1247288492224758,MEDIUM,2
518372,Hotel Night,0.7124464745499619,Free Bag,0.1018241682758222,0.6106223062741397,HIGH,0
518393,Hotel Night,0.7124464745499619,No Cancel Fee,0.0,0.7124464745499619,HIGH,0
518406,Exclusive Discount,1.84993069086091,Hotel Night,0.7124464745499619,1.1374842163109482,HIGH,0
518416,Free Bag,1.1885751959584556,Hotel Night,0.7124464745499619,0.4761287214084937,HIGH,0
518422,Hotel Meal,1.153325541447665,Exclusive Discount,1.1385372350292842,0.014788306418380914,MEDIUM,1
518443,Free Bag,1.1885751959584556,Hotel Meal,0.6881265368363219,0.5004486591221338,HIGH,0
518450,Hotel Meal,0.6458357182352908,No Cancel Fee,0.0,0.6458357182352908,MEDIUM,0
518480,Free Bag,2.2753262236410894,Hotel Night,0.7124464745499619,1.5628797490911275,HIGH,0
518495,Free Bag,3.3620772513237225,Hotel Night,0.7124464745499619,2.6496307767737606,HIGH,0
518516,Hotel Night,0.7124464745499619,Free Bag,0.4640745108367,0.24837196371326192,HIGH,0
518526,Hotel Meal,0.8261281554291608,Hotel Night,0.7124464745499619,0.11368168087919894,MEDIUM,0
518527,Hotel Meal,0.9685814391378974,Hotel Night,0.7124464745499619,0.2561349645879355,HIGH,0
518533,Free Bag,0.4640745108367,No Cancel Fee,0.0,0.4640745108367,MEDIUM,0
518535,Hotel Meal,0.2043789275754036,Free Bag,0.1018241682758222,0.1025547592995814,MEDIUM,0
518541,Free Bag,0.4640745108367,Hotel Meal,0.4388332903460327,0.025241220490667293,LOW,0
518579,Hotel Night,0.7124464745499619,Free Bag,0.1018241682758222,0.6106223062741397,HIGH,0
518582,No Cancel Fee,0.0,Exclusive Discount,-0.1247288492224758,0.1247288492224758,MEDIUM,2
518585,Hotel Night,0.7124464745499619,Free Bag,0.4640745108367,0.24837196371326192,HIGH,0
518612,Hotel Meal,1.4582646018866792,Exclusive Discount,1.398520811181697,0.05974379070498226,MEDIUM,0
518628,No Cancel Fee,0.0,Exclusive Discount,-0.1247288492224758,0.1247288492224758,MEDIUM,2
518629,Hotel Meal,1.3247146484097383,Exclusive Discount,0.8660976709673093,0.458616977442429,HIGH,0
518639,Free Bag,1.1885751959584556,Exclusive Discount,1.1601168936939696,0.02845830226448598,MEDIUM,0
518642,No Cancel Fee,0.0,Exclusive Discount,-0.1247288492224758,0.1247288492224758,MEDIUM,2
518645,No Cancel Fee,0.0,Exclusive Discount,-0.1247288492224758,0.1247288492224758,MEDIUM,2
518694,Hotel Night,0.7124464745499619,No Cancel Fee,0.0,0.7124464745499619,HIGH,0
518696,Exclusive Discount,1.5929723047818338,Hotel Meal,1.4738454297923225,0.11912687498951136,MEDIUM,1
518711,Free Bag,1.1885751959584556,Hotel Meal,0.3676066484916642,0.8209685474667914,HIGH,0
518716,Free Bag,1.1885751959584556,Hotel Night,0.7124464745499619,0.4761287214084937,HIGH,0
518722,Free Bag,1.1885751959584556,Exclusive Discount,0.7038435583579259,0.48473163760052973,HIGH,0
518735,Hotel Meal,1.36700546701077,No Cancel Fee,0.0,1.36700546701077,HIGH,1
518743,Exclusive Discount,0.7650034932211002,Hotel Night,0.7124464745499619,0.05255701867113827,MEDIUM,0
518747,No Cancel Fee,0.0,Exclusive Discount,-0.1247288492224758,0.1247288492224758,MEDIUM,2
518751,Hotel Night,0.4181618943095248,Hotel Meal,0.3186383322167858,0.09952356209273899,LOW,0
518756,Hotel Night,0.7124464745499619,Hotel Meal,0.1939917089716416,0.5184547655783203,HIGH,0
518826,Hotel Night,0.7124464745499619,Exclusive Discount,0.0900890435169484,0.6223574310330136,HIGH,0
518827,Hotel Meal,1.6630411972179882,Free Bag,0.1018241682758222,1.5612170289421659,HIGH,0
518865,Hotel Night,0.7124464745499619,Free Bag,0.4640745108367,0.24837196371326192,HIGH,0
518866,Hotel Night,0.7124464745499619,Hotel Meal,0.2407341926885707,0.47171228186139125,HIGH,0
518867,Free Bag,1.1885751959584556,Hotel Night,0.7124464745499619,0.4761287214084937,HIGH,0
518870,Hotel Meal,0.7215140252055569,Hotel Night,0.3004480622133511,0.4210659629922058,HIGH,0
518894,Exclusive Discount,0.5189383528937731,Free Bag,0.4640745108367,0.05486384205707312,MEDIUM,0
518896,Hotel Meal,2.01917440648983,Hotel Night,0.3004480622133511,1.7187263442764786,HIGH,0
518907,Hotel Meal,1.8718242911536052,Free Bag,0.4640745108367,1.4077497803169052,HIGH,0
518922,No Cancel Fee,0.0,Exclusive Discount,-0.1247288492224758,0.1247288492224758,MEDIUM,2
518925,Hotel Meal,1.6875253553554272,Exclusive Discount,1.0515177535873084,0.6360076017681189,HIGH,1
518954,Hotel Night,0.7124464745499619,Hotel Meal,0.3119608345429392,0.4004856400070227,HIGH,0
518956,Hotel Meal,0.4136071880226107,Exclusive Discount,0.0332215700896479,0.3803856179329628,MEDIUM,0
518963,Exclusive Discount,1.2223572127489164,Hotel Night,0.7124464745499619,0.5099107381989545,HIGH,0
518971,Exclusive Discount,0.9129565665983472,Hotel Night,0.7124464745499619,0.20051009204838532,HIGH,0
518998,Free Bag,1.9130758810802115,Hotel Night,0.7124464745499619,1.2006294065302496,HIGH,0
519014,Hotel Meal,0.8929031321676308,Exclusive Discount,0.3649275691574521,0.5279755630101788,HIGH,0
519059,Hotel Night,0.7124464745499619,Free Bag,0.1018241682758222,0.6106223062741397,HIGH,0
519079,Hotel Meal,1.326940480967688,Hotel Night,0.1974484591291983,1.1294920218384896,HIGH,0
519089,Free Bag,2.2753262236410894,Hotel Night,0.7124464745499619,1.5628797490911275,HIGH,0
519091,No Cancel Fee,0.0,Exclusive Discount,-0.1247288492224758,0.1247288492224758,MEDIUM,2
519096,Exclusive Discount,0.905371099858032,Hotel Night,0.7124464745499619,0.19292462530807009,MEDIUM,0
519114,Hotel Meal,0.745998183342996,Hotel Night,0.7124464745499619,0.03355170879303404,MEDIUM,0
519117,Hotel Meal,0.9062581275153252,Hotel Night,0.7124464745499619,0.1938116529653633,MEDIUM,0
519137,Hotel Night,0.7124464745499619,Free Bag,0.1018241682758222,0.6106223062741397,HIGH,0
519140,Hotel Meal,1.3336179786415343,Free Bag,1.1885751959584556,0.14504278268307869,MEDIUM,0
519171,No Cancel Fee,0.0,Exclusive Discount,-0.8984991745758106,0.8984991745758106,MEDIUM,2
519191,No Cancel Fee,0.0,Exclusive Discount,-0.1247288492224758,0.1247288492224758,MEDIUM,2
519205,Hotel Night,0.7124464745499619,Free Bag,0.1018241682758222,0.6106223062741397,HIGH,0
519210,Hotel Meal,1.387037960032311,Exclusive Discount,0.7097351319440977,0.6773028280882134,HIGH,0
519211,Hotel Meal,1.590775833503244,Free Bag,0.645199682117139,0.9455761513861051,HIGH,0
519248,No Cancel Fee,0.0,Exclusive Discount,-0.1247288492224758,0.1247288492224758,MEDIUM,2
519254,Hotel Meal,2.48295697220066,Hotel Night,0.5251744689424108,1.9577825032582492,HIGH,0
519260,Free Bag,1.1885751959584556,Hotel Meal,0.5790607414968203,0.6095144544616353,HIGH,0
519267,Free Bag,1.1885751959584556,Exclusive Discount,0.7808935026038643,0.40768169335459137,HIGH,0
519285,Hotel Meal,1.146648043773818,Hotel Night,0.4181618943095248,0.7284861494642932,HIGH,0
519312,No Cancel Fee,0.0,Exclusive Discount,-0.1247288492224758,0.1247288492224758,MEDIUM,2
519313,Hotel Night,0.7124464745499619,No Cancel Fee,0.0,0.7124464745499619,HIGH,0
519335,Hotel Meal,1.4167157274716315,Exclusive Discount,1.3125761979132422,0.10413952955838934,MEDIUM,1
519348,Exclusive Discount,0.8854977414858366,Hotel Night,0.7124464745499619,0.1730512669358747,MEDIUM,0
519353,Hotel Meal,1.4738454297923225,Exclusive Discount,0.4713878773074592,1.0024575524848633,HIGH,1
519357,Exclusive Discount,1.131279043301887,Hotel Night,0.4835584676962888,0.6477205756055984,HIGH,0
519368,Hotel Night,0.7124464745499619,Exclusive Discount,0.5706019718451019,0.14184450270486004,MEDIUM,0
519383,Hotel Meal,1.4404579414230871,Exclusive Discount,0.0266216388262425,1.4138363025968446,HIGH,1
519392,Free Bag,1.1885751959584556,Hotel Night,0.0257824539889438,1.1627927419695119,HIGH,0
519393,Hotel Meal,0.3186383322167862,Exclusive Discount,0.2962609890558331,0.022377343160953134,LOW,0
519406,No Cancel Fee,0.0,Exclusive Discount,-0.1247288492224758,0.1247288492224758,MEDIUM,2
519412,Exclusive Discount,1.240774890134832,Hotel Meal,0.3141866671008882,0.926588223033944,HIGH,0
519419,Hotel Night,0.7124464745499619,No Cancel Fee,0.0,0.7124464745499619,HIGH,0
519430,Exclusive Discount,0.7981335220838688,Hotel Night,0.7124464745499619,0.08568704753390688,MEDIUM,0
519446,Free Bag,1.7319507097997724,Hotel Meal,0.5256407601060442,1.2063099496937282,HIGH,0
519469,Free Bag,1.1885751959584556,Hotel Meal,0.8172248251973644,0.37135037076109123,HIGH,0
519515,Free Bag,1.9130758810802115,Exclusive Discount,0.533058591073189,1.3800172900070224,HIGH,0
519529,Exclusive Discount,1.7688926305296615,Free Bag,1.1885751959584556,0.5803174345712059,HIGH,0
519532,Free Bag,1.1885751959584556,Hotel Night,0.7124464745499619,0.4761287214084937,HIGH,0
519541,Hotel Night,0.7124464745499619,Free Bag,0.1018241682758222,0.6106223062741397,HIGH,0
519548,No Cancel Fee,0.0,Exclusive Discount,-0.1247288492224758,0.1247288492224758,MEDIUM,2
519554,Hotel Night,0.7124464745499619,Hotel Meal,0.5679315787070753,0.14451489584288657,MEDIUM,0
519561,No Cancel Fee,0.0,Exclusive Discount,-0.1247288492224758,0.1247288492224758,MEDIUM,2
519595,Hotel Night,0.4181618943095248,Hotel Meal,0.3653808159337152,0.05278107837580959,LOW,0
519596,Hotel Night,0.7124464745499619,Exclusive Discount,0.2901542393415967,0.42229223520836523,HIGH,0
519604,Exclusive Discount,1.4488414882331708,Hotel Night,0.7124464745499619,0.7363950136832089,HIGH,0
519626,Exclusive Discount,0.9659209746922496,Hotel Night,0.7124464745499619,0.2534745001422877,HIGH,0
519631,Hotel Meal,1.7476228344200506,Exclusive Discount,0.7521038656138598,0.9955189688061908,HIGH,0
519664,Free Bag,1.1885751959584556,Exclusive Discount,0.8522631222012226,0.33631207375723304,HIGH,0
519687,No Cancel Fee,0.0,Exclusive Discount,-0.1247288492224758,0.1247288492224758,MEDIUM,2
519694,Hotel Night,0.7124464745499619,Hotel Meal,0.6480615507932398,0.06438492375672211,MEDIUM,0
519695,Hotel Night,0.7124464745499619,No Cancel Fee,0.0,0.7124464745499619,HIGH,0
519706,No Cancel Fee,0.0,Exclusive Discount,-0.1247288492224758,0.1247288492224758,MEDIUM,2
519709,Exclusive Discount,0.6410653585225558,Hotel Night,0.0257824539889438,0.6152829045336119,MEDIUM,0
519718,Hotel Meal,1.3425213088733303,Exclusive Discount,1.0157593369764406,0.3267619718968897,HIGH,0
519722,Hotel Meal,1.965754425099054,Exclusive Discount,1.2835697040992475,0.6821847209998064,HIGH,1
519725,Free Bag,1.1885751959584556,Exclusive Discount,1.0963188127878007,0.09225638317065488,MEDIUM,0
519726,Exclusive Discount,0.9046099967742868,Hotel Night,0.7124464745499619,0.19216352222432487,MEDIUM,0
519747,Hotel Meal,2.060129725556092,Hotel Night,0.7124464745499619,1.34768325100613,HIGH,0
519769,Hotel Night,0.7124464745499619,Exclusive Discount,0.3872410972667757,0.3252053772831862,HIGH,0
519774,Free Bag,1.1885751959584556,Hotel Meal,1.0064205926230303,0.18215460333542532,MEDIUM,0
519799,Hotel Meal,0.3119608345429392,Hotel Night,0.1974484591291983,0.1145123754137409,MEDIUM,0
519846,Hotel Night,0.7124464745499619,No Cancel Fee,0.0,0.7124464745499619,HIGH,0
519848,Hotel Night,0.7124464745499619,Hotel Meal,0.3119608345429392,0.4004856400070227,HIGH,0
519853,Hotel Night,0.7124464745499619,No Cancel Fee,0.0,0.7124464745499619,HIGH,0
519859,Hotel Meal,1.2534880065553704,Hotel Night,0.7124464745499619,0.5410415320054085,HIGH,0
519885,Hotel Night,0.7124464745499619,No Cancel Fee,0.0,0.7124464745499619,HIGH,0
519888,Hotel Meal,1.2712946670189624,Free Bag,1.1885751959584556,0.08271947106050681,MEDIUM,0
519893,Free Bag,1.1885751959584556,Hotel Night,0.7124464745499619,0.4761287214084937,HIGH,0
519896,Hotel Night,0.7124464745499619,Free Bag,0.1018241682758222,0.6106223062741397,HIGH,0
519905,Free Bag,1.1885751959584556,Hotel Night,0.7124464745499619,0.4761287214084937,HIGH,0
519911,Hotel Meal,1.618524546059008,Hotel Night,0.7124464745499619,0.9060780715090462,HIGH,0
519912,Hotel Meal,0.8261281554291608,Hotel Night,0.7124464745499619,0.11368168087919894,MEDIUM,0
519943,No Cancel Fee,0.0,Exclusive Discount,-0.1247288492224758,0.1247288492224758,MEDIUM,2
519955,Hotel Night,0.7124464745499619,Free Bag,0.1018241682758222,0.6106223062741397,HIGH,0
519957,Free Bag,1.1885751959584556,Hotel Night,0.7124464745499619,0.4761287214084937,HIGH,0
519961,Hotel Night,0.7124464745499619,Free Bag,0.4640745108367,0.24837196371326192,HIGH,0
519965,Hotel Night,0.7124464745499619,Free Bag,0.4640745108367,0.24837196371326192,HIGH,0
519982,No Cancel Fee,0.0,Exclusive Discount,-0.1247288492224758,0.1247288492224758,MEDIUM,2
520054,Hotel Night,0.7124464745499619,Exclusive Discount,0.675009222045568,0.03743725250439389,MEDIUM,0
520063,Exclusive Discount,1.2102344895752553,Hotel Night,0.7124464745499619,0.49778801502529335,HIGH,0
520097,Exclusive Discount,1.0747239010872789,Hotel Night,0.4181618943095248,0.6565620067777541,HIGH,0
520106,Free Bag,1.1885751959584556,Hotel Night,0.7124464745499619,0.4761287214084937,HIGH,0
520141,Hotel Meal,0.7571273461327414,Exclusive Discount,0.5892640756729807,0.16786327045976068,MEDIUM,0
520152,Free Bag,1.1885751959584556,Hotel Night,0.7124464745499619,0.4761287214084937,HIGH,0
520170,No Cancel Fee,0.0,Exclusive Discount,-0.1247288492224758,0.1247288492224758,MEDIUM,2
520175,Hotel Night,0.7124464745499619,Exclusive Discount,0.6647849707515426,0.04766150379841927,MEDIUM,0
520177,Hotel Meal,1.32990825771162,Exclusive Discount,0.726113027325053,0.6037952303865669,HIGH,0
520182,Free Bag,1.1885751959584556,Hotel Night,0.0257824539889438,1.1627927419695119,HIGH,0
520188,Free Bag,1.1885751959584556,Hotel Meal,0.5812865740547694,0.6072886219036863,HIGH,0
520193,Free Bag,1.1885751959584556,Hotel Night,0.7124464745499619,0.4761287214084937,HIGH,0
520225,Hotel Meal,1.340295476315382,Hotel Night,0.7124464745499619,0.6278490017654201,HIGH,0
520244,Hotel Night,0.7124464745499619,Exclusive Discount,0.5135333213005102,0.1989131532494517,MEDIUM,0
520248,Hotel Meal,0.8261281554291608,Hotel Night,0.7124464745499619,0.11368168087919894,MEDIUM,0
520250,Exclusive Discount,0.9895298565288422,Hotel Night,0.7124464745499619,0.27708338197888027,HIGH,0
520256,Hotel Meal,1.0843247321512457,Exclusive Discount,1.018955326399652,0.06536940575159367,MEDIUM,0
520265,Hotel Meal,1.761719773953728,Hotel Night,0.4835584676962888,1.2781613062574393,HIGH,0
520277,Exclusive Discount,1.2639788645129302,Hotel Night,0.7124464745499619,0.5515323899629683,HIGH,0
520291,Free Bag,1.9130758810802115,Hotel Night,0.7124464745499619,1.2006294065302496,HIGH,0
520298,Free Bag,3.3620772513237225,Hotel Meal,0.6213515600978513,2.740725691225871,HIGH,0
520307,Hotel Night,0.7124464745499619,Exclusive Discount,0.2477160596925501,0.46473041485741184,HIGH,0
520311,Free Bag,1.9130758810802115,Hotel Meal,1.2801979972507584,0.6328778838294531,HIGH,0
520327,Hotel Night,0.7124464745499619,No Cancel Fee,0.0,0.7124464745499619,HIGH,0
520358,Free Bag,1.1885751959584556,Hotel Meal,1.146648043773818,0.041927152184637606,MEDIUM,0
520373,Hotel Night,0.7124464745499619,Exclusive Discount,0.5745240738787152,0.13792240067124673,MEDIUM,0
520397,Hotel Night,0.3004480622133511,No Cancel Fee,0.0,0.3004480622133511,MEDIUM,0
520405,Free Bag,1.1885751959584556,Exclusive Discount,1.1074623942302189,0.08111280172823676,MEDIUM,0
520411,Exclusive Discount,1.0915594211993724,Hotel Night,0.7124464745499619,0.37911294664941053,HIGH,0
520422,Hotel Night,0.0257824539889438,No Cancel Fee,0.0,0.0257824539889438,LOW,0
520429,Free Bag,1.1885751959584556,Hotel Night,0.7124464745499619,0.4761287214084937,HIGH,0
520436,Hotel Meal,1.942012211147597,Free Bag,0.645199682117139,1.2968125290304582,HIGH,0
520440,No Cancel Fee,0.0,Exclusive Discount,-0.1247288492224758,0.1247288492224758,MEDIUM,2
520480,Hotel Night,0.3004480622133511,No Cancel Fee,0.0,0.3004480622133511,MEDIUM,0
520491,Hotel Meal,0.7905148345019756,Free Bag,0.4640745108367,0.3264403236652756,HIGH,0
520497,Free Bag,1.1885751959584556,Hotel Night,0.3004480622133511,0.8881271337451045,HIGH,0
520527,Free Bag,1.1885751959584556,Hotel Night,0.7124464745499619,0.4761287214084937,HIGH,0
520530,Hotel Meal,0.8617414763563448,Hotel Night,0.7124464745499619,0.1492950018063829,MEDIUM,0
520532,Hotel Night,0.7124464745499619,Hotel Meal,0.7044493089279479,0.007997165622014024,MEDIUM,0
520539,Hotel Meal,0.7192881926476082,Exclusive Discount,0.7171996469421629,0.002088545705445366,MEDIUM,0
520556,Free Bag,0.645199682117139,Exclusive Discount,0.4824946592311721,0.1627050228859669,MEDIUM,0
520558,Hotel Night,0.7124464745499619,Exclusive Discount,0.3439200387599008,0.3685264357900611,HIGH,0
520561,No Cancel Fee,0.0,Exclusive Discount,-0.1247288492224758,0.1247288492224758,MEDIUM,2
520603,No Cancel Fee,0.0,Exclusive Discount,-0.1247288492224758,0.1247288492224758,MEDIUM,2
520619,Free Bag,1.1885751959584556,Hotel Night,0.7124464745499619,0.4761287214084937,HIGH,0
520680,Hotel Night,0.7124464745499619,No Cancel Fee,0.0,0.7124464745499619,HIGH,0
520696,Exclusive Discount,1.017981787345832,Hotel Night,0.7124464745499619,0.30553531279587,HIGH,0
520708,Hotel Night,0.7124464745499619,Exclusive Discount,0.1059803332600197,0.6064661412899423,HIGH,0
520719,Hotel Meal,0.8528381461245489,Hotel Night,0.7124464745499619,0.14039167157458698,MEDIUM,0
520733,Hotel Night,0.7124464745499619,Hotel Meal,0.276347513615755,0.4360989609342069,HIGH,0
520745,Exclusive Discount,1.6022443257124614,Hotel Night,0.7124464745499619,0.8897978511624995,HIGH,0
520762,Exclusive Discount,1.5315953016980928,Free Bag,1.1885751959584556,0.34302010573963715,HIGH,0
520770,Hotel Night,0.3004480622133511,No Cancel Fee,0.0,0.3004480622133511,MEDIUM,0
520771,Hotel Meal,2.008045243700085,Exclusive Discount,0.6841021652767345,1.3239430784233506,HIGH,1
520780,No Cancel Fee,0.0,Exclusive Discount,-0.1247288492224758,0.1247288492224758,MEDIUM,2
520783,Hotel Night,0.7124464745499619,Exclusive Discount,0.2957381375341226,0.4167083370158393,HIGH,0
520804,Exclusive Discount,0.92480130517508,Hotel Night,0.3004480622133511,0.6243532429617289,HIGH,0
520819,Exclusive Discount,1.2924026848817989,Hotel Night,0.7124464745499619,0.579956210331837,HIGH,0
520821,Hotel Night,0.7124464745499619,Free Bag,0.1018241682758222,0.6106223062741397,HIGH,0
520844,Exclusive Discount,1.2736408072452845,Hotel Meal,0.5812865740547694,0.6923542331905151,HIGH,0
520851,Hotel Night,0.7124464745499619,Free Bag,0.4640745108367,0.24837196371326192,HIGH,0
520861,Free Bag,1.1885751959584556,Hotel Night,0.3004480622133511,0.8881271337451045,HIGH,0
520877,Hotel Night,0.7124464745499619,Hotel Meal,0.4544141182516757,0.2580323562982862,HIGH,0
520878,Free Bag,1.1885751959584556,Hotel Meal,0.6747715414886278,0.5138036544698278,HIGH,0
520885,Hotel Meal,1.201848691210953,Hotel Night,0.7124464745499619,0.48940221666099104,HIGH,0
520898,Free Bag,1.1885751959584556,Hotel Night,0.7124464745499619,0.4761287214084937,HIGH,0
520902,Free Bag,1.1885751959584556,Hotel Night,0.7124464745499619,0.4761287214084937,HIGH,0
520920,Hotel Meal,1.5235556902531835,Exclusive Discount,1.5156216546111867,0.007934035641996795,MEDIUM,1
520934,No Cancel Fee,0.0,Exclusive Discount,-0.1247288492224758,0.1247288492224758,MEDIUM,2
520947,Hotel Meal,1.2980046577143505,Exclusive Discount,0.3442711129319131,0.9537335447824373,HIGH,0
520959,Exclusive Discount,1.4723385848060313,Hotel Night,0.7124464745499619,0.7598921102560694,HIGH,0
521000,Hotel Night,0.7124464745499619,Exclusive Discount,0.6947286786999657,0.01771779584999622,MEDIUM,0
521004,Hotel Night,0.7124464745499619,Hotel Meal,0.6836748717204243,0.028771602829537613,MEDIUM,0
521009,No Cancel Fee,0.0,Exclusive Discount,-0.1247288492224758,0.1247288492224758,MEDIUM,2
521031,Hotel Meal,2.0031484120725973,Exclusive Discount,1.5067434213789024,0.4964049906936949,HIGH,0
521033,Exclusive Discount,0.6694424032548106,Hotel Meal,0.5323182577798913,0.13712414547491936,MEDIUM,0
521044,Hotel Meal,1.0427758577361974,Hotel Night,0.4181618943095248,0.6246139634266726,HIGH,0
521060,Free Bag,1.1885751959584556,Hotel Night,0.7124464745499619,0.4761287214084937,HIGH,0
521062,No Cancel Fee,0.0,Exclusive Discount,-0.1247288492224758,0.1247288492224758,MEDIUM,2
521065,Hotel Night,0.7124464745499619,Hotel Meal,0.2011143731570785,0.5113321013928834,HIGH,0
521066,Free Bag,2.2753262236410894,Hotel Meal,0.8795481368199368,1.3957780868211525,HIGH,0
521070,Hotel Meal,0.6124482298660557,Hotel Night,0.4835584676962888,0.12888976216976694,MEDIUM,0
521109,Exclusive Discount,0.9051840558481264,Hotel Night,0.3004480622133511,0.6047359936347754,HIGH,0
521127,Hotel Meal,1.2712946670189624,Free Bag,0.4640745108367,0.8072201561822625,HIGH,0
521152,Hotel Night,0.7124464745499619,No Cancel Fee,0.0,0.7124464745499619,HIGH,0
521170,Free Bag,1.1885751959584556,Hotel Meal,0.5679315787070753,0.6206436172513803,HIGH,0
521185,Hotel Meal,1.6274278762908037,Free Bag,1.1885751959584556,0.43885268033234803,HIGH,0
521186,Hotel Night,0.7124464745499619,Hotel Meal,0.5256407601060442,0.1868057144439177,MEDIUM,0
521187,No Cancel Fee,0.0,Exclusive Discount,-0.1247288492224758,0.1247288492224758,MEDIUM,2
521192,Free Bag,1.1885751959584556,Hotel Night,0.7124464745499619,0.4761287214084937,HIGH,0
521201,Exclusive Discount,1.1498585713067146,Hotel Night,0.7124464745499619,0.43741209675675274,HIGH,0
521211,Hotel Meal,1.4738454297923225,Exclusive Discount,1.2932385353705762,0.18060689442174627,MEDIUM,1
521212,Free Bag,2.2753262236410894,Hotel Meal,0.735314187064841,1.5400120365762484,HIGH,0
521235,Free Bag,3.3620772513237225,Hotel Night,0.7124464745499619,2.6496307767737606,HIGH,0
521250,No Cancel Fee,0.0,Free Bag,-0.9849268594068112,0.9849268594068112,MEDIUM,2
521259,Hotel Night,0.7124464745499619,Exclusive Discount,0.4672332442158127,0.2452132303341492,HIGH,0
521282,Free Bag,1.1885751959584556,Exclusive Discount,0.0469372961834174,1.1416378997750383,HIGH,0
521286,Free Bag,1.1885751959584556,Hotel Night,0.7124464745499619,0.4761287214084937,HIGH,0
521293,Hotel Meal,0.959678108906101,Hotel Night,0.7124464745499619,0.24723163435613904,HIGH,0
521295,Hotel Night,0.7124464745499619,Exclusive Discount,0.6871736092018259,0.025272865348135998,MEDIUM,0
521298,Free Bag,0.1018241682758222,Hotel Night,0.0257824539889438,0.0760417142868784,LOW,0
521309,Free Bag,1.1885751959584556,Hotel Night,0.7124464745499619,0.4761287214084937,HIGH,0
521316,Exclusive Discount,1.232109795558757,Hotel Meal,0.8350314856609564,0.3970783098978006,HIGH,0
521331,Free Bag,0.1018241682758222,Hotel Night,0.0257824539889438,0.0760417142868784,LOW,0
521335,Hotel Night,0.7124464745499619,Exclusive Discount,0.3704121871536802,0.3420342873962817,HIGH,0
521343,Exclusive Discount,0.4373726531463722,Hotel Night,0.4181618943095248,0.01921075883684742,LOW,0
521379,Hotel Night,0.7124464745499619,No Cancel Fee,0.0,0.7124464745499619,HIGH,0
521392,Hotel Meal,0.7415465182270983,Exclusive Discount,0.5816673570296472,0.15987916119745105,MEDIUM,0
521404,Exclusive Discount,0.7347122455797529,Hotel Meal,0.7192881926476082,0.01542405293214466,MEDIUM,0
521408,Free Bag,1.1885751959584556,Hotel Night,0.7124464745499619,0.4761287214084937,HIGH,0
521416,Hotel Night,0.7124464745499619,Exclusive Discount,0.4609851655691989,0.251461308980763,HIGH,0
521434,Free Bag,1.9130758810802115,Hotel Night,0.3004480622133511,1.6126278188668604,HIGH,0
521462,Free Bag,1.1885751959584556,Hotel Night,0.0257824539889438,1.1627927419695119,HIGH,0
521491,Exclusive Discount,1.006105201050007,Hotel Meal,0.989059098671028,0.017046102378978856,MEDIUM,0
521509,Hotel Meal,0.8973547972835293,Hotel Night,0.7124464745499619,0.1849083227335674,MEDIUM,0
521510,Free Bag,2.2753262236410894,Exclusive Discount,0.6754505975564669,1.5998756260846225,HIGH,0
521514,Exclusive Discount,1.3475320982255827,Hotel Night,0.7124464745499619,0.6350856236756208,HIGH,0
521587,Exclusive Discount,1.423513358199228,Hotel Night,0.7124464745499619,0.7110668836492662,HIGH,0
521607,Hotel Night,0.7124464745499619,Hotel Meal,0.2407341926885707,0.47171228186139125,HIGH,0
521609,Exclusive Discount,1.657580141655707,Free Bag,1.1885751959584556,0.4690049456972514,HIGH,0
521642,Hotel Meal,2.087433271600266,Exclusive Discount,1.1095307412152935,0.9779025303849727,HIGH,1
521657,Free Bag,1.1885751959584556,Hotel Night,0.7124464745499619,0.4761287214084937,HIGH,0
521658,Hotel Meal,1.1982873591182357,Hotel Night,0.4835584676962888,0.714728891421947,HIGH,0
521663,No Cancel Fee,0.0,Exclusive Discount,-0.1247288492224758,0.1247288492224758,MEDIUM,2
521695,Hotel Meal,0.8379992624048884,Hotel Night,0.4181618943095248,0.41983736809536365,HIGH,0
521708,Exclusive Discount,0.6796112450341721,Free Bag,0.4640745108367,0.21553673419747216,MEDIUM,0
521719,Exclusive Discount,1.0074734131726526,Hotel Night,0.7124464745499619,0.2950269386226907,HIGH,0
521720,Hotel Meal,1.111034722846634,Hotel Night,0.7124464745499619,0.39858824829667205,HIGH,0
521743,Hotel Meal,1.907882778592379,Hotel Night,0.5539855467281884,1.3538972318641906,HIGH,0
521748,Exclusive Discount,1.334881103553386,Hotel Night,0.7124464745499619,0.6224346290034242,HIGH,0
521768,Free Bag,0.4640745108367,Hotel Night,0.3004480622133511,0.1636264486233489,MEDIUM,0
521785,No Cancel Fee,0.0,Exclusive Discount,-0.1247288492224758,0.1247288492224758,MEDIUM,2
521814,Hotel Meal,1.0843247321512457,Hotel Night,0.4835584676962888,0.600766264454957,HIGH,0
521859,Hotel Meal,1.2975594912027608,Exclusive Discount,0.84131189434737,0.45624759685539085,HIGH,0
521865,Hotel Night,0.7124464745499619,Hotel Meal,0.5174793740602313,0.19496710048973065,MEDIUM,0
521883,Free Bag,1.1885751959584556,Exclusive Discount,0.2837825969416281,0.9047925990168275,HIGH,0
521884,Exclusive Discount,1.5561281279857937,Free Bag,1.1885751959584556,0.3675529320273381,HIGH,0
521885,Free Bag,1.1885751959584556,Hotel Night,0.7124464745499619,0.4761287214084937,HIGH,0
521904,Hotel Night,0.7124464745499619,Exclusive Discount,0.460197996698717,0.2522484778512449,HIGH,0
521921,No Cancel Fee,0.0,Exclusive Discount,-0.1247288492224758,0.1247288492224758,MEDIUM,2
521925,Hotel Meal,1.5472979042046395,Hotel Night,0.4181618943095248,1.1291360098951149,HIGH,0
521941,Hotel Night,0.7124464745499619,Exclusive Discount,0.3852497284924946,0.3271967460574673,HIGH,0
521943,Hotel Night,0.7124464745499619,Free Bag,0.4640745108367,0.24837196371326192,HIGH,0
521956,Hotel Night,0.7124464745499619,Exclusive Discount,0.6870432023107403,0.025403272239221564,MEDIUM,0
521963,Hotel Meal,1.7609778297677443,Exclusive Discount,0.9548294408739996,0.8061483888937447,HIGH,1
521986,Free Bag,1.1885751959584556,Exclusive Discount,0.5554057513089555,0.6331694446495001,HIGH,0
521992,Free Bag,1.1885751959584556,Hotel Night,0.7124464745499619,0.4761287214084937,HIGH,0
521997,Hotel Meal,1.8054944809267248,Exclusive Discount,0.0305747070848261,1.7749197738418987,HIGH,0
522001,No Cancel Fee,0.0,Exclusive Discount,-0.1247288492224758,0.1247288492224758,MEDIUM,2
522005,Hotel Meal,1.5205879135092517,Hotel Night,0.4181618943095248,1.102426019199727,HIGH,0
522062,Hotel Night,0.4181618943095248,Hotel Meal,0.276347513615755,0.14181438069376978,MEDIUM,0
522086,Hotel Night,0.7124464745499619,No Cancel Fee,0.0,0.7124464745499619,HIGH,0
522111,Free Bag,1.1885751959584556,Hotel Meal,1.1680160363301284,0.020559159628327217,MEDIUM,0
522112,Hotel Night,0.7124464745499619,Exclusive Discount,0.3741725914261503,0.3382738831238116,HIGH,0
522115,Free Bag,1.1885751959584556,Exclusive Discount,0.9773495889897073,0.21122560696874837,HIGH,0
522118,Exclusive Discount,0.5005086154646475,Free Bag,0.4640745108367,0.03643410462794755,MEDIUM,0
522152,Free Bag,1.1885751959584556,Exclusive Discount,0.7311366234569675,0.4574385725014881,HIGH,0
522171,Exclusive Discount,1.558380591653624,Hotel Meal,0.8394831507768544,0.7188974408767695,HIGH,0
522179,Exclusive Discount,0.6077433963610549,Free Bag,0.1018241682758222,0.5059192280852327,MEDIUM,0
522184,No Cancel Fee,0.0,Exclusive Discount,-0.1247288492224758,0.1247288492224758,MEDIUM,2
522201,Hotel Meal,2.008045243700085,Exclusive Discount,0.2006606017101943,1.807384641989891,HIGH,1
522223,Hotel Night,0.7124464745499619,Hotel Meal,0.5323182577798908,0.18012821677007107,MEDIUM,0
522233,Free Bag,1.1885751959584556,Hotel Meal,0.9863880996014894,0.2021870963569662,HIGH,0
522237,Free Bag,3.3620772513237225,Hotel Meal,1.5673303972261807,1.7947468540975418,HIGH,0
522263,Hotel Night,0.7124464745499619,No Cancel Fee,0.0,0.7124464745499619,HIGH,0
522265,Hotel Meal,1.146648043773818,Hotel Night,0.4181618943095248,0.7284861494642932,HIGH,0
522276,Free Bag,1.1885751959584556,Hotel Night,0.7124464745499619,0.4761287214084937,HIGH,0
522286,Free Bag,1.1885751959584556,Hotel Night,0.3004480622133511,0.8881271337451045,HIGH,0
522315,Exclusive Discount,1.4427558357246693,Hotel Night,0.7124464745499619,0.7303093611747073,HIGH,0
522323,Exclusive Discount,1.0328981443031229,Free Bag,0.1018241682758222,0.9310739760273007,HIGH,0
522364,Exclusive Discount,1.0210097048024878,Hotel Night,0.7124464745499619,0.30856323025252586,HIGH,0
522373,Hotel Night,0.7124464745499619,Exclusive Discount,0.1501911802250068,0.5622552943249551,HIGH,0
522375,Free Bag,0.4640745108367,Hotel Night,0.3004480622133511,0.1636264486233489,MEDIUM,0
522387,No Cancel Fee,0.0,Exclusive Discount,-0.1247288492224758,0.1247288492224758,MEDIUM,2
522402,Exclusive Discount,0.9161676127435312,Free Bag,0.1018241682758222,0.814343444467709,HIGH,0
522420,No Cancel Fee,0.0,Exclusive Discount,-0.1247288492224758,0.1247288492224758,MEDIUM,2
522426,Exclusive Discount,2.1219546195049714,Hotel Night,0.7124464745499619,1.4095081449550095,HIGH,0
522427,Hotel Meal,1.0420339135502144,Hotel Night,0.3004480622133511,0.7415858513368633,HIGH,0
522438,Hotel Meal,0.8261281554291608,Hotel Night,0.7124464745499619,0.11368168087919894,MEDIUM,0
522441,Hotel Night,0.7124464745499619,Exclusive Discount,0.6637202756969388,0.048726198853023095,MEDIUM,0
522445,Hotel Night,0.7124464745499619,No Cancel Fee,0.0,0.7124464745499619,HIGH,0
522457,Hotel Meal,0.9863880996014894,Hotel Night,0.4835584676962888,0.5028296319052006,HIGH,0
522465,Free Bag,1.9130758810802115,Hotel Night,0.3004480622133511,1.6126278188668604,HIGH,0
522476,Exclusive Discount,0.452979267305263,Hotel Meal,0.4254782949983383,0.02750097230692472,LOW,0
522484,Hotel Meal,1.0130980902968774,Hotel Night,0.7124464745499619,0.30065161574691546,HIGH,0
522513,Hotel Meal,1.6897511879133762,Exclusive Discount,0.6796569990980487,1.0100941888153274,HIGH,0
522523,Exclusive Discount,0.8817804775254201,Hotel Night,0.7124464745499619,0.1693340029754582,MEDIUM,0
522532,Exclusive Discount,1.988975820814804,Hotel Meal,1.2356813460917782,0.7532944747230259,HIGH,0
522533,Hotel Meal,1.166680536795359,Hotel Night,0.7124464745499619,0.4542340622453971,HIGH,0
522585,Free Bag,1.1885751959584556,Hotel Night,0.7124464745499619,0.4761287214084937,HIGH,0
522607,Free Bag,1.1885751959584556,Hotel Meal,0.970807271695846,0.2177679242626096,HIGH,0
522624,No Cancel Fee,0.0,Exclusive Discount,-0.1247288492224758,0.1247288492224758,MEDIUM,2
522631,Free Bag,5.53557930668899,Hotel Night,0.7124464745499619,4.823132832139028,HIGH,0
522633,Hotel Night,0.7124464745499619,Hotel Meal,0.1695075508342024,0.5429389237157595,HIGH,0
522634,Hotel Meal,0.5723832438229733,Free Bag,0.1018241682758222,0.47055907554715115,MEDIUM,0
522639,Hotel Night,0.7124464745499619,Free Bag,0.1018241682758222,0.6106223062741397,HIGH,0
522654,Hotel Night,0.7124464745499619,Hotel Meal,0.4147942987201833,0.2976521758297786,HIGH,0
522687,Exclusive Discount,1.2867461909053928,Hotel Night,0.7124464745499619,0.5742997163554309,HIGH,0
522738,Hotel Night,0.7124464745499619,Hotel Meal,0.4388332903460332,0.2736131842039287,HIGH,0
522745,Hotel Night,0.7124464745499619,No Cancel Fee,0.0,0.7124464745499619,HIGH,0
522748,Free Bag,0.645199682117139,Hotel Meal,0.6213515600978513,0.023848122019287654,MEDIUM,0
522761,Free Bag,1.1885751959584556,Exclusive Discount,1.1723393556445785,0.016235840313877148,MEDIUM,0
522788,Exclusive Discount,1.825024255293773,Hotel Meal,1.5472979042046395,0.27772635108913346,HIGH,1
522800,Hotel Meal,1.1666805367953594,Free Bag,0.645199682117139,0.5214808546782205,HIGH,0
522809,Free Bag,3.3620772513237225,Hotel Night,0.7124464745499619,2.6496307767737606,HIGH,0
522873,Free Bag,1.1885751959584556,No Cancel Fee,0.0,1.1885751959584556,HIGH,2
522898,Free Bag,1.1885751959584556,Hotel Night,0.7124464745499619,0.4761287214084937,HIGH,0
522911,No Cancel Fee,0.0,Exclusive Discount,-0.1247288492224758,0.1247288492224758,MEDIUM,2
522927,Free Bag,1.1885751959584556,Hotel Night,0.7124464745499619,0.4761287214084937,HIGH,0
522937,Hotel Meal,1.340295476315382,Free Bag,0.8780749023348461,0.46222057398053595,HIGH,0
522939,Exclusive Discount,0.9561228523896512,Hotel Night,0.7124464745499619,0.24367637783968932,HIGH,0
522943,Hotel Meal,1.096195839126974,Exclusive Discount,0.9451606096026686,0.15103522952430537,MEDIUM,1
522944,Free Bag,2.2753262236410894,Hotel Night,0.7124464745499619,1.5628797490911275,HIGH,0
522970,Hotel Meal,1.4257674465406238,Hotel Night,0.5251744689424108,0.900592977598213,HIGH,0
522981,Hotel Meal,0.8261281554291608,Hotel Night,0.4835584676962888,0.34256968773287205,HIGH,0
522999,Hotel Night,0.7124464745499619,No Cancel Fee,0.0,0.7124464745499619,HIGH,0
523030,Exclusive Discount,1.4774632431841317,Hotel Night,0.7124464745499619,0.7650167686341698,HIGH,0
523057,No Cancel Fee,0.0,Exclusive Discount,-0.1247288492224758,0.1247288492224758,MEDIUM,2
523073,Exclusive Discount,0.9808963886360004,Hotel Night,0.7124464745499619,0.26844991408603847,HIGH,0
523077,Hotel Meal,1.6808478576815802,Free Bag,1.1885751959584556,0.49227266172312456,HIGH,0
523090,Free Bag,1.1885751959584556,Hotel Night,0.7124464745499619,0.4761287214084937,HIGH,0
523098,Hotel Night,0.3004480622133511,Exclusive Discount,0.2253423159839525,0.07510574622939858,LOW,0
523146,Hotel Night,0.7124464745499619,Hotel Meal,0.0871517461900891,0.6252947283598728,HIGH,0
523158,Free Bag,0.4640745108367,Hotel Night,0.3004480622133511,0.1636264486233489,MEDIUM,0
523209,Hotel Night,0.7124464745499619,Hotel Meal,0.5323182577798908,0.18012821677007107,MEDIUM,0
523228,Free Bag,1.1885751959584556,Hotel Meal,0.9418714484425088,0.24670374751594681,HIGH,0
523231,Hotel Meal,0.8261281554291608,Hotel Night,0.7124464745499619,0.11368168087919894,MEDIUM,0
523256,Hotel Night,0.7124464745499619,No Cancel Fee,0.0,0.7124464745499619,HIGH,0
523271,Hotel Night,0.7124464745499619,Hotel Meal,0.2585408531521629,0.453905621397799,HIGH,0
523273,Hotel Meal,1.382586294916413,Exclusive Discount,0.2876281327085643,1.0949581622078486,HIGH,0
523290,Exclusive Discount,1.8247388575905856,Hotel Night,0.7124464745499619,1.1122923830406237,HIGH,0
523299,No Cancel Fee,0.0,Exclusive Discount,-0.1247288492224758,0.1247288492224758,MEDIUM,2
523301,Hotel Night,0.7124464745499619,Hotel Meal,0.4188007973244917,0.2936456772254702,HIGH,0
523335,Exclusive Discount,0.8055281293160732,Free Bag,0.4640745108367,0.3414536184793732,HIGH,0
523338,Free Bag,1.1885751959584556,Hotel Night,0.7124464745499619,0.4761287214084937,HIGH,0
523392,Exclusive Discount,0.750333080829418,Hotel Night,0.0257824539889438,0.7245506268404742,HIGH,0
523395,Free Bag,1.1885751959584556,Hotel Night,0.7124464745499619,0.4761287214084937,HIGH,0
523442,Hotel Meal,1.4938779228138637,Free Bag,1.1885751959584556,0.30530272685540805,HIGH,0
523454,Free Bag,1.1885751959584556,Hotel Meal,1.0064205926230303,0.18215460333542532,MEDIUM,0
523465,Hotel Night,0.3004480622133511,Exclusive Discount,0.0964840308234458,0.20396403138990526,MEDIUM,0
523474,Exclusive Discount,0.7178522939140963,Hotel Night,0.7124464745499619,0.005405819364134423,MEDIUM,0
523484,Free Bag,0.645199682117139,Hotel Meal,0.6146740624240044,0.03052561969313461,MEDIUM,0
523503,No Cancel Fee,0.0,Exclusive Discount,-0.1247288492224758,0.1247288492224758,MEDIUM,2
523505,Hotel Meal,1.3603279693369226,Hotel Night,0.4181618943095248,0.9421660750273978,HIGH,0
523511,No Cancel Fee,0.0,Hotel Meal,-0.1999806537853332,0.1999806537853332,MEDIUM,0
523513,Exclusive Discount,0.7152212100220825,Hotel Night,0.7124464745499619,0.002774735472120593,MEDIUM,0
523517,Hotel Meal,2.081497718112402,Exclusive Discount,0.8871476219746853,1.194350096137717,HIGH,1
523526,No Cancel Fee,0.0,Exclusive Discount,-0.1247288492224758,0.1247288492224758,MEDIUM,2
523546,Exclusive Discount,0.4067631887466541,Hotel Meal,0.3720583136075627,0.03470487513909143,LOW,0
523559,Exclusive Discount,0.3102604364950464,Hotel Night,0.3004480622133511,0.009812374281695346,LOW,0
523612,Hotel Meal,2.328565132044742,No Cancel Fee,0.0,2.328565132044742,HIGH,0
523619,Hotel Meal,2.402017606457059,Exclusive Discount,0.9741671034166612,1.4278505030403978,HIGH,1
523657,Free Bag,1.1885751959584556,Hotel Night,0.7124464745499619,0.4761287214084937,HIGH,0
523666,Hotel Meal,0.8528381461245489,Hotel Night,0.7124464745499619,0.14039167157458698,MEDIUM,0
523686,Free Bag,1.1885751959584556,Hotel Night,0.7124464745499619,0.4761287214084937,HIGH,0
523690,Exclusive Discount,1.169004492780391,Hotel Meal,1.0487114112240614,0.12029308155632967,MEDIUM,0
523700,No Cancel Fee,0.0,Exclusive Discount,-0.1247288492224758,0.1247288492224758,MEDIUM,2
523710,Hotel Night,0.7124464745499619,Free Bag,0.4640745108367,0.24837196371326192,HIGH,0
523715,Exclusive Discount,1.441181698497816,Free Bag,1.1885751959584556,0.25260650253936046,HIGH,0
523717,Hotel Meal,1.3834766279395927,Hotel Night,0.7124464745499619,0.6710301533896308,HIGH,0
523729,Hotel Meal,1.0464855786661125,Exclusive Discount,0.7131086590907272,0.3333769195753853,HIGH,1
523735,Free Bag,3.3620772513237225,Hotel Night,0.7124464745499619,2.6496307767737606,HIGH,0
523746,Free Bag,0.1018241682758222,Hotel Night,0.0257824539889438,0.0760417142868784,LOW,0
523756,Hotel Meal,1.3336179786415343,Hotel Night,0.4181618943095248,0.9154560843320095,HIGH,0
523768,Exclusive Discount,1.3894007523480871,Hotel Meal,0.7638048438065883,0.6255959085414988,HIGH,0
523771,Hotel Meal,1.217874685628186,Exclusive Discount,0.229667095524187,0.988207590103999,HIGH,1
523787,Hotel Night,0.7124464745499619,No Cancel Fee,0.0,0.7124464745499619,HIGH,0
523800,Hotel Meal,1.0531630763399595,Exclusive Discount,0.8671152276384988,0.18604784870146074,MEDIUM,0
523807,Hotel Night,0.7124464745499619,No Cancel Fee,0.0,0.7124464745499619,HIGH,0
523819,Hotel Meal,2.0988592120644043,No Cancel Fee,0.0,2.0988592120644043,HIGH,0
523824,Free Bag,1.1885751959584556,Hotel Night,0.7124464745499619,0.4761287214084937,HIGH,0
523841,Exclusive Discount,1.242742827876431,Hotel Night,0.7124464745499619,0.5302963533264691,HIGH,0
523842,Hotel Meal,1.2267780158599824,Free Bag,1.1885751959584556,0.03820281990152674,MEDIUM,0
523845,Hotel Meal,1.0665180716876534,Exclusive Discount,0.0861458207198177,0.9803722509678358,HIGH,0
523846,Free Bag,1.1885751959584556,Hotel Meal,0.3676066484916642,0.8209685474667914,HIGH,0
523860,No Cancel Fee,0.0,Free Bag,-0.9849268594068112,0.9849268594068112,MEDIUM,2
523877,Hotel Meal,0.8973547972835293,Hotel Night,0.7124464745499619,0.1849083227335674,MEDIUM,0
523887,Hotel Meal,2.008045243700085,Exclusive Discount,1.0708554161299702,0.9371898275701149,HIGH,1
523913,Hotel Night,0.4181618943095248,Hotel Meal,0.2585408531521629,0.15962104115736186,MEDIUM,0
523938,Free Bag,3.3620772513237225,Exclusive Discount,2.18488163201602,1.1771956193077027,HIGH,0
523981,Hotel Night,0.4181618943095248,Hotel Meal,0.3898649740711543,0.028296920238370493,LOW,0
524001,Hotel Meal,0.7192881926476082,Hotel Night,0.7124464745499619,0.006841718097646332,MEDIUM,0
524012,Exclusive Discount,1.3108876798261977,Hotel Night,0.7124464745499619,0.5984412052762358,HIGH,0
524031,Hotel Night,0.7124464745499619,Hotel Meal,0.5679315787070749,0.14451489584288701,MEDIUM,0
524036,Free Bag,1.1885751959584556,Hotel Meal,0.5323182577798913,0.6562569381785643,HIGH,0
524038,Hotel Night,0.7124464745499619,Hotel Meal,0.6480615507932398,0.06438492375672211,MEDIUM,0
524043,Hotel Meal,2.289242090187643,Free Bag,0.645199682117139,1.6440424080705038,HIGH,0
524046,Free Bag,1.1885751959584556,Hotel Meal,0.7192881926476079,0.4692870033108477,HIGH,0
524052,Hotel Night,0.7124464745499619,Hotel Meal,0.5323182577798908,0.18012821677007107,MEDIUM,0
524057,Hotel Meal,1.153325541447665,Exclusive Discount,0.8581411281606905,0.29518441328697453,HIGH,1
524076,Exclusive Discount,0.6625575547488607,Hotel Meal,0.5790607414968203,0.08349681325204039,MEDIUM,0
524080,Hotel Night,0.3004480622133511,No Cancel Fee,0.0,0.3004480622133511,MEDIUM,0
524098,No Cancel Fee,0.0,Exclusive Discount,-0.1247288492224758,0.1247288492224758,MEDIUM,2
524116,Hotel Meal,2.119040093923142,Free Bag,0.1018241682758222,2.01721592564732,HIGH,0
524120,Hotel Meal,1.1466480437738185,Hotel Night,0.7124464745499619,0.43420156922385655,HIGH,0
524151,Free Bag,1.1885751959584556,Exclusive Discount,1.12200913696181,0.0665660589966457,MEDIUM,0
524167,Hotel Night,0.7124464745499619,Exclusive Discount,0.2346772545110109,0.477769220038951,HIGH,0
524169,Hotel Night,0.7124464745499619,Free Bag,0.1018241682758222,0.6106223062741397,HIGH,0
524172,No Cancel Fee,0.0,Exclusive Discount,-0.1247288492224758,0.1247288492224758,MEDIUM,2
524180,Free Bag,1.1885751959584556,Exclusive Discount,0.909441295824549,0.2791339001339066,HIGH,0
524194,Hotel Night,0.7124464745499619,Exclusive Discount,0.7038698112601407,0.008576663289821207,MEDIUM,0
524200,Hotel Meal,1.2980046577143505,Exclusive Discount,0.7601493939482579,0.5378552637660926,HIGH,0
524211,Exclusive Discount,0.9737858245693812,Hotel Night,0.7124464745499619,0.2613393500194193,HIGH,0
524214,Hotel Meal,0.3253158298906332,No Cancel Fee,0.0,0.3253158298906332,MEDIUM,0
524226,Hotel Night,0.7124464745499619,Hotel Meal,0.6925782019522203,0.0198682725977416,MEDIUM,0
524244,Hotel Meal,0.970807271695846,Hotel Night,0.3004480622133511,0.6703592094824949,HIGH,0
524251,Free Bag,1.1885751959584556,Hotel Meal,0.7994181647337724,0.38915703122468326,HIGH,0
524278,Exclusive Discount,1.2822010101510608,Free Bag,1.1885751959584556,0.09362581419260518,MEDIUM,0
524313,Hotel Night,0.7124464745499619,Exclusive Discount,0.4601794314743026,0.2522670430756593,HIGH,0
524318,No Cancel Fee,0.0,Exclusive Discount,-0.1247288492224758,0.1247288492224758,MEDIUM,2
524328,Hotel Night,0.7124464745499619,Free Bag,0.1018241682758222,0.6106223062741397,HIGH,0
524358,Hotel Night,0.7124464745499619,Exclusive Discount,0.0346043334156073,0.6778421411343546,HIGH,0
524365,Hotel Meal,1.5534492960011534,Hotel Night,0.5251744689424108,1.0282748270587425,HIGH,0
524383,Exclusive Discount,1.4618170869397322,Hotel Night,0.7124464745499619,0.7493706123897703,HIGH,0
524407,Hotel Night,0.7124464745499619,Hotel Meal,0.6680940438147808,0.044352430735181136,MEDIUM,0
524412,Hotel Meal,0.9596781089061004,Hotel Night,0.7124464745499619,0.24723163435613849,HIGH,0
524419,Hotel Night,0.0257824539889438,No Cancel Fee,0.0,0.0257824539889438,LOW,0
524448,No Cancel Fee,0.0,Free Bag,-0.9849268594068112,0.9849268594068112,MEDIUM,2
524473,Hotel Meal,0.7215140252055569,Hotel Night,0.3004480622133511,0.4210659629922058,HIGH,0
524484,No Cancel Fee,0.0,Exclusive Discount,-0.1247288492224758,0.1247288492224758,MEDIUM,2
524511,Free Bag,2.2753262236410894,Hotel Night,0.7124464745499619,1.5628797490911275,HIGH,0
524572,Hotel Meal,0.5857382391706674,Hotel Night,0.3004480622133511,0.2852901769573163,MEDIUM,0
524606,Free Bag,0.1018241682758222,No Cancel Fee,0.0,0.1018241682758222,MEDIUM,2
524607,Free Bag,0.3191743738123488,Hotel Meal,0.276347513615755,0.04282686019659382,LOW,0
524615,Exclusive Discount,1.120213277484989,Hotel Night,0.7124464745499619,0.407766802935027,HIGH,0
524620,Hotel Night,0.7124464745499619,No Cancel Fee,0.0,0.7124464745499619,HIGH,0
524628,Hotel Night,0.7124464745499619,Hotel Meal,0.2407341926885707,0.47171228186139125,HIGH,0
524637,Free Bag,1.1885751959584556,Hotel Night,0.7124464745499619,0.4761287214084937,HIGH,0
524644,No Cancel Fee,0.0,Exclusive Discount,-0.6276275836576128,0.6276275836576128,MEDIUM,2
524650,Exclusive Discount,0.953700614881607,Hotel Night,0.7124464745499619,0.24125414033164505,HIGH,0
524663,Hotel Night,0.7124464745499619,No Cancel Fee,0.0,0.7124464745499619,HIGH,0
524668,Free Bag,1.1885751959584556,Hotel Night,0.7124464745499619,0.4761287214084937,HIGH,0
524682,Free Bag,3.3620772513237225,Hotel Night,0.7124464745499619,2.6496307767737606,HIGH,0
524722,Exclusive Discount,0.9970272780194036,Hotel Night,0.7124464745499619,0.2845808034694417,HIGH,0
524728,Free Bag,1.1885751959584556,Exclusive Discount,0.1281666355610943,1.0604085603973612,HIGH,2
524739,Free Bag,1.1885751959584556,Hotel Night,0.7124464745499619,0.4761287214084937,HIGH,0
524766,Free Bag,1.1885751959584556,Hotel Night,0.7124464745499619,0.4761287214084937,HIGH,0
524797,No Cancel Fee,0.0,Exclusive Discount,-0.1247288492224758,0.1247288492224758,MEDIUM,2
524805,Hotel Meal,0.5256407601060439,Hotel Night,0.3004480622133511,0.2251926978926928,MEDIUM,0
524807,Hotel Night,0.7124464745499619,Hotel Meal,0.1517008903706104,0.5607455841793515,HIGH,0
524821,No Cancel Fee,0.0,Exclusive Discount,-0.1247288492224758,0.1247288492224758,MEDIUM,2
524834,Hotel Night,0.7124464745499619,Exclusive Discount,0.5150547703517439,0.19739170419821805,MEDIUM,0
524842,No Cancel Fee,0.0,Exclusive Discount,-0.1247288492224758,0.1247288492224758,MEDIUM,2
524849,Hotel Night,0.7124464745499619,Free Bag,0.1018241682758222,0.6106223062741397,HIGH,0
524861,Hotel Night,0.7124464745499619,Hotel Meal,0.2407341926885707,0.47171228186139125,HIGH,0
524880,No Cancel Fee,0.0,Exclusive Discount,-0.1247288492224758,0.1247288492224758,MEDIUM,2
524885,No Cancel Fee,0.0,Exclusive Discount,-0.1247288492224758,0.1247288492224758,MEDIUM,2
524895,Exclusive Discount,1.0974623074802858,Hotel Night,0.7124464745499619,0.38501583293032393,HIGH,0
524909,Exclusive Discount,0.7183821268843115,Hotel Night,0.7124464745499619,0.0059356523343495615,MEDIUM,0
524913,No Cancel Fee,0.0,Exclusive Discount,-0.1247288492224758,0.1247288492224758,MEDIUM,2
524923,Free Bag,0.1018241682758222,No Cancel Fee,0.0,0.1018241682758222,MEDIUM,2
524926,Hotel Night,0.7124464745499619,Hotel Meal,0.5679315787070749,0.14451489584288701,MEDIUM,0
524929,Free Bag,1.1885751959584556,Hotel Night,0.7124464745499619,0.4761287214084937,HIGH,0
524940,No Cancel Fee,0.0,Exclusive Discount,-0.1247288492224758,0.1247288492224758,MEDIUM,2
524980,Hotel Night,0.7124464745499619,Exclusive Discount,0.566929601507337,0.14551687304262495,MEDIUM,0
525022,Free Bag,1.1885751959584556,Hotel Night,0.7124464745499619,0.4761287214084937,HIGH,0
525034,Free Bag,1.1885751959584556,Hotel Meal,0.6347065554455458,0.5538686405129098,HIGH,0
525043,Hotel Night,0.7124464745499619,Exclusive Discount,0.3368595502903153,0.3755869242596466,HIGH,0
525053,Hotel Night,0.7124464745499619,Hotel Meal,0.1338942299070182,0.5785522446429437,HIGH,0
525056,Hotel Night,0.7124464745499619,Hotel Meal,0.6035448996342594,0.10890157491570251,MEDIUM,0
525081,Hotel Meal,0.6213515600978513,Hotel Night,0.0257824539889438,0.5955691061089075,MEDIUM,0
525089,Hotel Night,0.7124464745499619,Exclusive Discount,0.1199154425827094,0.5925310319672525,HIGH,0
525102,Hotel Meal,0.7727081740383843,Hotel Night,0.7124464745499619,0.060261699488422416,MEDIUM,0
525106,Exclusive Discount,0.9726051297317062,Hotel Night,0.7124464745499619,0.2601586551817443,HIGH,0
525168,Hotel Night,0.7124464745499619,Free Bag,0.1018241682758222,0.6106223062741397,HIGH,0
525175,No Cancel Fee,0.0,Exclusive Discount,-0.1247288492224758,0.1247288492224758,MEDIUM,2
525176,Free Bag,1.1885751959584556,Hotel Night,0.7124464745499619,0.4761287214084937,HIGH,0
525201,Hotel Meal,2.188337680893955,Free Bag,1.1885751959584556,0.9997624849354996,HIGH,0
525227,Hotel Meal,1.387037960032311,Hotel Night,0.4181618943095248,0.9688760657227863,HIGH,0
525234,Hotel Meal,1.3781346298005146,Hotel Night,0.3004480622133511,1.0776865675871634,HIGH,0
525244,Hotel Night,0.7124464745499619,Exclusive Discount,0.6204991980996818,0.09194727645028011,MEDIUM,0
525265,Free Bag,2.2753262236410894,Hotel Night,0.7124464745499619,1.5628797490911275,HIGH,0
525281,Exclusive Discount,0.9772145192380488,Hotel Night,0.7124464745499619,0.2647680446880869,HIGH,0
525308,Hotel Meal,0.2184758671090807,No Cancel Fee,0.0,0.2184758671090807,MEDIUM,0
525323,Free Bag,1.1885751959584556,Hotel Night,0.7124464745499619,0.4761287214084937,HIGH,0
525332,Hotel Meal,1.890076118128787,Hotel Night,0.7124464745499619,1.1776296435788252,HIGH,0
525356,Hotel Night,0.7124464745499619,No Cancel Fee,0.0,0.7124464745499619,HIGH,0
525377,No Cancel Fee,0.0,Exclusive Discount,-0.1247288492224758,0.1247288492224758,MEDIUM,2
525389,Exclusive Discount,0.9537210359830768,Hotel Night,0.7124464745499619,0.24127456143311488,HIGH,0
525405,No Cancel Fee,0.0,Exclusive Discount,-0.1247288492224758,0.1247288492224758,MEDIUM,2
525410,Exclusive Discount,1.1369736678429712,Hotel Meal,0.7192881926476082,0.4176854751953629,HIGH,0
525415,Hotel Night,0.7124464745499619,Hotel Meal,0.1405717275808652,0.5718747469690967,HIGH,0
525447,Hotel Meal,1.8143978111585208,Hotel Night,0.4181618943095248,1.3962359168489962,HIGH,0
525488,No Cancel Fee,0.0,Free Bag,-0.9849268594068112,0.9849268594068112,MEDIUM,0
525515,Exclusive Discount,1.6533298828030143,Hotel Night,0.7124464745499619,0.9408834082530524,HIGH,0
525529,Hotel Night,0.7124464745499619,Free Bag,0.1018241682758222,0.6106223062741397,HIGH,0
525546,Hotel Meal,2.086246160902693,Exclusive Discount,0.8456516748030473,1.2405944860996456,HIGH,0
525555,Hotel Night,0.7124464745499619,Free Bag,0.1018241682758222,0.6106223062741397,HIGH,0
525591,Hotel Meal,0.5189632624321973,Free Bag,0.1018241682758222,0.41713909415637507,MEDIUM,0
525610,Hotel Meal,1.5116845832774557,Free Bag,1.1885751959584556,0.3231093873190001,HIGH,0
525611,Hotel Meal,1.3158113181779425,Free Bag,0.4640745108367,0.8517368073412426,HIGH,0
525615,Hotel Meal,0.9863880996014894,Free Bag,0.7538747848854024,0.23251331471608705,HIGH,0
525631,Hotel Meal,2.1028657106687128,Exclusive Discount,1.2255567164712644,0.8773089941974483,HIGH,1
525647,No Cancel Fee,0.0,Exclusive Discount,-0.1247288492224758,0.1247288492224758,MEDIUM,2
525671,Free Bag,0.4640745108367,Hotel Night,0.3004480622133511,0.1636264486233489,MEDIUM,0
525684,Free Bag,1.1885751959584556,Hotel Meal,0.7638048438065883,0.4247703521518673,HIGH,0
525716,Hotel Meal,1.59181455536362,Free Bag,1.1885751959584556,0.4032393594051644,HIGH,0
525722,Hotel Night,0.7124464745499619,Hotel Meal,0.6480615507932398,0.06438492375672211,MEDIUM,0
525734,Free Bag,1.1885751959584556,Exclusive Discount,0.6600185962752189,0.5285565996832368,HIGH,0
525761,Hotel Meal,1.309875764690079,Exclusive Discount,0.983835934687992,0.3260398300020869,HIGH,1
525769,Hotel Meal,1.7623133293025144,Free Bag,0.3191743738123488,1.4431389554901655,HIGH,0
525789,Hotel Night,0.7124464745499619,Hotel Meal,0.2051208717613866,0.5073256027885753,HIGH,0
525804,Exclusive Discount,1.147507716978918,Hotel Meal,0.3542516531439703,0.7932560638349477,HIGH,0
525806,Exclusive Discount,0.4573710330704378,Free Bag,0.1018241682758222,0.3555468647946156,MEDIUM,0
525824,Free Bag,1.1885751959584556,No Cancel Fee,0.0,1.1885751959584556,HIGH,2
525842,Free Bag,1.1885751959584556,Exclusive Discount,0.92721614433683,0.26135905162162565,HIGH,0
525844,Hotel Meal,1.1306220493565848,Hotel Night,0.7124464745499619,0.41817557480662293,HIGH,0
525848,No Cancel Fee,0.0,Exclusive Discount,-0.1247288492224758,0.1247288492224758,MEDIUM,2
525864,Hotel Night,0.7124464745499619,No Cancel Fee,0.0,0.7124464745499619,HIGH,0
525879,Free Bag,1.1885751959584556,Hotel Meal,0.8795481368199368,0.3090270591385188,HIGH,0
525920,Hotel Meal,0.7148365275317099,Free Bag,0.1018241682758222,0.6130123592558877,HIGH,0
525975,Hotel Night,0.7124464745499619,Hotel Meal,0.6480615507932398,0.06438492375672211,MEDIUM,0
525996,Hotel Meal,1.921237773940073,Hotel Night,0.3004480622133511,1.6207897117267218,HIGH,0
526032,No Cancel Fee,0.0,Exclusive Discount,-0.1247288492224758,0.1247288492224758,MEDIUM,2
526036,No Cancel Fee,0.0,Exclusive Discount,-0.1247288492224758,0.1247288492224758,MEDIUM,2
526062,Hotel Meal,1.128841383310225,Hotel Night,0.0257824539889438,1.1030589293212814,HIGH,0
526079,Free Bag,1.1885751959584556,Exclusive Discount,0.0136009597308143,1.1749742362276414,HIGH,0
526084,Exclusive Discount,1.6043352732186535,Hotel Night,0.7124464745499619,0.8918887986686916,HIGH,0
526102,Hotel Meal,0.9285164530948145,Exclusive Discount,0.6173967540792804,0.31111969901553405,HIGH,0
526144,Hotel Meal,0.6747715414886274,Exclusive Discount,0.4717527466791413,0.2030187948094861,MEDIUM,0
526154,Exclusive Discount,1.40744345621474,Hotel Meal,0.6235773926558004,0.7838660635589396,HIGH,0
526174,Exclusive Discount,0.7993465029102975,Hotel Night,0.7124464745499619,0.08690002836033561,MEDIUM,0
526179,Free Bag,0.7538747848854024,Hotel Meal,0.6777393182325598,0.07613546665284254,MEDIUM,0
526184,Hotel Meal,1.4738454297923225,No Cancel Fee,0.0,1.4738454297923225,HIGH,1
526203,Hotel Meal,1.002414094018722,Exclusive Discount,0.9211985017336962,0.08121559228502584,MEDIUM,0
526221,Free Bag,1.1885751959584556,Hotel Night,0.7124464745499619,0.4761287214084937,HIGH,0
526235,Free Bag,1.1885751959584556,Exclusive Discount,1.1566653946724912,0.031909801285964434,MEDIUM,0
526239,Free Bag,1.1885751959584556,Hotel Meal,1.0546469647119254,0.1339282312465302,MEDIUM,0
526256,Hotel Meal,1.378134629800515,Free Bag,1.1885751959584556,0.18955943384205942,MEDIUM,0
526258,Hotel Night,0.7124464745499619,Exclusive Discount,0.5610623231822751,0.1513841513676868,MEDIUM,0
526291,No Cancel Fee,0.0,Exclusive Discount,-0.1247288492224758,0.1247288492224758,MEDIUM,2
526297,Hotel Meal,0.7192881926476082,Hotel Night,0.4835584676962888,0.23572972495131944,HIGH,0
526303,Hotel Meal,2.0948527134600967,Exclusive Discount,0.0266216388262425,2.068231074633854,HIGH,1
526308,Hotel Meal,0.9685814391378974,Exclusive Discount,0.5423752031894755,0.4262062359484219,HIGH,0
526332,No Cancel Fee,0.0,Exclusive Discount,-0.1247288492224758,0.1247288492224758,MEDIUM,2
526354,Hotel Meal,0.7927406670599254,Hotel Night,0.7124464745499619,0.0802941925099635,MEDIUM,0
526365,Free Bag,1.1885751959584556,Hotel Night,0.7124464745499619,0.4761287214084937,HIGH,0
526367,Free Bag,1.1885751959584556,Hotel Night,0.7124464745499619,0.4761287214084937,HIGH,0
526372,Exclusive Discount,0.8573124640297953,Hotel Night,0.7124464745499619,0.14486598947983342,MEDIUM,0
526378,Hotel Meal,1.0865505647091949,Exclusive Discount,0.7068520522931894,0.3796985124160055,HIGH,0
526409,Hotel Night,0.3004480622133511,Exclusive Discount,0.2211233475884556,0.07932471462489549,LOW,0
526431,Hotel Meal,2.1705310204303623,Exclusive Discount,0.9305605778556,1.2399704425747622,HIGH,0
526435,No Cancel Fee,0.0,Exclusive Discount,-0.1247288492224758,0.1247288492224758,MEDIUM,2
526443,Free Bag,1.1885751959584556,No Cancel Fee,0.0,1.1885751959584556,HIGH,2
526445,Exclusive Discount,0.9693716172448138,Hotel Meal,0.4076716345347467,0.561699982710067,HIGH,0
526471,Free Bag,0.7538747848854024,Hotel Meal,0.5679315787070749,0.1859432061783275,MEDIUM,0
526490,Exclusive Discount,1.448001060289125,Hotel Night,0.7124464745499619,0.735554585739163,HIGH,0
526492,Hotel Meal,0.8929031321676308,Exclusive Discount,0.6372043842345897,0.25569874793304115,HIGH,0
526495,Exclusive Discount,0.949455179748085,No Cancel Fee,0.0,0.949455179748085,HIGH,2
526540,Hotel Night,0.7124464745499619,Free Bag,0.4640745108367,0.24837196371326192,HIGH,0
526565,Free Bag,1.1885751959584556,Exclusive Discount,1.1617050938025233,0.02687010215593233,MEDIUM,0
526570,Free Bag,1.1885751959584556,Hotel Meal,0.7727081740383843,0.4158670219200713,HIGH,0
526628,Free Bag,1.1885751959584556,Hotel Meal,0.4788982763891143,0.7096769195693413,HIGH,0
526668,Hotel Night,0.7124464745499619,Hotel Meal,0.3831874763973072,0.3292589981526547,HIGH,0
526676,Hotel Night,0.3004480622133511,Exclusive Discount,0.2462507627938225,0.05419729941952858,LOW,0
526683,Free Bag,0.4640745108367,Hotel Night,0.3004480622133511,0.1636264486233489,MEDIUM,0
526690,Free Bag,1.1885751959584556,Hotel Night,0.7124464745499619,0.4761287214084937,HIGH,0
526711,Hotel Night,0.7124464745499619,Exclusive Discount,0.5814045271257723,0.13104194742418962,MEDIUM,0
526727,Free Bag,1.1885751959584556,Hotel Night,0.7124464745499619,0.4761287214084937,HIGH,0
526729,Hotel Meal,1.11993805307843,Hotel Night,0.3004480622133511,0.8194899908650789,HIGH,0
526740,No Cancel Fee,0.0,Exclusive Discount,-0.1247288492224758,0.1247288492224758,MEDIUM,2
526759,No Cancel Fee,0.0,Exclusive Discount,-0.1247288492224758,0.1247288492224758,MEDIUM,2
526782,Exclusive Discount,1.3335159107319965,Hotel Night,0.7124464745499619,0.6210694361820346,HIGH,0
526789,Hotel Meal,0.4121232996506447,Exclusive Discount,0.2774351301465856,0.1346881695040591,MEDIUM,0
526837,Hotel Night,0.7124464745499619,Free Bag,0.1018241682758222,0.6106223062741397,HIGH,0
526855,Hotel Night,0.0257824539889438,No Cancel Fee,0.0,0.0257824539889438,LOW,0
526858,No Cancel Fee,0.0,Exclusive Discount,-0.1247288492224758,0.1247288492224758,MEDIUM,2
526867,Hotel Meal,0.7727081740383843,Hotel Night,0.7124464745499619,0.060261699488422416,MEDIUM,0
526872,Hotel Meal,1.7609778297677443,Exclusive Discount,1.1385372350292842,0.6224405947384601,HIGH,1
526873,Free Bag,1.1885751959584556,Hotel Night,0.7124464745499619,0.4761287214084937,HIGH,0
526900,Exclusive Discount,0.7384529428395392,Free Bag,0.4640745108367,0.27437843200283923,HIGH,0
526901,Hotel Night,0.7124464745499619,Hotel Meal,0.7044493089279479,0.007997165622014024,MEDIUM,0
526905,Hotel Meal,1.1933905274907477,Free Bag,0.645199682117139,0.5481908453736087,HIGH,0
526913,Hotel Meal,1.0064205926230303,Hotel Night,0.1974484591291983,0.808972133493832,HIGH,0
526916,No Cancel Fee,0.0,Exclusive Discount,-0.1247288492224758,0.1247288492224758,MEDIUM,2
526950,Hotel Night,0.7124464745499619,Free Bag,0.1018241682758222,0.6106223062741397,HIGH,0
526959,Hotel Night,0.7124464745499619,Hotel Meal,0.0515384252629049,0.660908049287057,HIGH,0
526970,Hotel Meal,1.5383945739728435,Exclusive Discount,1.0334433298615526,0.5049512441112909,HIGH,0
527001,No Cancel Fee,0.0,Exclusive Discount,-0.1247288492224758,0.1247288492224758,MEDIUM,2
527004,Hotel Night,0.7124464745499619,Exclusive Discount,0.593333448149043,0.11911302640091892,MEDIUM,0
527019,Free Bag,1.1885751959584556,Hotel Night,0.7124464745499619,0.4761287214084937,HIGH,0
527038,Free Bag,0.4640745108367,No Cancel Fee,0.0,0.4640745108367,MEDIUM,0
527046,Hotel Night,0.7124464745499619,Exclusive Discount,0.1439455022539684,0.5685009722959935,HIGH,0
527075,Free Bag,2.2753262236410894,Hotel Night,0.7124464745499619,1.5628797490911275,HIGH,0
527081,Hotel Night,0.7124464745499619,Exclusive Discount,0.5280324137196919,0.18441406083027,MEDIUM,0
527082,Free Bag,1.1885751959584556,Hotel Meal,0.7571273461327414,0.43144784982571427,HIGH,0
527109,Hotel Meal,0.7393206856691493,Hotel Night,0.4181618943095248,0.32115879135962455,HIGH,0
527130,No Cancel Fee,0.0,Exclusive Discount,-0.1247288492224758,0.1247288492224758,MEDIUM,2
527132,Exclusive Discount,1.2883877044534071,Hotel Night,0.7124464745499619,0.5759412299034452,HIGH,0
527133,Hotel Meal,1.4671679321184756,Free Bag,1.1885751959584556,0.27859273616002,HIGH,0
527141,Exclusive Discount,0.8976748621121896,Hotel Meal,0.1583783880444574,0.7392964740677322,HIGH,0
527142,Hotel Meal,1.8366561367380108,Hotel Night,0.7124464745499619,1.1242096621880489,HIGH,0
527150,Hotel Night,0.7124464745499619,Hotel Meal,0.3475741554701232,0.3648723190798387,HIGH,0
527154,Free Bag,1.1885751959584556,Hotel Night,0.7124464745499619,0.4761287214084937,HIGH,0
527158,Free Bag,1.1885751959584556,Hotel Night,0.7124464745499619,0.4761287214084937,HIGH,0
527187,Hotel Night,0.7124464745499619,Exclusive Discount,0.4738508995524838,0.23859557499747813,HIGH,0
527197,Exclusive Discount,1.587535309702977,Free Bag,1.1885751959584556,0.39896011374452134,HIGH,0
527219,Free Bag,1.1885751959584556,Hotel Night,0.7124464745499619,0.4761287214084937,HIGH,0
527232,Exclusive Discount,1.3160886293936929,Hotel Night,0.7124464745499619,0.603642154843731,HIGH,0
527253,Exclusive Discount,0.9074713591211128,Hotel Meal,0.7192881926476082,0.18818316647350453,MEDIUM,0
527280,Free Bag,1.1885751959584556,Hotel Meal,0.268186127569942,0.9203890683885136,HIGH,0
527326,No Cancel Fee,0.0,Exclusive Discount,-0.1247288492224758,0.1247288492224758,MEDIUM,2
527344,Hotel Meal,0.1619397201371759,Hotel Night,0.0257824539889438,0.1361572661482321,MEDIUM,0
527346,Exclusive Discount,1.20636052852939,No Cancel Fee,0.0,1.20636052852939,HIGH,2
527354,Exclusive Discount,1.397499082562287,Free Bag,1.1885751959584556,0.20892388660383143,HIGH,0
527359,Free Bag,1.1885751959584556,Hotel Night,0.7124464745499619,0.4761287214084937,HIGH,0
527389,Exclusive Discount,1.2255567164712644,Hotel Meal,1.1199380530784295,0.10561866339283488,MEDIUM,1
527393,Hotel Night,0.7124464745499619,Free Bag,0.1018241682758222,0.6106223062741397,HIGH,0
527396,Free Bag,1.1885751959584556,Hotel Night,0.7124464745499619,0.4761287214084937,HIGH,0
527401,Hotel Meal,1.4582646018866792,Hotel Night,0.7124464745499619,0.7458181273367173,HIGH,0
527406,Free Bag,0.1018241682758222,Hotel Night,0.0257824539889438,0.0760417142868784,LOW,0
527451,Exclusive Discount,2.0019046807026,Free Bag,1.1885751959584556,0.8133294847441446,HIGH,0
527452,Exclusive Discount,0.7781215483601233,Hotel Night,0.7124464745499619,0.06567507381016136,MEDIUM,0
527455,Free Bag,1.1885751959584556,Hotel Night,0.7124464745499619,0.4761287214084937,HIGH,0
527464,Free Bag,1.6232756070315089,Hotel Meal,1.180035532143053,0.44324007488845596,HIGH,0
527467,Exclusive Discount,0.3532401554124423,Hotel Night,0.0257824539889438,0.3274577014234985,MEDIUM,0
527470,Free Bag,1.1885751959584556,Exclusive Discount,0.922045877435711,0.26652931852274464,HIGH,0
527490,Hotel Night,0.7124464745499619,Free Bag,0.4640745108367,0.24837196371326192,HIGH,0
527507,Free Bag,0.4640745108367,Hotel Night,0.3004480622133511,0.1636264486233489,MEDIUM,0
527508,Free Bag,1.1885751959584556,Hotel Night,0.3004480622133511,0.8881271337451045,HIGH,0
527518,Hotel Night,0.7124464745499619,No Cancel Fee,0.0,0.7124464745499619,HIGH,0
527524,No Cancel Fee,0.0,Exclusive Discount,-0.1247288492224758,0.1247288492224758,MEDIUM,2
527536,No Cancel Fee,0.0,Exclusive Discount,-0.1247288492224758,0.1247288492224758,MEDIUM,2
527541,Hotel Meal,1.950915541379394,Exclusive Discount,1.747673605123128,0.20324193625626585,HIGH,1
527552,Hotel Meal,1.5235556902531835,Exclusive Discount,1.264232041556588,0.2593236486965955,HIGH,1
527560,Hotel Meal,1.934592769287768,Exclusive Discount,0.9790015190523288,0.9555912502354392,HIGH,1
527564,Free Bag,0.4640745108367,Hotel Night,0.3004480622133511,0.1636264486233489,MEDIUM,0
527585,Hotel Night,0.7124464745499619,Exclusive Discount,0.5306752024539525,0.1817712720960094,MEDIUM,0
527605,Hotel Night,0.3004480622133511,No Cancel Fee,0.0,0.3004480622133511,MEDIUM,0
527689,Hotel Meal,2.22172516926319,Exclusive Discount,0.664764502734077,1.556960666529113,HIGH,1
527690,Hotel Meal,0.5879640717286163,Free Bag,0.4640745108367,0.12388956089191633,MEDIUM,0
527726,Free Bag,0.1018241682758222,No Cancel Fee,0.0,0.1018241682758222,MEDIUM,2
527735,Free Bag,1.1885751959584556,Hotel Night,0.7124464745499619,0.4761287214084937,HIGH,0
527750,Hotel Meal,1.6541378669861917,No Cancel Fee,0.0,1.6541378669861917,HIGH,1
527782,Hotel Meal,0.7148365275317099,Free Bag,0.1018241682758222,0.6130123592558877,HIGH,0
527783,Exclusive Discount,0.9730838519318484,Hotel Night,0.7124464745499619,0.2606373773818865,HIGH,0
527801,No Cancel Fee,0.0,Exclusive Discount,-0.1247288492224758,0.1247288492224758,MEDIUM,2
527824,Hotel Meal,1.180035532143053,Free Bag,0.7538747848854024,0.4261607472576505,HIGH,0
527850,Hotel Meal,1.9786642539351584,Free Bag,0.4640745108367,1.5145897430984585,HIGH,0
527857,Hotel Meal,2.328565132044743,No Cancel Fee,0.0,2.328565132044743,HIGH,1
527886,Free Bag,1.1885751959584556,Exclusive Discount,0.6376840428030037,0.5508911531554519,HIGH,0
527928,Exclusive Discount,1.5867639421823272,Hotel Night,0.7124464745499619,0.8743174676323653,HIGH,0
527944,Hotel Meal,1.146648043773818,Hotel Night,0.7124464745499619,0.4342015692238561,HIGH,0
527945,No Cancel Fee,0.0,Exclusive Discount,-0.1247288492224758,0.1247288492224758,MEDIUM,2
527984,Free Bag,1.1885751959584556,Hotel Meal,1.0130980902968774,0.17547710566157826,MEDIUM,0
527987,Exclusive Discount,1.2549547009308497,Free Bag,0.645199682117139,0.6097550188137107,HIGH,0
527995,Free Bag,1.1885751959584556,Hotel Meal,0.2117983694352339,0.9767768265232217,HIGH,0
528020,Hotel Meal,1.066518071687654,Hotel Night,0.7124464745499619,0.354071597137692,HIGH,0
528028,Exclusive Discount,0.1169621308484298,No Cancel Fee,0.0,0.1169621308484298,MEDIUM,0
528046,Hotel Night,0.7124464745499619,No Cancel Fee,0.0,0.7124464745499619,HIGH,0
528061,Hotel Night,0.7124464745499619,Free Bag,0.1018241682758222,0.6106223062741397,HIGH,0
528098,No Cancel Fee,0.0,Exclusive Discount,-0.1247288492224758,0.1247288492224758,MEDIUM,2
528105,Hotel Meal,1.1733580344692065,Free Bag,0.4640745108367,0.7092835236325066,HIGH,0
528122,Exclusive Discount,0.7629072324347709,Hotel Night,0.7124464745499619,0.05046075788480897,MEDIUM,0
528137,No Cancel Fee,0.0,Exclusive Discount,-0.1247288492224758,0.1247288492224758,MEDIUM,2
528139,Hotel Meal,1.7943653181369796,No Cancel Fee,0.0,1.7943653181369796,HIGH,1
528158,Exclusive Discount,0.2637835417947486,No Cancel Fee,0.0,0.2637835417947486,MEDIUM,0
528164,Hotel Meal,0.9062581275153244,Free Bag,0.645199682117139,0.26105844539818546,HIGH,0
528179,Hotel Meal,1.3247146484097383,No Cancel Fee,0.0,1.3247146484097383,HIGH,1
528186,Hotel Meal,0.7549015135747923,Hotel Night,0.7124464745499619,0.04245503902483039,MEDIUM,0
528193,Hotel Night,0.7124464745499619,Hotel Meal,0.3475741554701232,0.3648723190798387,HIGH,0
528216,Free Bag,1.1885751959584556,Hotel Night,0.7124464745499619,0.4761287214084937,HIGH,0
528242,Exclusive Discount,1.1199540178895186,Free Bag,0.4640745108367,0.6558795070528187,HIGH,0
528244,Hotel Night,0.7124464745499619,Exclusive Discount,0.2811917580015426,0.4312547165484193,HIGH,0
528248,Free Bag,1.1885751959584556,Hotel Night,0.7124464745499619,0.4761287214084937,HIGH,0
528281,Hotel Meal,1.4493612716548832,Hotel Night,0.3004480622133511,1.148913209441532,HIGH,0
528322,Hotel Meal,0.4188007973244917,Hotel Night,0.4181618943095248,0.0006389030149669406,LOW,0
528330,Free Bag,1.1885751959584556,Hotel Night,0.7124464745499619,0.4761287214084937,HIGH,0
528354,Hotel Night,0.7124464745499619,Free Bag,0.4640745108367,0.24837196371326192,HIGH,0
528372,Hotel Meal,2.008045243700085,Exclusive Discount,0.5777450212920969,1.4303002224079882,HIGH,1
528378,Free Bag,1.1885751959584556,Hotel Night,0.7124464745499619,0.4761287214084937,HIGH,0
528379,Free Bag,1.1885751959584556,Hotel Night,0.7124464745499619,0.4761287214084937,HIGH,0
528411,Free Bag,1.1885751959584556,Hotel Night,0.4181618943095248,0.7704133016489308,HIGH,0
528413,No Cancel Fee,0.0,Exclusive Discount,-0.1247288492224758,0.1247288492224758,MEDIUM,2
528417,Exclusive Discount,0.7442631609830092,Hotel Night,0.7124464745499619,0.03181668643304725,MEDIUM,0
528421,Hotel Meal,0.8261281554291608,Exclusive Discount,0.2380230730360254,0.5881050823931354,HIGH,0
528455,Hotel Night,0.7124464745499619,Hotel Meal,0.4967049368527072,0.21574153769725468,HIGH,0
528461,No Cancel Fee,0.0,Exclusive Discount,-0.1247288492224758,0.1247288492224758,MEDIUM,2
528490,Hotel Night,0.7124464745499619,Hotel Meal,0.3653808159337152,0.3470656586162467,HIGH,0
528500,Free Bag,1.1885751959584556,No Cancel Fee,0.0,1.1885751959584556,HIGH,0
528522,Free Bag,3.3620772513237225,Exclusive Discount,1.6376436229720566,1.724433628351666,HIGH,0
528542,Free Bag,1.1885751959584556,Hotel Night,0.7124464745499619,0.4761287214084937,HIGH,0
528567,Hotel Meal,1.915302220452209,Exclusive Discount,1.055753905848794,0.8595483146034151,HIGH,0
528580,Free Bag,1.1885751959584556,Exclusive Discount,1.1742328846279042,0.014342311330551416,MEDIUM,0
528612,Hotel Night,0.7124464745499619,Free Bag,0.1018241682758222,0.6106223062741397,HIGH,0
528657,Hotel Meal,0.9062581275153252,Hotel Night,0.7124464745499619,0.1938116529653633,MEDIUM,0
528661,Hotel Night,0.7124464745499619,Exclusive Discount,0.4270925501084058,0.2853539244415561,HIGH,0
528683,Hotel Night,0.7124464745499619,No Cancel Fee,0.0,0.7124464745499619,HIGH,0
528688,Hotel Meal,1.901205280918533,No Cancel Fee,0.0,1.901205280918533,HIGH,1
528690,Hotel Night,0.7124464745499619,Exclusive Discount,0.2547610237934449,0.457685450756517,HIGH,0
528706,Free Bag,1.1885751959584556,Hotel Night,0.7124464745499619,0.4761287214084937,HIGH,0
528723,Hotel Meal,1.2980046577143505,Exclusive Discount,0.6210044787265533,0.6770001789877972,HIGH,0
528735,Exclusive Discount,0.7756102519837469,Hotel Night,0.7124464745499619,0.06316377743378498,MEDIUM,0
528743,Hotel Night,0.7124464745499619,Free Bag,0.1018241682758222,0.6106223062741397,HIGH,0
528744,Hotel Meal,1.128841383310226,Free Bag,0.4640745108367,0.6647668724735261,HIGH,0
528777,Free Bag,1.1885751959584556,Hotel Meal,1.0130980902968774,0.17547710566157826,MEDIUM,0
528816,Hotel Meal,1.360327969336923,Hotel Night,0.7124464745499619,0.6478814947869611,HIGH,0
528826,Hotel Night,0.7124464745499619,Exclusive Discount,0.657269631401542,0.05517684314841986,MEDIUM,0
528827,Hotel Meal,1.2356813460917784,Exclusive Discount,0.557396182183442,0.6782851639083364,HIGH,0
528828,Free Bag,0.645199682117139,Hotel Night,0.0257824539889438,0.6194172281281951,MEDIUM,0
528829,Hotel Meal,0.9774847693696934,Hotel Night,0.3004480622133511,0.6770367071563423,HIGH,0
528839,Exclusive Discount,1.8369731142789807,No Cancel Fee,0.0,1.8369731142789807,HIGH,2
528842,Hotel Night,0.0257824539889438,No Cancel Fee,0.0,0.0257824539889438,LOW,0
528844,Free Bag,1.1885751959584556,Exclusive Discount,0.8260834431582028,0.3624917528002528,HIGH,0
528906,Exclusive Discount,1.9077847210412835,Hotel Night,0.7124464745499619,1.1953382464913216,HIGH,0
528929,Free Bag,1.1885751959584556,No Cancel Fee,0.0,1.1885751959584556,HIGH,2
528930,Hotel Night,0.7124464745499619,Free Bag,0.1018241682758222,0.6106223062741397,HIGH,0
528936,No Cancel Fee,0.0,Exclusive Discount,-0.1247288492224758,0.1247288492224758,MEDIUM,2
528942,Hotel Meal,1.72625484186374,Hotel Night,0.7124464745499619,1.013808367313778,HIGH,0
528953,Hotel Night,0.7124464745499619,Hotel Meal,0.5750542428925124,0.13739223165744952,MEDIUM,0
528965,Hotel Night,0.7124464745499619,No Cancel Fee,0.0,0.7124464745499619,HIGH,0
528967,Free Bag,3.3620772513237225,Exclusive Discount,1.5554613437021645,1.806615907621558,HIGH,0
528995,Hotel Night,0.7124464745499619,Hotel Meal,0.5256407601060442,0.1868057144439177,MEDIUM,0
528999,Free Bag,0.4640745108367,Hotel Night,0.3004480622133511,0.1636264486233489,MEDIUM,0
529019,Free Bag,1.9130758810802115,Exclusive Discount,0.4235924775117962,1.4894834035684155,HIGH,0
529023,Hotel Night,0.7124464745499619,Free Bag,0.1018241682758222,0.6106223062741397,HIGH,0
529048,Hotel Night,0.7124464745499619,No Cancel Fee,0.0,0.7124464745499619,HIGH,0
529050,Free Bag,1.1885751959584556,Hotel Night,0.7124464745499619,0.4761287214084937,HIGH,0
529082,Hotel Night,0.7124464745499619,No Cancel Fee,0.0,0.7124464745499619,HIGH,0
529205,Hotel Meal,1.4760712623502716,Free Bag,1.1885751959584556,0.287496066391816,HIGH,0
529214,Free Bag,1.1885751959584556,Hotel Night,0.7124464745499619,0.4761287214084937,HIGH,0
529216,Hotel Meal,2.114885206481637,Exclusive Discount,0.9644982721453303,1.1503869343363065,HIGH,1
529224,Hotel Meal,1.0487114112240614,Free Bag,0.826324853397578,0.22238655782648342,HIGH,0
529229,Hotel Night,0.7124464745499619,No Cancel Fee,0.0,0.7124464745499619,HIGH,0
529231,Free Bag,1.1885751959584556,Hotel Night,0.7124464745499619,0.4761287214084937,HIGH,0
529237,Free Bag,1.1885751959584556,Hotel Meal,0.6881265368363219,0.5004486591221338,HIGH,0
529249,Exclusive Discount,0.3681789840356373,Free Bag,0.1018241682758222,0.2663548157598151,MEDIUM,0
529284,No Cancel Fee,0.0,Exclusive Discount,-0.1247288492224758,0.1247288492224758,MEDIUM,2
529309,Hotel Meal,1.0487114112240614,Hotel Night,0.7124464745499619,0.3362649366740995,HIGH,0
529332,Hotel Night,0.7124464745499619,Hotel Meal,0.1761850485080494,0.5362614260419125,HIGH,0
529338,Hotel Night,0.7124464745499619,Hotel Meal,0.6658682112568318,0.046578263293130084,MEDIUM,0
529362,Hotel Meal,1.0130980902968774,Hotel Night,0.7124464745499619,0.30065161574691546,HIGH,0
529406,Exclusive Discount,0.7599791553320482,Hotel Night,0.7124464745499619,0.04753268078208628,MEDIUM,0
529420,No Cancel Fee,0.0,Exclusive Discount,-0.1247288492224758,0.1247288492224758,MEDIUM,2
529421,Hotel Meal,1.548039848390623,Hotel Night,0.4835584676962888,1.0644813806943343,HIGH,0
529422,Free Bag,1.1885751959584556,Exclusive Discount,0.8725982667388108,0.3159769292196448,HIGH,0
529424,Exclusive Discount,0.5718579833020946,Hotel Night,0.3004480622133511,0.2714099210887435,MEDIUM,0
529428,Exclusive Discount,2.0002156511510414,Free Bag,1.1885751959584556,0.8116404551925858,HIGH,0
529436,Hotel Meal,1.2468105088815236,Exclusive Discount,0.7642355513096485,0.4825749575718751,HIGH,0
529488,No Cancel Fee,0.0,Exclusive Discount,-0.1247288492224758,0.1247288492224758,MEDIUM,2
529501,Exclusive Discount,0.8261503573432315,Hotel Meal,0.7994181647337724,0.026732192609459138,MEDIUM,0
529502,Hotel Night,0.7124464745499619,Free Bag,0.1018241682758222,0.6106223062741397,HIGH,0
529510,Exclusive Discount,0.2698592258028902,Free Bag,0.1018241682758222,0.168035057527068,MEDIUM,0
529513,Hotel Meal,1.0220014205286725,Hotel Night,0.0257824539889438,0.9962189665397287,HIGH,0
529520,No Cancel Fee,0.0,Exclusive Discount,-0.1247288492224758,0.1247288492224758,MEDIUM,2
529566,Hotel Night,0.7124464745499619,No Cancel Fee,0.0,0.7124464745499619,HIGH,0
529602,Hotel Meal,0.788734168455617,Hotel Night,0.7124464745499619,0.07628769390565504,MEDIUM,0
529677,Hotel Meal,1.901205280918533,Exclusive Discount,0.5584073587494373,1.3427979221690958,HIGH,1
529678,Free Bag,1.1885751959584556,Hotel Night,0.7124464745499619,0.4761287214084937,HIGH,0
529689,Hotel Night,0.3004480622133511,No Cancel Fee,0.0,0.3004480622133511,MEDIUM,0
529695,Hotel Night,0.4181618943095248,Hotel Meal,0.3475741554701232,0.07058773883940156,LOW,0
529704,Hotel Meal,1.5472979042046395,No Cancel Fee,0.0,1.5472979042046395,HIGH,1
529734,Free Bag,1.1885751959584556,Hotel Night,0.7124464745499619,0.4761287214084937,HIGH,0
529737,No Cancel Fee,0.0,Exclusive Discount,-0.1247288492224758,0.1247288492224758,MEDIUM,2
529768,Hotel Night,0.4181618943095248,Hotel Meal,0.3119608345429392,0.10620105976658556,MEDIUM,0
529781,Exclusive Discount,1.6593636118462758,Free Bag,1.1885751959584556,0.47078841588782017,HIGH,0
529783,Hotel Meal,1.36700546701077,No Cancel Fee,0.0,1.36700546701077,HIGH,1
529787,Exclusive Discount,1.0794204236801812,Free Bag,0.645199682117139,0.43422074156304225,HIGH,0
529801,Hotel Meal,1.326940480967688,Free Bag,0.645199682117139,0.681740798850549,HIGH,0
529831,Hotel Meal,1.5584270669943852,Exclusive Discount,0.455972558658748,1.1024545083356372,HIGH,0
529840,Exclusive Discount,1.4296733896445837,Free Bag,1.1885751959584556,0.24109819368612806,HIGH,2
529845,Exclusive Discount,1.6907787867308706,Hotel Night,0.7124464745499619,0.9783323121809087,HIGH,0
529857,No Cancel Fee,0.0,Exclusive Discount,-0.1247288492224758,0.1247288492224758,MEDIUM,2
529879,Hotel Meal,1.0932280623830417,Hotel Night,0.7124464745499619,0.3807815878330798,HIGH,0
529887,Free Bag,1.1885751959584556,Hotel Night,0.7124464745499619,0.4761287214084937,HIGH,0
529913,No Cancel Fee,0.0,Exclusive Discount,-0.1247288492224758,0.1247288492224758,MEDIUM,2
529940,Free Bag,1.1885751959584556,Exclusive Discount,0.937334400910374,0.2512407950480816,HIGH,0
529972,Free Bag,1.1885751959584556,Hotel Night,0.7124464745499619,0.4761287214084937,HIGH,0
530004,Exclusive Discount,0.35963872234574,No Cancel Fee,0.0,0.35963872234574,MEDIUM,2
530039,Exclusive Discount,1.0900933490248406,Free Bag,0.4640745108367,0.6260188381881406,HIGH,0
530090,Hotel Night,0.7124464745499619,Free Bag,0.4640745108367,0.24837196371326192,HIGH,0
530118,Free Bag,1.1885751959584556,Hotel Meal,1.180035532143053,0.00853966381540272,MEDIUM,0
530188,Hotel Night,0.7124464745499619,Hotel Meal,0.4900274391788602,0.2224190353711017,HIGH,0
530199,No Cancel Fee,0.0,Exclusive Discount,-0.1247288492224758,0.1247288492224758,MEDIUM,2
530213,Exclusive Discount,0.8929386712081915,Hotel Night,0.7124464745499619,0.18049219665822958,MEDIUM,0
530223,Exclusive Discount,0.8340150840889087,Hotel Night,0.7124464745499619,0.12156860953894677,MEDIUM,0
530240,Free Bag,1.1885751959584556,Hotel Night,0.7124464745499619,0.4761287214084937,HIGH,0
530277,Hotel Meal,1.654137866986192,Hotel Night,0.7124464745499619,0.94169139243623,HIGH,0
530278,Exclusive Discount,0.3945605647473902,Hotel Night,0.3004480622133511,0.09411250253403913,LOW,0
530282,Exclusive Discount,1.0441653556638644,Hotel Meal,0.6925782019522194,0.35158715371164495,HIGH,0
530298,Hotel Night,0.7124464745499619,Exclusive Discount,0.2138203572125107,0.4986261173374512,HIGH,0
530315,Hotel Night,0.7124464745499619,Exclusive Discount,0.4739584877211181,0.2384879868288438,HIGH,0
530322,Free Bag,2.2753262236410894,Hotel Night,0.7124464745499619,1.5628797490911275,HIGH,0
530329,Free Bag,1.1885751959584556,No Cancel Fee,0.0,1.1885751959584556,HIGH,2
530365,Exclusive Discount,1.252467294613055,Hotel Night,0.7124464745499619,0.5400208200630932,HIGH,0
530371,Hotel Meal,0.3542516531439703,Hotel Night,0.0257824539889438,0.3284691991550265,MEDIUM,0
530374,Exclusive Discount,0.7155581016002667,Hotel Night,0.7124464745499619,0.003111627050304766,MEDIUM,0
530379,Exclusive Discount,0.9157606898947336,Hotel Night,0.7124464745499619,0.20331421534477168,HIGH,0
530383,Free Bag,0.4640745108367,Hotel Night,0.3004480622133511,0.1636264486233489,MEDIUM,0
530385,Hotel Night,0.7124464745499619,Exclusive Discount,0.3373389198554328,0.3751075546945291,HIGH,0
530421,Hotel Night,0.7124464745499619,Hotel Meal,0.4544141182516757,0.2580323562982862,HIGH,0
530427,Free Bag,1.1885751959584556,Hotel Night,0.7124464745499619,0.4761287214084937,HIGH,0
530463,Hotel Meal,0.4147942987201833,Hotel Night,0.3004480622133511,0.11434623650683223,MEDIUM,0
530468,Hotel Night,0.7124464745499619,Hotel Meal,0.4788982763891143,0.2335481981608476,HIGH,0
530514,Free Bag,1.1885751959584556,Hotel Meal,0.7994181647337724,0.38915703122468326,HIGH,0
530543,Hotel Meal,0.8617414763563448,Free Bag,0.7538747848854024,0.10786669147094241,MEDIUM,0
530563,Hotel Night,0.7124464745499619,Hotel Meal,0.5323182577798908,0.18012821677007107,MEDIUM,0
530579,Exclusive Discount,1.980400066034466,Hotel Night,0.7124464745499619,1.2679535914845041,HIGH,0
530581,Hotel Meal,1.901205280918533,Exclusive Discount,0.5294008649354446,1.3718044159830884,HIGH,1
530585,Hotel Meal,1.093228062383042,Exclusive Discount,0.6031329463120386,0.4900951160710033,HIGH,0
530592,Hotel Meal,1.1911646949327983,Free Bag,1.1885751959584556,0.0025894989743426855,MEDIUM,0
530599,Hotel Meal,1.6875253553554272,Exclusive Discount,0.2490047580668488,1.4385205972885784,HIGH,1
530607,Hotel Night,0.7124464745499619,Free Bag,0.1018241682758222,0.6106223062741397,HIGH,0
530625,Hotel Night,0.7124464745499619,Exclusive Discount,0.6464014792097392,0.06604499534022268,MEDIUM,0
530627,Free Bag,0.4640745108367,Hotel Night,0.3004480622133511,0.1636264486233489,MEDIUM,0
530633,No Cancel Fee,0.0,Exclusive Discount,-0.1247288492224758,0.1247288492224758,MEDIUM,2
530645,Hotel Meal,1.565104564668232,Hotel Night,0.7124464745499619,0.8526580901182701,HIGH,0
530649,Free Bag,1.1885751959584556,Hotel Night,0.7124464745499619,0.4761287214084937,HIGH,0
530656,Hotel Night,0.7124464745499619,No Cancel Fee,0.0,0.7124464745499619,HIGH,0
530665,Hotel Night,0.7124464745499619,Exclusive Discount,0.4950382332793016,0.21740824127066033,HIGH,0
530666,Free Bag,1.1885751959584556,Exclusive Discount,0.0548236696749652,1.1337515262834905,HIGH,0
530667,Hotel Meal,1.3585473032905642,Free Bag,1.1885751959584556,0.16997210733210855,MEDIUM,0
530672,No Cancel Fee,0.0,Exclusive Discount,-0.1247288492224758,0.1247288492224758,MEDIUM,2
530673,No Cancel Fee,0.0,Exclusive Discount,-0.1247288492224758,0.1247288492224758,MEDIUM,2
530687,Exclusive Discount,0.836578395102652,Hotel Night,0.7124464745499619,0.12413192055269007,MEDIUM,0
530719,Exclusive Discount,1.047099428832526,Hotel Night,0.7124464745499619,0.33465295428256403,HIGH,0
530720,Free Bag,0.4640745108367,Hotel Night,0.3004480622133511,0.1636264486233489,MEDIUM,0
530724,Hotel Meal,1.2374620121381374,Hotel Night,0.5539855467281884,0.683476465409949,HIGH,0
530739,Free Bag,1.1885751959584556,Hotel Night,0.7124464745499619,0.4761287214084937,HIGH,0
530743,Free Bag,1.1885751959584556,Hotel Night,0.0257824539889438,1.1627927419695119,HIGH,0
530754,Hotel Meal,0.9915817089033704,Free Bag,0.645199682117139,0.3463820267862314,HIGH,0
530773,Free Bag,1.1885751959584556,Hotel Night,0.0257824539889438,1.1627927419695119,HIGH,0
530775,Free Bag,1.1885751959584556,Hotel Night,0.3004480622133511,0.8881271337451045,HIGH,0
530797,Hotel Night,0.7124464745499619,Exclusive Discount,0.3805518207861004,0.3318946537638615,HIGH,0
530801,Free Bag,1.1885751959584556,Hotel Meal,0.5790607414968203,0.6095144544616353,HIGH,0
530810,Hotel Night,0.7124464745499619,Hotel Meal,0.2407341926885707,0.47171228186139125,HIGH,0
530833,Free Bag,1.1885751959584556,Hotel Meal,0.6272871135857153,0.5612880823727403,HIGH,0
530869,Hotel Meal,1.153325541447665,No Cancel Fee,0.0,1.153325541447665,HIGH,1
530873,No Cancel Fee,0.0,Exclusive Discount,-0.1247288492224758,0.1247288492224758,MEDIUM,2
530881,Hotel Meal,0.8973547972835293,Hotel Night,0.7124464745499619,0.1849083227335674,MEDIUM,0
530906,Free Bag,1.1885751959584556,Hotel Night,0.7124464745499619,0.4761287214084937,HIGH,0
530949,Free Bag,1.1885751959584556,Hotel Night,0.7124464745499619,0.4761287214084937,HIGH,0
530950,Hotel Meal,1.4805229274661695,Free Bag,1.1885751959584556,0.2919477315077139,HIGH,0
530978,Hotel Meal,1.3135854856199936,Free Bag,0.7538747848854024,0.5597107007345912,HIGH,0
531006,Hotel Night,0.7124464745499619,No Cancel Fee,0.0,0.7124464745499619,HIGH,0
531009,Hotel Meal,1.6719445274497842,Free Bag,0.4640745108367,1.2078700166130842,HIGH,0
531016,Hotel Meal,1.9580382055648309,Hotel Night,0.4835584676962888,1.4744797378685421,HIGH,0
531020,Hotel Meal,0.9062581275153248,Hotel Night,0.7124464745499619,0.19381165296536285,MEDIUM,0
531027,Free Bag,1.1885751959584556,Hotel Night,0.0257824539889438,1.1627927419695119,HIGH,0
531031,No Cancel Fee,0.0,Exclusive Discount,-0.1247288492224758,0.1247288492224758,MEDIUM,2
531054,Hotel Night,0.7124464745499619,Hotel Meal,0.4610916159255223,0.2513548586244396,HIGH,0
531073,Free Bag,0.1018241682758222,Hotel Night,0.0257824539889438,0.0760417142868784,LOW,0
531094,Free Bag,1.1885751959584556,Hotel Night,0.7124464745499619,0.4761287214084937,HIGH,0
531109,Free Bag,1.1885751959584556,Exclusive Discount,1.1311238410740576,0.05745135488439801,MEDIUM,0
531143,Exclusive Discount,0.936327982728448,Hotel Night,0.7124464745499619,0.22388150817848607,HIGH,0
531144,Hotel Night,0.7124464745499619,Exclusive Discount,0.4728138245714756,0.23963264997848632,HIGH,0
531158,Hotel Meal,0.9774847693696934,Hotel Night,0.7124464745499619,0.2650382948197315,HIGH,0
531198,Exclusive Discount,1.0170531079434684,Hotel Night,0.7124464745499619,0.30460663339350647,HIGH,0
531204,Hotel Meal,1.1132605554045825,Hotel Night,0.3004480622133511,0.8128124931912314,HIGH,0
531217,Hotel Night,0.4181618943095248,Hotel Meal,0.0982809089798341,0.31988098532969067,MEDIUM,0
531253,Hotel Meal,1.5205879135092517,Free Bag,1.1885751959584556,0.3320127175507961,HIGH,0
531255,No Cancel Fee,0.0,Exclusive Discount,-0.1247288492224758,0.1247288492224758,MEDIUM,2
531322,Hotel Night,0.7124464745499619,Hotel Meal,0.1695075508342024,0.5429389237157595,HIGH,0
531339,Free Bag,1.1885751959584556,No Cancel Fee,0.0,1.1885751959584556,HIGH,2
531344,Hotel Night,0.7124464745499619,Hotel Meal,0.1183134020013753,0.5941330725485866,HIGH,0
531361,Exclusive Discount,0.7205083448320441,Hotel Night,0.7124464745499619,0.008061870282082162,MEDIUM,0
531373,Hotel Meal,0.7281915228794043,Hotel Night,0.3004480622133511,0.4277434606660532,HIGH,0
531386,Hotel Meal,2.1312754280447166,Hotel Night,0.5251744689424108,1.6061009591023057,HIGH,0
531427,Hotel Meal,0.7192881926476082,Hotel Night,0.7124464745499619,0.006841718097646332,MEDIUM,0
531431,Hotel Meal,0.6284742242832884,Hotel Night,0.3004480622133511,0.3280261620699373,MEDIUM,0
531447,Hotel Meal,0.7727081740383843,Hotel Night,0.4835584676962888,0.2891497063420955,HIGH,0
531456,No Cancel Fee,0.0,Exclusive Discount,-0.1247288492224758,0.1247288492224758,MEDIUM,2
531467,Hotel Meal,0.3542516531439703,Hotel Night,0.3004480622133511,0.053803590930619205,LOW,0
531471,Free Bag,1.9130758810802115,Hotel Night,0.3004480622133511,1.6126278188668604,HIGH,0
531499,Free Bag,1.1885751959584556,Hotel Night,0.7124464745499619,0.4761287214084937,HIGH,0
531500,Exclusive Discount,1.825024255293773,Hotel Meal,1.7943653181369796,0.030658937156793353,MEDIUM,1
531511,Exclusive Discount,0.778602639441955,Hotel Night,0.7124464745499619,0.06615616489199305,MEDIUM,0
531512,Hotel Night,0.7124464745499619,No Cancel Fee,0.0,0.7124464745499619,HIGH,0
531557,Hotel Meal,1.707557848376969,Hotel Night,0.7124464745499619,0.995111373827007,HIGH,0
531562,Hotel Meal,1.013098090296877,Exclusive Discount,0.4907255398501189,0.522372550446758,HIGH,1
531568,Hotel Meal,1.3514246391051266,Exclusive Discount,0.660958074892109,0.6904665642130176,HIGH,0
531615,No Cancel Fee,0.0,Exclusive Discount,-0.7552349328662946,0.7552349328662946,MEDIUM,2
531620,No Cancel Fee,0.0,Exclusive Discount,-0.1247288492224758,0.1247288492224758,MEDIUM,2
531625,Exclusive Discount,0.5465138517713077,Hotel Meal,0.5278665926639933,0.018647259107314462,MEDIUM,0
531650,Hotel Meal,0.1583783880444576,Free Bag,0.1018241682758222,0.05655421976863541,LOW,0
531654,Free Bag,1.1885751959584556,Hotel Night,0.0257824539889438,1.1627927419695119,HIGH,0
531663,Exclusive Discount,1.3091088312869334,Hotel Night,0.7124464745499619,0.5966623567369715,HIGH,0
531670,Hotel Night,0.7124464745499619,No Cancel Fee,0.0,0.7124464745499619,HIGH,0
531682,No Cancel Fee,0.0,Exclusive Discount,-0.1247288492224758,0.1247288492224758,MEDIUM,2
531735,No Cancel Fee,0.0,Exclusive Discount,-0.1247288492224758,0.1247288492224758,MEDIUM,2
531739,Hotel Night,0.7124464745499619,Exclusive Discount,0.4633315212503837,0.24911495329957822,HIGH,0
531744,Hotel Meal,1.505303863278002,Exclusive Discount,1.019454688870102,0.4858491744079001,HIGH,0
531745,Hotel Night,0.7124464745499619,No Cancel Fee,0.0,0.7124464745499619,HIGH,0
531771,Hotel Night,0.7124464745499619,Free Bag,0.1018241682758222,0.6106223062741397,HIGH,0
531777,Hotel Night,0.7124464745499619,Exclusive Discount,0.1033204843700914,0.6091259901798705,HIGH,0
531789,Free Bag,0.4640745108367,Hotel Night,0.3004480622133511,0.1636264486233489,MEDIUM,0
531795,Free Bag,1.1885751959584556,Hotel Night,0.7124464745499619,0.4761287214084937,HIGH,0
531803,No Cancel Fee,0.0,Exclusive Discount,-0.1247288492224758,0.1247288492224758,MEDIUM,2
531807,Hotel Night,0.7124464745499619,Hotel Meal,0.1049584066536811,0.6074880678962808,HIGH,0
531824,Hotel Night,0.7124464745499619,Hotel Meal,0.1338942299070182,0.5785522446429437,HIGH,0
531834,Free Bag,1.1885751959584556,Hotel Night,0.7124464745499619,0.4761287214084937,HIGH,0
531844,No Cancel Fee,0.0,Exclusive Discount,-0.1247288492224758,0.1247288492224758,MEDIUM,2
531847,Free Bag,1.1885751959584556,Hotel Night,0.7124464745499619,0.4761287214084937,HIGH,0
531857,Hotel Night,0.7124464745499619,Exclusive Discount,0.3980369737647831,0.3144095007851788,HIGH,0
531868,Hotel Night,0.7124464745499619,Free Bag,0.1018241682758222,0.6106223062741397,HIGH,0
531884,Hotel Meal,0.8528381461245484,Hotel Night,0.7124464745499619,0.14039167157458654,MEDIUM,0
531921,Exclusive Discount,1.5985433470720365,Free Bag,1.1885751959584556,0.40996815111358087,HIGH,0
531926,No Cancel Fee,0.0,Exclusive Discount,-0.6421818780950089,0.6421818780950089,MEDIUM,2
531931,Hotel Night,0.7124464745499619,Exclusive Discount,0.2572021466159797,0.45524432793398223,HIGH,0
531959,No Cancel Fee,0.0,Free Bag,-0.9849268594068112,0.9849268594068112,MEDIUM,2
531967,No Cancel Fee,0.0,Exclusive Discount,-0.1247288492224758,0.1247288492224758,MEDIUM,2
531971,Free Bag,1.1885751959584556,Hotel Night,0.7124464745499619,0.4761287214084937,HIGH,0
531987,Free Bag,0.1018241682758222,Hotel Night,0.0257824539889438,0.0760417142868784,LOW,0
531989,Hotel Meal,2.286274313443711,Exclusive Discount,1.7186671113091332,0.5676072021345779,HIGH,1
531994,Hotel Night,0.7124464745499619,Free Bag,0.1018241682758222,0.6106223062741397,HIGH,0
532063,Hotel Meal,1.153325541447665,Hotel Night,0.7124464745499619,0.4408790668977032,HIGH,0
532064,No Cancel Fee,0.0,Exclusive Discount,-0.1247288492224758,0.1247288492224758,MEDIUM,2
532073,Exclusive Discount,0.5654602874914382,Free Bag,0.3191743738123488,0.24628591367908936,MEDIUM,0
532101,No Cancel Fee,0.0,Exclusive Discount,-0.1247288492224758,0.1247288492224758,MEDIUM,2
532106,Hotel Meal,1.2000680251645943,Free Bag,0.4640745108367,0.7359935143278944,HIGH,0
532119,Hotel Meal,1.7930298186022104,Hotel Night,0.7124464745499619,1.0805833440522485,HIGH,0
532159,Hotel Night,0.7124464745499619,Exclusive Discount,0.0605842670873547,0.6518622074626073,HIGH,0
532215,Hotel Meal,1.580685392573875,Hotel Night,0.7124464745499619,0.8682389180239132,HIGH,0
532225,Free Bag,1.1885751959584556,Hotel Night,0.7124464745499619,0.4761287214084937,HIGH,0
532233,Free Bag,1.1885751959584556,Exclusive Discount,0.7016920670706158,0.4868831288878398,HIGH,0
532258,Exclusive Discount,2.1179352645122105,Hotel Night,0.7124464745499619,1.4054887899622486,HIGH,0
532259,Hotel Meal,2.06369105764881,Exclusive Discount,0.8132199598190056,1.2504710978298044,HIGH,0
532312,Exclusive Discount,1.22014712509206,Free Bag,1.1885751959584556,0.03157192913360429,MEDIUM,0
532329,Hotel Meal,2.1883376808939543,No Cancel Fee,0.0,2.1883376808939543,HIGH,1
532347,Free Bag,1.1885751959584556,Hotel Night,0.7124464745499619,0.4761287214084937,HIGH,0
532361,Exclusive Discount,0.8398977698465611,Hotel Meal,0.5879640717286163,0.25193369811794475,HIGH,0
532365,No Cancel Fee,0.0,Exclusive Discount,-0.1247288492224758,0.1247288492224758,MEDIUM,2
532381,Free Bag,1.1885751959584556,Hotel Night,0.7124464745499619,0.4761287214084937,HIGH,0
532387,Hotel Night,0.7124464745499619,Hotel Meal,0.5612540810332283,0.15119239351673364,MEDIUM,0
532388,Hotel Meal,0.5812865740547694,Exclusive Discount,0.1286368716643712,0.45264970239039815,MEDIUM,0
532390,Exclusive Discount,1.165038738181431,Hotel Night,0.7124464745499619,0.4525922636314692,HIGH,0
532410,Hotel Night,0.7124464745499619,Exclusive Discount,0.1996330724094707,0.5128134021404912,HIGH,0
532426,No Cancel Fee,0.0,Exclusive Discount,-0.1247288492224758,0.1247288492224758,MEDIUM,2
532432,Hotel Meal,2.22172516926319,Exclusive Discount,0.7711216467187146,1.4506035225444753,HIGH,1
532433,Free Bag,1.1885751959584556,Hotel Meal,0.6747715414886278,0.5138036544698278,HIGH,0
532500,Hotel Night,0.7124464745499619,Hotel Meal,0.6391582205614433,0.07328825398851857,MEDIUM,0
532519,Free Bag,3.3620772513237225,Hotel Meal,0.8884514670517325,2.4736257842719898,HIGH,0
532535,Hotel Night,0.7124464745499619,Exclusive Discount,0.5649491589045742,0.1474973156453877,MEDIUM,0
532544,Hotel Night,0.7124464745499619,Hotel Meal,0.2117983694352334,0.5006481051147285,HIGH,0
532568,Hotel Meal,0.5679315787070753,Exclusive Discount,0.2611165202953163,0.30681505841175905,MEDIUM,0
532607,Free Bag,1.1885751959584556,Hotel Night,0.7124464745499619,0.4761287214084937,HIGH,0
532622,Exclusive Discount,1.2987831946020565,Hotel Night,0.7124464745499619,0.5863367200520946,HIGH,0
532623,Exclusive Discount,0.7275736808162944,Hotel Night,0.7124464745499619,0.01512720626633246,MEDIUM,0
532627,No Cancel Fee,0.0,Exclusive Discount,-0.1247288492224758,0.1247288492224758,MEDIUM,2
532637,Hotel Meal,2.0948527134600967,Exclusive Discount,0.3070177456948341,1.7878349677652627,HIGH,1
532650,Hotel Meal,1.309133820504096,Exclusive Discount,0.2727365930372736,1.0363972274668225,HIGH,0
532651,Exclusive Discount,0.6435092230700805,Hotel Meal,0.4744466112732168,0.16906261179686372,MEDIUM,0
532653,Hotel Meal,0.7816115042701799,Hotel Night,0.7124464745499619,0.06916502972021799,MEDIUM,0
532656,Free Bag,1.1885751959584556,Hotel Night,0.7124464745499619,0.4761287214084937,HIGH,0
532705,Hotel Meal,0.8483864810086504,Hotel Night,0.0257824539889438,0.8226040270197066,HIGH,0
532710,Free Bag,1.1885751959584556,Hotel Night,0.7124464745499619,0.4761287214084937,HIGH,0
532711,No Cancel Fee,0.0,Exclusive Discount,-0.1247288492224758,0.1247288492224758,MEDIUM,2
532721,Free Bag,1.1885751959584556,Exclusive Discount,0.9177306058387614,0.2708445901196942,HIGH,0
532725,No Cancel Fee,0.0,Exclusive Discount,-0.1247288492224758,0.1247288492224758,MEDIUM,2
532742,Hotel Night,0.7124464745499619,Hotel Meal,0.0515384252629049,0.660908049287057,HIGH,0
532748,Hotel Meal,1.2801979972507584,Free Bag,1.1885751959584556,0.09162280129230282,MEDIUM,0
532750,Hotel Night,0.7124464745499619,No Cancel Fee,0.0,0.7124464745499619,HIGH,0
532774,No Cancel Fee,0.0,Exclusive Discount,-0.1247288492224758,0.1247288492224758,MEDIUM,2
532810,Hotel Night,0.7124464745499619,Hotel Meal,0.1583783880444576,0.5540680865055043,HIGH,0
532823,Hotel Meal,0.5590282484752793,Free Bag,0.4640745108367,0.09495373763857934,MEDIUM,0
532835,Free Bag,1.1885751959584556,Hotel Meal,0.2184758671090807,0.9700993288493749,HIGH,0
532843,Hotel Meal,0.6859007042783728,Hotel Night,0.3004480622133511,0.3854526420650217,MEDIUM,0
532863,Hotel Night,0.7124464745499619,Hotel Meal,0.5679315787070749,0.14451489584288701,MEDIUM,0
532866,Free Bag,1.1885751959584556,Hotel Meal,0.7192881926476082,0.4692870033108474,HIGH,0
532901,Exclusive Discount,1.4993681057110482,Free Bag,1.1885751959584556,0.31079290975259255,HIGH,0
532905,No Cancel Fee,0.0,Exclusive Discount,-0.1247288492224758,0.1247288492224758,MEDIUM,2
532912,Free Bag,1.1885751959584556,Hotel Night,0.3004480622133511,0.8881271337451045,HIGH,0
532941,Hotel Meal,1.3781346298005146,Exclusive Discount,0.4390695289419952,0.9390651008585194,HIGH,0
532989,Hotel Meal,1.289101327482555,Hotel Night,0.4835584676962888,0.8055428597862662,HIGH,0
533048,No Cancel Fee,0.0,Exclusive Discount,-0.1247288492224758,0.1247288492224758,MEDIUM,2
533093,Free Bag,1.1885751959584556,Hotel Meal,0.3067672252410582,0.8818079707173974,HIGH,0
533117,Exclusive Discount,1.2198552421476347,Hotel Night,0.0257824539889438,1.194072788158691,HIGH,0
533123,Exclusive Discount,0.3560105129289063,Free Bag,0.1018241682758222,0.2541863446530841,MEDIUM,0
533129,Hotel Meal,1.0331305833184183,Exclusive Discount,0.2665455642513819,0.7665850190670365,HIGH,0
533155,Free Bag,2.2753262236410894,Hotel Night,0.7124464745499619,1.5628797490911275,HIGH,0
533187,Hotel Meal,1.6875253553554272,Exclusive Discount,1.2932385353705762,0.39428681998485104,HIGH,1
533199,Hotel Night,0.7124464745499619,No Cancel Fee,0.0,0.7124464745499619,HIGH,0
533204,No Cancel Fee,0.0,Exclusive Discount,-0.1247288492224758,0.1247288492224758,MEDIUM,2
533211,Hotel Meal,0.5256407601060442,Hotel Night,0.4181618943095248,0.10747886579651944,MEDIUM,0
533222,Free Bag,3.3620772513237225,Hotel Meal,1.155551374005614,2.2065258773181085,HIGH,0
533248,Free Bag,1.1885751959584556,Hotel Night,0.7124464745499619,0.4761287214084937,HIGH,0
533251,Free Bag,1.1885751959584556,Exclusive Discount,1.1172128877748817,0.07136230818357392,MEDIUM,0
533283,Hotel Night,0.3004480622133511,Exclusive Discount,0.1219891139953463,0.1784589482180048,MEDIUM,0
533291,Hotel Meal,1.5383945739728435,Hotel Night,0.7124464745499619,0.8259480994228816,HIGH,0
533302,Hotel Meal,0.6859007042783728,Hotel Night,0.3004480622133511,0.3854526420650217,MEDIUM,0
533327,Hotel Meal,1.6808478576815802,Free Bag,1.1885751959584556,0.49227266172312456,HIGH,0
533357,Hotel Meal,0.9797106019276424,Hotel Night,0.1974484591291983,0.7822621427984441,HIGH,0
533378,Free Bag,1.1885751959584556,Hotel Night,0.3004480622133511,0.8881271337451045,HIGH,0
533388,No Cancel Fee,0.0,Exclusive Discount,-0.1247288492224758,0.1247288492224758,MEDIUM,2
533393,Hotel Meal,1.2030358019085263,Exclusive Discount,0.7227774903620623,0.48025831154646403,HIGH,1
533396,Hotel Meal,1.36700546701077,Hotel Night,0.7124464745499619,0.6545589924608082,HIGH,0
533402,Free Bag,1.1885751959584556,Hotel Meal,0.6851587600923899,0.5034164358660658,HIGH,0
533404,Free Bag,0.1018241682758222,Hotel Night,0.0257824539889438,0.0760417142868784,LOW,0
533411,Free Bag,0.4640745108367,Hotel Night,0.3004480622133511,0.1636264486233489,MEDIUM,0
533464,Free Bag,1.1885751959584556,Hotel Night,0.0257824539889438,1.1627927419695119,HIGH,0
533490,Exclusive Discount,0.7330364740408257,Hotel Meal,0.4188007973244917,0.314235676716334,HIGH,0
533492,Hotel Night,0.7124464745499619,Free Bag,0.1018241682758222,0.6106223062741397,HIGH,0
533497,Free Bag,0.3191743738123488,Hotel Meal,0.2051208717613866,0.11405350205096221,MEDIUM,0
533518,Hotel Night,0.7124464745499619,Hotel Meal,0.1049584066536811,0.6074880678962808,HIGH,0
533527,Free Bag,3.3620772513237225,Exclusive Discount,0.8356247702288195,2.526452481094903,HIGH,0
533537,Hotel Meal,0.8454187042647189,No Cancel Fee,0.0,0.8454187042647189,HIGH,0
533542,Hotel Night,0.7124464745499619,Hotel Meal,0.4610916159255223,0.2513548586244396,HIGH,0
533550,Hotel Night,0.7124464745499619,Exclusive Discount,0.4585046716673034,0.2539418028826585,HIGH,0
533573,Exclusive Discount,1.4794021248559164,Free Bag,1.1885751959584556,0.29082692889746076,HIGH,0
533575,Exclusive Discount,1.191175420522674,Hotel Meal,0.8261281554291608,0.36504726509351326,HIGH,0
533598,Exclusive Discount,1.213193659513773,Hotel Night,0.7124464745499619,0.500747184963811,HIGH,0
533613,Hotel Night,0.7124464745499619,Hotel Meal,0.1049584066536811,0.6074880678962808,HIGH,0
533617,Hotel Night,0.7124464745499619,Free Bag,0.4640745108367,0.24837196371326192,HIGH,0
533656,No Cancel Fee,0.0,Exclusive Discount,-0.1247288492224758,0.1247288492224758,MEDIUM,2
533716,Free Bag,0.4640745108367,No Cancel Fee,0.0,0.4640745108367,MEDIUM,0
533742,Exclusive Discount,0.5947800952254764,Free Bag,0.4640745108367,0.13070558438877639,MEDIUM,0
533755,No Cancel Fee,0.0,Exclusive Discount,-0.1247288492224758,0.1247288492224758,MEDIUM,2
533759,Hotel Night,0.7124464745499619,Hotel Meal,0.2117983694352337,0.5006481051147282,HIGH,0
533773,Hotel Meal,0.9463231135584068,Free Bag,0.1018241682758222,0.8444989452825846,HIGH,0
533782,Free Bag,1.1885751959584556,Hotel Meal,0.8283539879871094,0.36022120797134627,HIGH,0
533809,Free Bag,1.1885751959584556,Hotel Night,0.7124464745499619,0.4761287214084937,HIGH,0
533827,No Cancel Fee,0.0,Exclusive Discount,-0.1247288492224758,0.1247288492224758,MEDIUM,2
533846,Free Bag,1.1885751959584556,Hotel Meal,0.3186383322167862,0.8699368637416693,HIGH,0
533859,Hotel Meal,0.745998183342996,Hotel Night,0.7124464745499619,0.03355170879303404,MEDIUM,0
533895,Exclusive Discount,0.0307840533363418,Hotel Night,0.0257824539889438,0.005001599347398002,LOW,0
533908,Hotel Night,0.7124464745499619,Exclusive Discount,0.6496934257189716,0.06275304883099031,MEDIUM,0
533932,Free Bag,1.1885751959584556,Hotel Night,0.7124464745499619,0.4761287214084937,HIGH,0
533975,Hotel Meal,2.395340108783213,No Cancel Fee,0.0,2.395340108783213,HIGH,1
533985,Free Bag,3.3620772513237225,Exclusive Discount,0.3328823426729511,3.0291949086507715,HIGH,0
533990,Exclusive Discount,1.31144390585805,Hotel Meal,0.843934815892752,0.46750908996529805,HIGH,0
534040,Hotel Night,0.7124464745499619,No Cancel Fee,0.0,0.7124464745499619,HIGH,0
534045,Free Bag,1.1885751959584556,No Cancel Fee,0.0,1.1885751959584556,HIGH,2
534066,Hotel Night,0.4181618943095248,Hotel Meal,0.3898649740711543,0.028296920238370493,LOW,0
534082,No Cancel Fee,0.0,Exclusive Discount,-0.1247288492224758,0.1247288492224758,MEDIUM,2
534088,Hotel Meal,0.3186383322167862,Free Bag,0.1018241682758222,0.21681416394096403,MEDIUM,0
534105,Hotel Meal,1.5205879135092517,Exclusive Discount,0.5002911990035089,1.0202967145057427,HIGH,0
534179,Hotel Meal,1.1733580344692065,Free Bag,0.4640745108367,0.7092835236325066,HIGH,0
534190,Exclusive Discount,1.2129973055856382,Hotel Meal,0.7415465182270983,0.47145078735853996,HIGH,0
534246,Exclusive Discount,1.468560684981057,Hotel Meal,0.7415465182270983,0.7270141667539588,HIGH,0
534254,Hotel Night,0.7124464745499619,No Cancel Fee,0.0,0.7124464745499619,HIGH,0
534295,Free Bag,1.1885751959584556,Hotel Night,0.7124464745499619,0.4761287214084937,HIGH,0
534333,Exclusive Discount,1.3146062097772722,Hotel Night,0.7124464745499619,0.6021597352273103,HIGH,0
534351,Hotel Meal,2.0040387450957766,Hotel Night,0.7124464745499619,1.2915922705458147,HIGH,0
534360,Hotel Meal,1.0665180716876534,Hotel Night,0.7124464745499619,0.35407159713769154,HIGH,0
534378,Free Bag,1.1885751959584556,Hotel Night,0.7124464745499619,0.4761287214084937,HIGH,0
534380,Hotel Night,0.7124464745499619,No Cancel Fee,0.0,0.7124464745499619,HIGH,0
534391,Hotel Night,0.7124464745499619,Free Bag,0.4640745108367,0.24837196371326192,HIGH,0
534445,No Cancel Fee,0.0,Free Bag,-0.9849268594068112,0.9849268594068112,MEDIUM,2
534474,Free Bag,0.4640745108367,Hotel Night,0.3004480622133511,0.1636264486233489,MEDIUM,0
534499,Exclusive Discount,1.573634642239172,Hotel Meal,1.0464855786661125,0.5271490635730596,HIGH,1
534564,Hotel Night,0.7124464745499619,Exclusive Discount,0.1713960122093201,0.5410504623406418,HIGH,0
534586,No Cancel Fee,0.0,Exclusive Discount,-0.1247288492224758,0.1247288492224758,MEDIUM,2
534594,Exclusive Discount,1.5086820642822134,Hotel Night,0.7124464745499619,0.7962355897322515,HIGH,0
534604,No Cancel Fee,0.0,Exclusive Discount,-0.1247288492224758,0.1247288492224758,MEDIUM,2
534607,Hotel Night,0.7124464745499619,Free Bag,0.1018241682758222,0.6106223062741397,HIGH,0
534608,Hotel Night,0.7124464745499619,Free Bag,0.645199682117139,0.06724679243282294,MEDIUM,0
534661,Hotel Meal,1.5806853925738746,Exclusive Discount,0.316686576966165,1.2639988156077098,HIGH,1
534688,Hotel Meal,1.6363312065226,Free Bag,1.1885751959584556,0.44775601056414427,HIGH,0
534697,Hotel Night,0.7124464745499619,Exclusive Discount,0.5176647282987371,0.1947817462512248,MEDIUM,0
534703,Hotel Night,0.7124464745499619,No Cancel Fee,0.0,0.7124464745499619,HIGH,0
534742,Exclusive Discount,0.6614312959227,Hotel Meal,0.3676066484916642,0.2938246474310358,MEDIUM,0
534747,Hotel Night,0.7124464745499619,Exclusive Discount,0.4267458280649101,0.2857006464850518,HIGH,0
534782,Hotel Meal,1.7164611786087642,Free Bag,1.1885751959584556,0.5278859826503086,HIGH,0
534798,Exclusive Discount,0.9571717101703084,Hotel Night,0.7124464745499619,0.24472523562034654,HIGH,0
534825,Exclusive Discount,1.5143529209167053,No Cancel Fee,0.0,1.5143529209167053,HIGH,2
534840,Exclusive Discount,1.1577033897612627,Hotel Night,0.3004480622133511,0.8572553275479117,HIGH,0
534842,Exclusive Discount,1.2218791307289287,Hotel Night,0.7124464745499619,0.5094326561789668,HIGH,0
534858,Free Bag,1.1885751959584556,Hotel Night,0.7124464745499619,0.4761287214084937,HIGH,0
534895,Hotel Night,0.7124464745499619,Exclusive Discount,0.1879184177469992,0.5245280568029627,HIGH,0
534903,Exclusive Discount,1.8436365120585168,Hotel Night,0.7124464745499619,1.1311900375085548,HIGH,0
534939,Hotel Meal,0.970807271695846,Hotel Night,0.3004480622133511,0.6703592094824949,HIGH,0
534948,Exclusive Discount,1.6993294487664736,Hotel Meal,1.4618259339793978,0.23750351478707588,HIGH,1
534957,Hotel Night,0.3004480622133511,No Cancel Fee,0.0,0.3004480622133511,MEDIUM,0
534971,Exclusive Discount,1.3692255536479234,Hotel Night,0.7124464745499619,0.6567790790979615,HIGH,0
534986,Hotel Meal,0.8261281554291608,Hotel Night,0.7124464745499619,0.11368168087919894,MEDIUM,0
535003,No Cancel Fee,0.0,Exclusive Discount,-0.1247288492224758,0.1247288492224758,MEDIUM,2
535007,Hotel Meal,1.925689439055972,Hotel Night,0.7124464745499619,1.21324296450601,HIGH,0
535024,Free Bag,1.1885751959584556,Hotel Night,0.7124464745499619,0.4761287214084937,HIGH,0
535035,Hotel Night,0.7124464745499619,Hotel Meal,0.1405717275808652,0.5718747469690967,HIGH,0
535047,Exclusive Discount,0.8822823313532675,Hotel Night,0.7124464745499619,0.1698358568033056,MEDIUM,0
535051,Hotel Meal,1.4493612716548836,Hotel Night,0.4181618943095248,1.031199377345359,HIGH,0
535060,Hotel Meal,0.9062581275153248,Hotel Night,0.7124464745499619,0.19381165296536285,MEDIUM,0
535063,Free Bag,1.1885751959584556,Hotel Night,0.7124464745499619,0.4761287214084937,HIGH,0
535081,Free Bag,1.1885751959584556,Exclusive Discount,0.7276040678190578,0.4609711281393978,HIGH,0
535099,Free Bag,1.7319507097997724,Hotel Meal,1.146648043773818,0.5853026660259544,HIGH,0
535135,Hotel Meal,1.2801979972507584,Hotel Night,0.4181618943095248,0.8620361029412337,HIGH,0
535136,Hotel Night,0.7124464745499619,Free Bag,0.1018241682758222,0.6106223062741397,HIGH,0
535149,Free Bag,3.3620772513237225,Exclusive Discount,0.7949618432253893,2.567115408098333,HIGH,0
535155,Free Bag,1.1885751959584556,Hotel Night,0.7124464745499619,0.4761287214084937,HIGH,0
535177,Free Bag,1.1885751959584556,Exclusive Discount,0.7271744147822018,0.4614007811762538,HIGH,0
535189,Exclusive Discount,1.304895407402051,Hotel Night,0.7124464745499619,0.592448932852089,HIGH,0
535229,Hotel Night,0.7124464745499619,Hotel Meal,0.4544141182516757,0.2580323562982862,HIGH,0
535266,Hotel Meal,1.2601655042292177,No Cancel Fee,0.0,1.2601655042292177,HIGH,1
535311,Hotel Night,0.0257824539889438,No Cancel Fee,0.0,0.0257824539889438,LOW,0
535341,Exclusive Discount,1.180681327271467,Hotel Night,0.7124464745499619,0.468234852721505,HIGH,0
535365,Exclusive Discount,1.6452402928650338,Hotel Night,0.7124464745499619,0.9327938183150719,HIGH,0
535398,Exclusive Discount,1.361749268341803,Hotel Night,0.7124464745499619,0.6493027937918412,HIGH,0
535441,Hotel Night,0.7124464745499619,Hotel Meal,0.5679315787070749,0.14451489584288701,MEDIUM,0
535447,Free Bag,3.3620772513237225,Hotel Night,0.7124464745499619,2.6496307767737606,HIGH,0
535459,Exclusive Discount,0.7612179618776527,Hotel Meal,0.5879640717286163,0.17325389014903636,MEDIUM,0
535473,No Cancel Fee,0.0,Exclusive Discount,-0.1247288492224758,0.1247288492224758,MEDIUM,2
535495,Free Bag,1.1885751959584556,Hotel Meal,0.6213515600978513,0.5672236358606043,HIGH,0
535497,No Cancel Fee,0.0,Exclusive Discount,-0.1247288492224758,0.1247288492224758,MEDIUM,2
535502,Free Bag,1.1885751959584556,Hotel Night,0.7124464745499619,0.4761287214084937,HIGH,0
535553,Hotel Night,0.7124464745499619,Exclusive Discount,0.466498046873765,0.2459484276761969,HIGH,0
535595,Hotel Night,0.7124464745499619,No Cancel Fee,0.0,0.7124464745499619,HIGH,0
535600,Exclusive Discount,1.0456017267152524,Hotel Night,0.0257824539889438,1.0198192727263087,HIGH,0
535610,Exclusive Discount,1.337015442205004,Free Bag,1.1885751959584556,0.1484402462465484,MEDIUM,0
535625,Exclusive Discount,0.7560269658956923,Hotel Meal,0.7459981833429963,0.010028782552696014,MEDIUM,0
535637,Hotel Meal,1.3180371507358914,Exclusive Discount,0.1986432517786303,1.1193938989572612,HIGH,0
535644,Hotel Night,0.7124464745499619,Hotel Meal,0.3613743173294073,0.3510721572205546,HIGH,0
535682,No Cancel Fee,0.0,Exclusive Discount,-0.1247288492224758,0.1247288492224758,MEDIUM,2
535686,Free Bag,1.1885751959584556,Hotel Night,0.7124464745499619,0.4761287214084937,HIGH,0
535701,No Cancel Fee,0.0,Exclusive Discount,-0.1247288492224758,0.1247288492224758,MEDIUM,2
535702,Hotel Meal,0.9062581275153248,Hotel Night,0.7124464745499619,0.19381165296536285,MEDIUM,0
535706,Free Bag,1.1885751959584556,Hotel Night,0.7124464745499619,0.4761287214084937,HIGH,0
535734,Hotel Night,0.7124464745499619,Exclusive Discount,0.0275392959669658,0.6849071785829961,HIGH,0
535737,No Cancel Fee,0.0,Exclusive Discount,-0.1247288492224758,0.1247288492224758,MEDIUM,2
535746,Free Bag,1.1885751959584556,Hotel Meal,0.8283539879871094,0.36022120797134627,HIGH,0
535747,Exclusive Discount,1.1320467911867504,Hotel Night,0.7124464745499619,0.41960031663678854,HIGH,0
535791,Exclusive Discount,1.2125050167779194,Hotel Night,0.7124464745499619,0.5000585422279575,HIGH,0
535795,Hotel Meal,1.340295476315382,Free Bag,0.7538747848854024,0.5864206914299797,HIGH,0
535878,Free Bag,1.1885751959584556,Hotel Night,0.7124464745499619,0.4761287214084937,HIGH,0
535879,Hotel Meal,1.0932280623830417,Hotel Night,0.7124464745499619,0.3807815878330798,HIGH,0
535885,Exclusive Discount,1.5176460592517909,Hotel Meal,0.6213515600978513,0.8962944991539396,HIGH,0
535896,Hotel Night,0.7124464745499619,Free Bag,0.1018241682758222,0.6106223062741397,HIGH,0
535905,Free Bag,1.1885751959584556,Hotel Night,0.7124464745499619,0.4761287214084937,HIGH,0
535906,Hotel Meal,1.3336179786415343,Exclusive Discount,0.4256782902917276,0.9079396883498068,HIGH,0
535912,Hotel Meal,1.2868754949246055,Hotel Night,0.7124464745499619,0.5744290203746436,HIGH,0
535942,Hotel Night,0.7124464745499619,Free Bag,0.1018241682758222,0.6106223062741397,HIGH,0
535983,Free Bag,1.1885751959584556,No Cancel Fee,0.0,1.1885751959584556,HIGH,0
535994,Hotel Meal,2.008045243700085,Exclusive Discount,0.7324463216333911,1.2755989220666941,HIGH,1
536000,Hotel Meal,0.7727081740383843,Hotel Night,0.7124464745499619,0.060261699488422416,MEDIUM,0
536016,No Cancel Fee,0.0,Free Bag,-0.9849268594068112,0.9849268594068112,MEDIUM,2
536034,Hotel Meal,0.6347065554455458,Hotel Night,0.0257824539889438,0.608924101456602,MEDIUM,0
536035,Exclusive Discount,1.357859815495957,Free Bag,1.1885751959584556,0.1692846195375013,MEDIUM,0
536039,Free Bag,0.1018241682758222,No Cancel Fee,0.0,0.1018241682758222,MEDIUM,2
536050,Free Bag,1.9130758810802115,Hotel Night,0.7124464745499619,1.2006294065302496,HIGH,0
536058,Free Bag,1.1885751959584556,Hotel Night,0.7124464745499619,0.4761287214084937,HIGH,0
536066,Hotel Night,0.7124464745499619,Exclusive Discount,0.1511972567623911,0.5612492177875708,HIGH,0
536086,Hotel Night,0.7124464745499619,Free Bag,0.1018241682758222,0.6106223062741397,HIGH,0
536099,Hotel Meal,1.858914462317501,Exclusive Discount,1.377619797688885,0.4812946646286158,HIGH,0
536135,No Cancel Fee,0.0,Exclusive Discount,-0.1247288492224758,0.1247288492224758,MEDIUM,2
536170,No Cancel Fee,0.0,Exclusive Discount,-0.1247288492224758,0.1247288492224758,MEDIUM,2
536212,No Cancel Fee,0.0,Exclusive Discount,-0.1247288492224758,0.1247288492224758,MEDIUM,2
536229,Exclusive Discount,1.2214293687297209,No Cancel Fee,0.0,1.2214293687297209,HIGH,2
536241,No Cancel Fee,0.0,Free Bag,-0.9849268594068112,0.9849268594068112,MEDIUM,2
536275,Exclusive Discount,1.409933271707544,Hotel Night,0.7124464745499619,0.697486797157582,HIGH,0
536278,Hotel Meal,1.97465775533085,Exclusive Discount,1.3512515229985615,0.6234062323322884,HIGH,1
536313,Hotel Meal,0.6347065554455458,Hotel Night,0.0257824539889438,0.608924101456602,MEDIUM,0
536343,Exclusive Discount,1.6533537834475935,No Cancel Fee,0.0,1.6533537834475935,HIGH,2
536387,Free Bag,1.1885751959584556,Hotel Meal,0.6859007042783728,0.5026744916800828,HIGH,0
536431,Hotel Meal,1.4404579414230876,Exclusive Discount,1.2769420084458143,0.1635159329772733,MEDIUM,0
536467,Hotel Night,0.7124464745499619,Exclusive Discount,0.1062102624800772,0.6062362120698848,HIGH,0
536469,Free Bag,1.1885751959584556,Exclusive Discount,0.8741505613734601,0.3144246345849955,HIGH,0
536474,Hotel Night,0.7124464745499619,No Cancel Fee,0.0,0.7124464745499619,HIGH,0
536489,Exclusive Discount,0.9477099447891651,Hotel Meal,0.6836748717204243,0.26403507306874086,HIGH,0
536490,Hotel Night,0.7124464745499619,Free Bag,0.4640745108367,0.24837196371326192,HIGH,0
536532,Free Bag,1.1885751959584556,Hotel Meal,1.0064205926230303,0.18215460333542532,MEDIUM,0
536566,Hotel Night,0.7124464745499619,Exclusive Discount,0.2635527494685891,0.4488937250813728,HIGH,0
536574,Hotel Meal,1.2534880065553704,Free Bag,0.4640745108367,0.7894134957186705,HIGH,0
536594,Hotel Meal,1.5806853925738746,Exclusive Discount,0.7517839841760507,0.8289014083978239,HIGH,1
536604,Free Bag,0.1018241682758222,Hotel Night,0.0257824539889438,0.0760417142868784,LOW,0
536622,Exclusive Discount,0.671947271340512,Hotel Night,0.4181618943095248,0.25378537703098725,MEDIUM,0
536641,Hotel Meal,1.169351535864898,Hotel Night,0.7124464745499619,0.45690506131493613,HIGH,0
536651,Free Bag,3.3620772513237225,Hotel Night,0.7124464745499619,2.6496307767737606,HIGH,0
536652,Hotel Meal,1.627427876290804,Exclusive Discount,1.2628584963799314,0.3645693799108727,HIGH,0
536656,Hotel Night,0.7124464745499619,Exclusive Discount,0.1615419388068004,0.5509045357431614,HIGH,0
536658,Free Bag,0.1018241682758222,Hotel Night,0.0257824539889438,0.0760417142868784,LOW,0
536659,Hotel Meal,1.8322044716221129,Exclusive Discount,1.367930886802154,0.46427358481995884,HIGH,0
536672,Hotel Meal,0.8261281554291608,Hotel Night,0.7124464745499619,0.11368168087919894,MEDIUM,0
536675,Free Bag,0.4640745108367,Exclusive Discount,0.3107677639099102,0.1533067469267898,MEDIUM,0
536691,Hotel Meal,0.1583783880444576,Free Bag,0.1018241682758222,0.05655421976863541,LOW,0
536695,Hotel Meal,1.2761914986464509,Hotel Night,0.5251744689424108,0.75101702970404,HIGH,0
536763,Free Bag,0.1018241682758222,Hotel Night,0.0257824539889438,0.0760417142868784,LOW,0
536764,Hotel Meal,0.7727081740383843,Free Bag,0.7538747848854024,0.01883338915298194,MEDIUM,0
536782,Hotel Meal,0.7994181647337724,Hotel Night,0.7124464745499619,0.08697169018381046,MEDIUM,0
536791,Hotel Night,0.7124464745499619,Hotel Meal,0.1695075508342024,0.5429389237157595,HIGH,0
536810,Exclusive Discount,1.3405702036086198,Free Bag,1.1885751959584556,0.15199500765016416,MEDIUM,0
536843,Hotel Night,0.7124464745499619,Free Bag,0.4640745108367,0.24837196371326192,HIGH,0
536876,Free Bag,1.1885751959584556,Hotel Night,0.7124464745499619,0.4761287214084937,HIGH,0
536893,Exclusive Discount,1.3602226717279688,Hotel Meal,0.5278665926639933,0.8323560790639756,HIGH,0
536951,Hotel Meal,1.2548235060901398,Exclusive Discount,0.8097289721818763,0.4450945339082635,HIGH,0
536964,Hotel Night,0.7124464745499619,No Cancel Fee,0.0,0.7124464745499619,HIGH,0
536995,Hotel Night,0.7124464745499619,Hotel Meal,0.1183134020013753,0.5941330725485866,HIGH,0
537038,Exclusive Discount,0.8727018465966722,Hotel Night,0.7124464745499619,0.16025537204671025,MEDIUM,0
537066,Hotel Meal,1.1407124902859545,Exclusive Discount,0.2991947562807605,0.841517734005194,HIGH,0
537098,No Cancel Fee,0.0,Exclusive Discount,-0.1247288492224758,0.1247288492224758,MEDIUM,2
537121,Free Bag,1.1885751959584556,No Cancel Fee,0.0,1.1885751959584556,HIGH,2
537123,Free Bag,1.1885751959584556,Hotel Night,0.7124464745499619,0.4761287214084937,HIGH,0
537177,No Cancel Fee,0.0,Free Bag,-0.9849268594068112,0.9849268594068112,MEDIUM,2
537181,Hotel Meal,1.4938779228138637,Free Bag,1.1885751959584556,0.30530272685540805,HIGH,0
537212,Exclusive Discount,1.4217215916095272,Hotel Meal,0.8483864810086504,0.5733351106008767,HIGH,0
537227,Exclusive Discount,1.6023583300522624,Hotel Night,0.7124464745499619,0.8899118555023005,HIGH,0
537289,Hotel Meal,0.9240647879789168,Exclusive Discount,0.2175513961317163,0.7065133918472004,HIGH,0
537317,Free Bag,1.1885751959584556,Hotel Night,0.7124464745499619,0.4761287214084937,HIGH,0
537373,Hotel Meal,1.081356955407314,Hotel Night,0.7124464745499619,0.368910480857352,HIGH,0
537393,Free Bag,0.4640745108367,Hotel Night,0.3004480622133511,0.1636264486233489,MEDIUM,0
537400,Hotel Meal,1.7609778297677443,Exclusive Discount,0.316686576966165,1.4442912528015794,HIGH,1
537412,Hotel Night,0.7124464745499619,Hotel Meal,0.6391582205614433,0.07328825398851857,MEDIUM,0
537413,Free Bag,0.4640745108367,No Cancel Fee,0.0,0.4640745108367,MEDIUM,0
537414,Exclusive Discount,1.1672786506183028,Hotel Night,0.7124464745499619,0.4548321760683409,HIGH,0
537470,Exclusive Discount,1.834693086565106,Hotel Meal,1.1199380530784295,0.7147550334866766,HIGH,1
537481,Hotel Meal,1.2030358019085263,Exclusive Discount,1.1965502226572715,0.006485579251254814,MEDIUM,1
537507,Hotel Meal,1.2757463321348606,Hotel Night,0.0257824539889438,1.2499638781459168,HIGH,0
537560,Hotel Meal,1.4417934409578568,Exclusive Discount,1.1075277516674835,0.33426568929037326,HIGH,0
537586,Exclusive Discount,1.021050388036033,Hotel Night,0.7124464745499619,0.3086039134860712,HIGH,0
537595,Hotel Night,0.3004480622133511,Hotel Meal,0.0337317647993128,0.2667162974140383,MEDIUM,0
537659,Hotel Meal,1.0464855786661125,Exclusive Discount,0.8484722968893575,0.19801328177675492,MEDIUM,1
537671,Free Bag,1.9130758810802115,Hotel Night,0.7124464745499619,1.2006294065302496,HIGH,0
537676,Exclusive Discount,0.5023587455373962,Free Bag,0.4640745108367,0.03828423470069625,MEDIUM,0
537688,Free Bag,1.1885751959584556,Hotel Night,0.7124464745499619,0.4761287214084937,HIGH,0
537725,Exclusive Discount,0.7142332185740036,Hotel Night,0.7124464745499619,0.0017867440240416643,MEDIUM,0
537748,Hotel Meal,2.235822108796867,Free Bag,0.645199682117139,1.5906224266797278,HIGH,0
537770,Free Bag,1.1885751959584556,Hotel Night,0.7124464745499619,0.4761287214084937,HIGH,0
537776,Hotel Meal,1.6541378669861917,Exclusive Discount,1.0515177535873084,0.6026201133988833,HIGH,1
537795,No Cancel Fee,0.0,Exclusive Discount,-0.1247288492224758,0.1247288492224758,MEDIUM,2
537804,Exclusive Discount,1.7824106134373996,Hotel Night,0.7124464745499619,1.0699641388874377,HIGH,0
537818,No Cancel Fee,0.0,Exclusive Discount,-0.1247288492224758,0.1247288492224758,MEDIUM,2
537819,Free Bag,1.1885751959584556,Hotel Night,0.7124464745499619,0.4761287214084937,HIGH,0
537834,Exclusive Discount,1.186290032444894,Hotel Night,0.7124464745499619,0.47384355789493204,HIGH,0
537860,Exclusive Discount,1.5001755571924302,Hotel Night,0.7124464745499619,0.7877290826424683,HIGH,0
537861,Hotel Meal,0.970807271695846,Hotel Night,0.3004480622133511,0.6703592094824949,HIGH,0
537904,Exclusive Discount,1.47133834991254,Free Bag,1.1885751959584556,0.28276315395408447,HIGH,0
537922,Free Bag,1.1885751959584556,Hotel Meal,1.0776472344773984,0.11092796148105721,MEDIUM,0
537926,Hotel Meal,1.5472979042046395,Exclusive Discount,0.8774787907033523,0.6698191135012872,HIGH,1
537975,Exclusive Discount,1.6509852924098192,Hotel Meal,1.4738454297923225,0.1771398626174967,MEDIUM,1
538069,No Cancel Fee,0.0,Exclusive Discount,-0.1247288492224758,0.1247288492224758,MEDIUM,2
538074,Hotel Meal,1.383031461428003,Hotel Night,0.7124464745499619,0.6705849868780411,HIGH,0
538084,Hotel Meal,1.5294912437410475,Hotel Night,0.4181618943095248,1.1113293494315228,HIGH,0
538108,Exclusive Discount,1.8035276396879945,Free Bag,1.1885751959584556,0.6149524437295388,HIGH,2
538112,Hotel Night,0.7124464745499619,Exclusive Discount,0.6395107399713121,0.07293573457864977,MEDIUM,0
538131,Hotel Night,0.7124464745499619,Exclusive Discount,0.1772693332671315,0.5351771412828303,HIGH,0
538134,Exclusive Discount,1.8408035874501916,Free Bag,1.1885751959584556,0.652228391491736,HIGH,0
538147,Hotel Night,0.3004480622133511,Hotel Meal,0.1939917089716416,0.10645635324170946,MEDIUM,0
538167,Hotel Night,0.7124464745499619,Exclusive Discount,0.444622312543768,0.2678241620061939,HIGH,0
538188,Hotel Meal,0.9774847693696934,Hotel Night,0.3004480622133511,0.6770367071563423,HIGH,0
538197,Hotel Meal,0.7905148345019763,Hotel Night,0.7124464745499619,0.07806835995201444,MEDIUM,0
538214,Exclusive Discount,1.692883892585208,Hotel Meal,0.5501249182434833,1.1427589743417248,HIGH,0
538216,Hotel Night,0.7124464745499619,Free Bag,0.1018241682758222,0.6106223062741397,HIGH,0
538260,Free Bag,1.1885751959584556,Hotel Meal,0.5145115973162988,0.6740635986421568,HIGH,0
538270,Exclusive Discount,0.8723141253597851,Hotel Night,0.7124464745499619,0.15986765080982324,MEDIUM,0
538274,Exclusive Discount,1.857882010146478,Hotel Night,0.7124464745499619,1.145435535596516,HIGH,0
538279,Free Bag,1.1885751959584556,Hotel Night,0.7124464745499619,0.4761287214084937,HIGH,0
538306,Hotel Night,0.7124464745499619,No Cancel Fee,0.0,0.7124464745499619,HIGH,0
538319,Free Bag,2.2753262236410894,Hotel Night,0.7124464745499619,1.5628797490911275,HIGH,0
538321,Hotel Meal,0.8595156437983958,No Cancel Fee,0.0,0.8595156437983958,HIGH,0
538331,Free Bag,1.1885751959584556,Hotel Meal,0.843934815892752,0.34464038006570363,HIGH,0
538349,Hotel Meal,1.326940480967688,Exclusive Discount,0.8573314986120905,0.46960898235559745,HIGH,0
538350,Exclusive Discount,0.969747477565435,Hotel Night,0.7124464745499619,0.2573010030154731,HIGH,0
538388,Hotel Meal,1.375908797242566,Free Bag,1.1885751959584556,0.18733360128411047,MEDIUM,0
538413,No Cancel Fee,0.0,Exclusive Discount,-0.1247288492224758,0.1247288492224758,MEDIUM,2
538426,Exclusive Discount,2.1545950113111347,Hotel Night,0.7124464745499619,1.4421485367611728,HIGH,0
538432,Exclusive Discount,0.8684226093526788,Hotel Night,0.7124464745499619,0.15597613480271688,MEDIUM,0
538438,Exclusive Discount,1.4019906584417952,Hotel Night,0.7124464745499619,0.6895441838918333,HIGH,0
538441,Hotel Meal,0.7638048438065883,Hotel Night,0.0257824539889438,0.7380223898176446,HIGH,0
538454,Exclusive Discount,0.2781164086189826,Hotel Night,0.0257824539889438,0.2523339546300388,MEDIUM,0
538457,Free Bag,1.1885751959584556,Exclusive Discount,0.7208627664616013,0.4677124294968543,HIGH,0
538458,Exclusive Discount,0.4353846515553483,Hotel Night,0.3004480622133511,0.1349365893419972,MEDIUM,0
538463,No Cancel Fee,0.0,Exclusive Discount,-0.1247288492224758,0.1247288492224758,MEDIUM,2
538489,Free Bag,1.1885751959584556,Hotel Meal,0.6213515600978513,0.5672236358606043,HIGH,0
538511,No Cancel Fee,0.0,Exclusive Discount,-0.1247288492224758,0.1247288492224758,MEDIUM,2
538522,Hotel Night,0.7124464745499619,Hotel Meal,0.6035448996342594,0.10890157491570251,MEDIUM,0
538529,Free Bag,2.6375765662019672,Hotel Night,0.7124464745499619,1.9251300916520053,HIGH,0
538538,Hotel Night,0.7124464745499619,Hotel Meal,0.1583783880444576,0.5540680865055043,HIGH,0
538608,Free Bag,1.1885751959584556,Hotel Night,0.7124464745499619,0.4761287214084937,HIGH,0
538638,Free Bag,1.1885751959584556,Hotel Night,0.7124464745499619,0.4761287214084937,HIGH,0
538641,Hotel Night,0.7124464745499619,No Cancel Fee,0.0,0.7124464745499619,HIGH,0
538666,Exclusive Discount,1.8631414416512648,No Cancel Fee,0.0,1.8631414416512648,HIGH,2
538677,Exclusive Discount,1.4475178568279188,Hotel Night,0.7124464745499619,0.7350713822779569,HIGH,0
538680,Free Bag,1.1885751959584556,Exclusive Discount,0.913992557481295,0.2745826384771606,HIGH,0
538691,Exclusive Discount,1.0397471132296758,Hotel Night,0.7124464745499619,0.32730063867971393,HIGH,0
538696,Hotel Meal,1.560652899552334,Exclusive Discount,1.5301249015181853,0.03052799803414885,MEDIUM,1
538703,Free Bag,1.1885751959584556,Hotel Night,0.7124464745499619,0.4761287214084937,HIGH,0
538714,Hotel Night,0.7124464745499619,Free Bag,0.1018241682758222,0.6106223062741397,HIGH,0
538780,Hotel Night,0.7124464745499619,Hotel Meal,0.3542516531439703,0.3581948214059916,HIGH,0
538788,Free Bag,1.1885751959584556,Hotel Night,0.7124464745499619,0.4761287214084937,HIGH,0
538814,Exclusive Discount,1.225060390735225,Hotel Meal,0.1116359043275283,1.1134244864076968,HIGH,0
538883,Hotel Night,0.7124464745499619,Exclusive Discount,0.2936342479343114,0.4188122266156505,HIGH,0
538915,Hotel Night,0.4181618943095248,Hotel Meal,0.0982809089798341,0.31988098532969067,MEDIUM,0
538919,No Cancel Fee,0.0,Exclusive Discount,-0.1247288492224758,0.1247288492224758,MEDIUM,2
538944,Hotel Meal,0.8261281554291608,Free Bag,0.7538747848854024,0.07225337054375847,MEDIUM,0
538976,Hotel Meal,2.1108787078773297,Free Bag,0.4640745108367,1.6468041970406297,HIGH,0
539008,Hotel Night,0.7124464745499619,Hotel Meal,0.2051208717613866,0.5073256027885753,HIGH,0
539010,Hotel Meal,0.8639673089142934,Hotel Night,0.3004480622133511,0.5635192467009423,HIGH,0
539012,Free Bag,2.2753262236410894,Hotel Night,0.7124464745499619,1.5628797490911275,HIGH,0
539093,Hotel Night,0.7124464745499619,Hotel Meal,0.3831874763973072,0.3292589981526547,HIGH,0
539105,Free Bag,1.1885751959584556,Exclusive Discount,0.8645909460595746,0.32398424989888097,HIGH,0
539135,Hotel Meal,0.4254782949983383,Hotel Night,0.4181618943095248,0.007316400688813507,LOW,0
539140,Hotel Night,0.7124464745499619,No Cancel Fee,0.0,0.7124464745499619,HIGH,0
539146,Hotel Night,0.7124464745499619,No Cancel Fee,0.0,0.7124464745499619,HIGH,0
539209,Free Bag,0.4640745108367,Hotel Night,0.3004480622133511,0.1636264486233489,MEDIUM,0
539221,Hotel Meal,1.645234536754396,Free Bag,0.4640745108367,1.181160025917696,HIGH,0
539243,Exclusive Discount,2.113195926695428,Free Bag,1.1885751959584556,0.9246207307369725,HIGH,0
539267,Hotel Night,0.7124464745499619,No Cancel Fee,0.0,0.7124464745499619,HIGH,0
539283,Hotel Meal,0.4210266298824407,Hotel Night,0.0257824539889438,0.3952441758934969,MEDIUM,0
539300,Free Bag,1.1885751959584556,No Cancel Fee,0.0,1.1885751959584556,HIGH,0
539307,No Cancel Fee,0.0,Exclusive Discount,-0.1247288492224758,0.1247288492224758,MEDIUM,2
539315,Free Bag,1.1885751959584556,Hotel Night,0.7124464745499619,0.4761287214084937,HIGH,0
539317,Hotel Meal,1.4404579414230871,Hotel Night,0.4181618943095248,1.0222960471135623,HIGH,0
539320,Hotel Meal,1.093228062383042,Exclusive Discount,0.5698664750023602,0.5233615873806817,HIGH,0
539337,Free Bag,0.1018241682758222,No Cancel Fee,0.0,0.1018241682758222,MEDIUM,2
539338,Hotel Night,0.3004480622133511,No Cancel Fee,0.0,0.3004480622133511,MEDIUM,0
539384,Hotel Night,0.7124464745499619,Exclusive Discount,0.5314324644567844,0.18101401009317752,MEDIUM,0
539414,Hotel Meal,0.8639673089142934,Exclusive Discount,0.3931916890260333,0.4707756198882601,HIGH,0
539426,Hotel Night,0.7124464745499619,Free Bag,0.1018241682758222,0.6106223062741397,HIGH,0
539453,Hotel Meal,1.6875253553554272,Exclusive Discount,0.993504765959323,0.6940205893961042,HIGH,1
539460,Free Bag,1.1885751959584556,Hotel Night,0.7124464745499619,0.4761287214084937,HIGH,0
539510,Hotel Night,0.7124464745499619,Free Bag,0.4640745108367,0.24837196371326192,HIGH,0
539519,Hotel Meal,0.8461606484507014,Hotel Night,0.3004480622133511,0.5457125862373503,HIGH,0
539528,No Cancel Fee,0.0,Exclusive Discount,-0.1247288492224758,0.1247288492224758,MEDIUM,2
539542,No Cancel Fee,0.0,Exclusive Discount,-0.1247288492224758,0.1247288492224758,MEDIUM,2
539558,Hotel Night,0.7124464745499619,Hotel Meal,0.0337317647993128,0.6787147097506491,HIGH,0
539566,Hotel Night,0.7124464745499619,No Cancel Fee,0.0,0.7124464745499619,HIGH,0
539611,Hotel Night,0.7124464745499619,Exclusive Discount,0.5874072701953831,0.12503920435457883,MEDIUM,0
539625,Hotel Night,0.7124464745499619,Exclusive Discount,0.2766500418615986,0.4357964326883633,HIGH,0
539627,Exclusive Discount,0.8398506776266714,Hotel Night,0.7124464745499619,0.12740420307670952,MEDIUM,0
539637,Hotel Night,0.7124464745499619,Exclusive Discount,0.5181844220286196,0.19426205252134232,MEDIUM,0
539648,Free Bag,1.1885751959584556,Hotel Meal,1.093228062383042,0.09534713357541369,MEDIUM,0
539656,Hotel Meal,1.1573320400519738,Exclusive Discount,0.5874138525634278,0.569918187488546,HIGH,1
539669,Hotel Night,0.7124464745499619,No Cancel Fee,0.0,0.7124464745499619,HIGH,0
539671,Free Bag,1.1885751959584556,Hotel Night,0.7124464745499619,0.4761287214084937,HIGH,0
539710,Hotel Night,0.7124464745499619,Hotel Meal,0.4610916159255223,0.2513548586244396,HIGH,0
539729,No Cancel Fee,0.0,Exclusive Discount,-0.1247288492224758,0.1247288492224758,MEDIUM,2
539782,Exclusive Discount,1.540374235213868,Free Bag,1.1885751959584556,0.35179903925541245,HIGH,2
539794,Hotel Meal,1.0041947600650811,Hotel Night,0.7124464745499619,0.2917482855151192,HIGH,0
539855,Hotel Night,0.7124464745499619,Exclusive Discount,0.1672107131422035,0.5452357614077584,HIGH,0
539864,Hotel Night,0.3004480622133511,Exclusive Discount,0.1772792433457974,0.12316881886755368,MEDIUM,0
539866,No Cancel Fee,0.0,Exclusive Discount,-0.1247288492224758,0.1247288492224758,MEDIUM,2
539868,Hotel Night,0.0257824539889438,No Cancel Fee,0.0,0.0257824539889438,LOW,0
539883,Free Bag,1.7319507097997724,Exclusive Discount,0.8668603960559014,0.865090313743871,HIGH,0
539888,Hotel Meal,1.5806853925738746,Exclusive Discount,0.4520502147647974,1.1286351778090773,HIGH,1
539899,No Cancel Fee,0.0,Exclusive Discount,-0.1247288492224758,0.1247288492224758,MEDIUM,2
539912,Hotel Meal,0.9596781089061014,Hotel Night,0.7124464745499619,0.24723163435613948,HIGH,0
539916,Hotel Meal,1.2623913367871664,Exclusive Discount,0.7839396802523798,0.4784516565347866,HIGH,0
539917,Hotel Night,0.7124464745499619,Hotel Meal,0.4788982763891143,0.2335481981608476,HIGH,0
539919,Hotel Meal,2.330790964602691,Exclusive Discount,0.0507937170045676,2.279997247598123,HIGH,1
539936,Hotel Night,0.7124464745499619,No Cancel Fee,0.0,0.7124464745499619,HIGH,0
539953,Hotel Night,0.7124464745499619,Exclusive Discount,0.3783650925199804,0.3340813820299815,HIGH,0
540014,Hotel Night,0.7124464745499619,Hotel Meal,0.0982809089798341,0.6141655655701278,HIGH,0
540029,No Cancel Fee,0.0,Exclusive Discount,-0.1247288492224758,0.1247288492224758,MEDIUM,2
540043,No Cancel Fee,0.0,Exclusive Discount,-0.1247288492224758,0.1247288492224758,MEDIUM,2
540094,Free Bag,1.1885751959584556,Hotel Night,0.3004480622133511,0.8881271337451045,HIGH,0
540138,Hotel Meal,1.4167157274716315,Exclusive Discount,0.4617190460361241,0.9549966814355074,HIGH,1
540147,Free Bag,1.1885751959584556,Hotel Night,0.7124464745499619,0.4761287214084937,HIGH,0
540150,Hotel Night,0.7124464745499619,Exclusive Discount,0.3947691725018297,0.3176773020481322,HIGH,0
540180,Hotel Meal,1.093228062383042,Hotel Night,0.4835584676962888,0.6096695946867532,HIGH,0
540199,Hotel Night,0.7124464745499619,Free Bag,0.1018241682758222,0.6106223062741397,HIGH,0
540226,No Cancel Fee,0.0,Exclusive Discount,-0.1247288492224758,0.1247288492224758,MEDIUM,2
540244,Free Bag,1.1885751959584556,Exclusive Discount,0.3731055454728603,0.8154696504855954,HIGH,0
540252,Free Bag,1.1885751959584556,Hotel Night,0.7124464745499619,0.4761287214084937,HIGH,0
540253,Free Bag,1.1885751959584556,Hotel Night,0.7124464745499619,0.4761287214084937,HIGH,0
540260,Free Bag,1.1885751959584556,Hotel Night,0.7124464745499619,0.4761287214084937,HIGH,0
540302,Free Bag,1.1885751959584556,Exclusive Discount,0.4632292853405848,0.7253459106178708,HIGH,0
540306,Free Bag,1.1885751959584556,Hotel Night,0.7124464745499619,0.4761287214084937,HIGH,0
540308,Exclusive Discount,1.6851152507727925,Free Bag,1.1885751959584556,0.49654005481433683,HIGH,0
540319,Free Bag,0.4640745108367,No Cancel Fee,0.0,0.4640745108367,MEDIUM,0
540347,Hotel Meal,1.7476228344200506,Hotel Night,0.7124464745499619,1.0351763598700887,HIGH,0
540348,Hotel Night,0.7124464745499619,Exclusive Discount,0.1998346736577942,0.5126118008921677,HIGH,0
540413,Hotel Night,0.7124464745499619,Exclusive Discount,0.6059742214932702,0.10647225305669172,MEDIUM,0
540415,Hotel Night,0.7124464745499619,Free Bag,0.1018241682758222,0.6106223062741397,HIGH,0
540444,Exclusive Discount,0.849917118403998,Hotel Night,0.7124464745499619,0.13747064385403607,MEDIUM,0
540455,Free Bag,1.1885751959584556,Hotel Night,0.7124464745499619,0.4761287214084937,HIGH,0
540475,Exclusive Discount,2.1598971903546733,Free Bag,1.1885751959584556,0.9713219943962177,HIGH,0
540502,Hotel Meal,1.707557848376969,Exclusive Discount,0.9609208363486662,0.7466370120283027,HIGH,0
540527,Exclusive Discount,0.925900755971452,Hotel Meal,0.7549015135747923,0.17099924239665976,MEDIUM,0
540557,Exclusive Discount,1.6262013281145535,Free Bag,1.1885751959584556,0.4376261321560979,HIGH,0
540572,Hotel Meal,1.378134629800515,Hotel Night,0.7124464745499619,0.6656881552505531,HIGH,0
540580,Free Bag,0.4640745108367,Hotel Night,0.3004480622133511,0.1636264486233489,MEDIUM,0
540597,Exclusive Discount,1.1522323236561494,Hotel Night,0.0257824539889438,1.1264498696672056,HIGH,0
540605,Hotel Night,0.7124464745499619,No Cancel Fee,0.0,0.7124464745499619,HIGH,0
540614,Hotel Night,0.7124464745499619,Hotel Meal,0.307954335938631,0.40449213861133093,HIGH,0
540622,Hotel Night,0.7124464745499619,Hotel Meal,0.5612540810332283,0.15119239351673364,MEDIUM,0
540642,No Cancel Fee,0.0,Exclusive Discount,-0.1247288492224758,0.1247288492224758,MEDIUM,2
540652,No Cancel Fee,0.0,Exclusive Discount,-0.1247288492224758,0.1247288492224758,MEDIUM,2
540653,Hotel Meal,1.36700546701077,No Cancel Fee,0.0,1.36700546701077,HIGH,1
540654,Hotel Night,0.7124464745499619,Hotel Meal,0.4254782949983383,0.2869681795516236,HIGH,0
540656,Hotel Meal,0.7192881926476082,Hotel Night,0.7124464745499619,0.006841718097646332,MEDIUM,0
540664,Free Bag,0.1018241682758222,Hotel Night,0.0257824539889438,0.0760417142868784,LOW,0
540666,Hotel Night,0.7124464745499619,No Cancel Fee,0.0,0.7124464745499619,HIGH,0
540698,Hotel Night,0.7124464745499619,Exclusive Discount,0.2481111963495325,0.4643352782004294,HIGH,0
540708,Hotel Night,0.7124464745499619,Exclusive Discount,0.5421802566707893,0.17026621787917262,MEDIUM,0
540718,Hotel Meal,0.7994181647337724,Free Bag,0.1018241682758222,0.6975939964579502,HIGH,0
540733,Hotel Meal,0.4655432810414208,No Cancel Fee,0.0,0.4655432810414208,MEDIUM,0
540777,No Cancel Fee,0.0,Exclusive Discount,-0.1247288492224758,0.1247288492224758,MEDIUM,2
540819,Hotel Night,0.7124464745499619,Free Bag,0.4640745108367,0.24837196371326192,HIGH,0
540837,Exclusive Discount,0.9422740596151769,Hotel Night,0.7124464745499619,0.22982758506521495,HIGH,0
540857,No Cancel Fee,0.0,Exclusive Discount,-0.1247288492224758,0.1247288492224758,MEDIUM,2
540863,Hotel Meal,1.7609778297677443,No Cancel Fee,0.0,1.7609778297677443,HIGH,1
540924,Hotel Meal,1.4618259339793978,No Cancel Fee,0.0,1.4618259339793978,HIGH,1
540941,Hotel Meal,1.013098090296877,No Cancel Fee,0.0,1.013098090296877,HIGH,1
540966,No Cancel Fee,0.0,Exclusive Discount,-0.1247288492224758,0.1247288492224758,MEDIUM,2
540973,Free Bag,1.1885751959584556,Hotel Night,0.7124464745499619,0.4761287214084937,HIGH,0
540974,Exclusive Discount,1.2609831384931978,Free Bag,1.1885751959584556,0.07240794253474214,MEDIUM,0
541001,Free Bag,0.1018241682758222,Hotel Night,0.0257824539889438,0.0760417142868784,LOW,0
541040,Free Bag,1.1885751959584556,Hotel Meal,0.6747715414886278,0.5138036544698278,HIGH,0
541041,Hotel Night,0.7124464745499619,Exclusive Discount,0.0351176468984313,0.6773288276515306,HIGH,0
541047,No Cancel Fee,0.0,Exclusive Discount,-0.1247288492224758,0.1247288492224758,MEDIUM,2
541061,Free Bag,1.1885751959584556,Exclusive Discount,0.8511769390268806,0.337398256931575,HIGH,2
541083,No Cancel Fee,0.0,Exclusive Discount,-0.1247288492224758,0.1247288492224758,MEDIUM,2
541084,Hotel Meal,1.7431711693041525,Exclusive Discount,0.8512236380659949,0.8919475312381576,HIGH,0
541112,Exclusive Discount,1.138847395437791,Hotel Meal,0.9418714484425088,0.1969759469952821,MEDIUM,0
541132,No Cancel Fee,0.0,Exclusive Discount,-0.1247288492224758,0.1247288492224758,MEDIUM,2
541150,Free Bag,1.1885751959584556,Hotel Meal,0.7994181647337724,0.38915703122468326,HIGH,0
541162,Hotel Night,0.4181618943095248,Hotel Meal,0.3720583136075618,0.046103580701962965,LOW,0
541168,Hotel Meal,1.06058251819979,Free Bag,0.3191743738123488,0.7414081443874413,HIGH,0
541176,Hotel Night,0.7124464745499619,Exclusive Discount,0.5384579923354912,0.17398848221447072,MEDIUM,0
541193,No Cancel Fee,0.0,Exclusive Discount,-0.1247288492224758,0.1247288492224758,MEDIUM,2
541216,Hotel Night,0.7124464745499619,No Cancel Fee,0.0,0.7124464745499619,HIGH,0
541224,Hotel Night,0.7124464745499619,Free Bag,0.1018241682758222,0.6106223062741397,HIGH,0
541235,Hotel Meal,1.11993805307843,Hotel Night,0.7124464745499619,0.40749157852846807,HIGH,0
541236,No Cancel Fee,0.0,Exclusive Discount,-0.1247288492224758,0.1247288492224758,MEDIUM,2
541240,Exclusive Discount,0.8020568142115516,Hotel Meal,0.3676066484916642,0.4344501657198874,HIGH,0
541249,Exclusive Discount,0.7346575820249591,Hotel Night,0.7124464745499619,0.022211107474997216,MEDIUM,0
541259,No Cancel Fee,0.0,Free Bag,-0.2604261742850556,0.2604261742850556,MEDIUM,0
541262,Free Bag,1.1885751959584556,Hotel Night,0.7124464745499619,0.4761287214084937,HIGH,0
541282,No Cancel Fee,0.0,Exclusive Discount,-0.1247288492224758,0.1247288492224758,MEDIUM,2
541289,Hotel Meal,0.8528381461245484,Hotel Night,0.7124464745499619,0.14039167157458654,MEDIUM,0
541326,Exclusive Discount,0.872566008780309,Hotel Night,0.0257824539889438,0.8467835547913651,HIGH,0
541352,Hotel Night,0.7124464745499619,Exclusive Discount,0.2337185513048927,0.4787279232450692,HIGH,0
541357,Free Bag,0.645199682117139,Hotel Night,0.4181618943095248,0.2270377878076142,MEDIUM,0
541382,Hotel Meal,1.054646964711926,Hotel Night,0.7124464745499619,0.3422004901619642,HIGH,0
541389,Free Bag,0.7538747848854024,Hotel Meal,0.2117983694352337,0.5420764154501687,HIGH,0
541438,Exclusive Discount,1.6287656976848013,Hotel Night,0.7124464745499619,0.9163192231348394,HIGH,0
541454,Free Bag,2.2753262236410894,Hotel Meal,1.2623913367871664,1.012934886853923,HIGH,0
541497,No Cancel Fee,0.0,Exclusive Discount,-0.1247288492224758,0.1247288492224758,MEDIUM,2
541505,Hotel Night,0.7124464745499619,Exclusive Discount,0.6365962010439499,0.07585027350601203,MEDIUM,0
541516,Free Bag,1.1885751959584556,Hotel Meal,0.6859007042783728,0.5026744916800828,HIGH,0
541540,Exclusive Discount,0.7860039417069706,Hotel Night,0.3004480622133511,0.48555587949361956,HIGH,0
541612,Hotel Meal,0.2051208717613866,Hotel Night,0.1974484591291983,0.007672412632188291,LOW,0
541649,Hotel Meal,1.536613907926485,Hotel Night,0.7124464745499619,0.824167433376523,HIGH,0
541672,Hotel Night,0.7124464745499619,Hotel Meal,0.2407341926885707,0.47171228186139125,HIGH,0
541699,No Cancel Fee,0.0,Hotel Meal,-0.395853918884846,0.395853918884846,MEDIUM,0
541700,Free Bag,1.1885751959584556,Hotel Night,0.0257824539889438,1.1627927419695119,HIGH,0
541734,Free Bag,1.1885751959584556,Hotel Night,0.7124464745499619,0.4761287214084937,HIGH,0
541735,No Cancel Fee,0.0,Exclusive Discount,-0.1247288492224758,0.1247288492224758,MEDIUM,2
541752,Exclusive Discount,1.1088225794919044,Hotel Night,0.7124464745499619,0.39637610494194253,HIGH,0
541764,Free Bag,1.1885751959584556,Hotel Meal,0.9418714484425088,0.24670374751594681,HIGH,0
541812,Hotel Meal,0.5857382391706669,Hotel Night,0.4181618943095248,0.16757634486114215,MEDIUM,0
541878,Free Bag,1.1885751959584556,Hotel Meal,0.5812865740547694,0.6072886219036863,HIGH,0
541901,Hotel Meal,1.0041947600650811,Exclusive Discount,0.9707505892535484,0.033444170811532725,MEDIUM,0
541906,Free Bag,2.2753262236410894,Hotel Meal,1.5695562297841297,0.7057699938569597,HIGH,0
541921,Exclusive Discount,1.5059528233398558,Hotel Meal,1.226778015859982,0.2791748074798739,HIGH,1
541923,Hotel Meal,1.0064205926230303,Hotel Night,0.3004480622133511,0.7059725304096792,HIGH,0
541931,Hotel Meal,1.675505859542503,Exclusive Discount,1.0515177535873084,0.6239881059551946,HIGH,1
541939,Exclusive Discount,0.6024651841273527,Hotel Night,0.3004480622133511,0.30201712191400165,MEDIUM,0
541967,Free Bag,1.9130758810802115,Exclusive Discount,0.5148842576085593,1.3981916234716523,HIGH,0
541972,Free Bag,1.1885751959584556,Hotel Night,0.7124464745499619,0.4761287214084937,HIGH,0
541980,Hotel Night,0.7124464745499619,No Cancel Fee,0.0,0.7124464745499619,HIGH,0
541998,Exclusive Discount,1.7865151472388754,Hotel Night,0.7124464745499619,1.0740686726889135,HIGH,0
541999,Exclusive Discount,1.4092645106265491,Hotel Meal,1.36700546701077,0.042259043615779035,MEDIUM,1
542012,Free Bag,1.1885751959584556,Hotel Night,0.7124464745499619,0.4761287214084937,HIGH,0
542015,Hotel Meal,2.072594387880606,Free Bag,1.1885751959584556,0.8840191919221503,HIGH,0
542027,Hotel Night,0.7124464745499619,Exclusive Discount,0.7113707968504698,0.001075677699492128,MEDIUM,0
542036,Hotel Night,0.7124464745499619,No Cancel Fee,0.0,0.7124464745499619,HIGH,0
542056,Hotel Meal,2.316545636231818,Exclusive Discount,0.1523164453535399,2.1642291908782783,HIGH,1
542059,Hotel Night,0.3004480622133511,No Cancel Fee,0.0,0.3004480622133511,MEDIUM,0
542065,Hotel Night,0.7124464745499619,No Cancel Fee,0.0,0.7124464745499619,HIGH,0
542080,Hotel Night,0.7124464745499619,Hotel Meal,0.6859007042783728,0.02654577027158911,MEDIUM,0
542095,No Cancel Fee,0.0,Exclusive Discount,-0.1247288492224758,0.1247288492224758,MEDIUM,2
542142,Hotel Meal,1.2801979972507584,Exclusive Discount,0.1752375695554973,1.1049604276952611,HIGH,0
542153,Hotel Night,0.7124464745499619,Free Bag,0.1018241682758222,0.6106223062741397,HIGH,0
542189,Hotel Night,0.7124464745499619,Exclusive Discount,0.2237854156535751,0.4886610588963868,HIGH,0
542194,Exclusive Discount,0.8064233696289229,Free Bag,0.1018241682758222,0.7045992013531007,HIGH,0
542196,Exclusive Discount,1.8549087094442545,Free Bag,1.1885751959584556,0.6663335134857988,HIGH,2
542208,Hotel Meal,1.2267780158599824,Hotel Night,0.7124464745499619,0.5143315413100205,HIGH,0
542230,No Cancel Fee,0.0,Exclusive Discount,-0.1247288492224758,0.1247288492224758,MEDIUM,2
542254,Free Bag,1.1885751959584556,Hotel Night,0.7124464745499619,0.4761287214084937,HIGH,0
542267,No Cancel Fee,0.0,Exclusive Discount,-0.1247288492224758,0.1247288492224758,MEDIUM,2
542270,Hotel Meal,0.3676066484916642,Exclusive Discount,0.2256050326443797,0.1420016158472845,MEDIUM,0
542277,Free Bag,1.1885751959584556,Hotel Night,0.7124464745499619,0.4761287214084937,HIGH,0
542282,Hotel Night,0.7124464745499619,Hotel Meal,0.3186383322167858,0.3938081423331761,HIGH,0
542303,No Cancel Fee,0.0,Exclusive Discount,-0.1247288492224758,0.1247288492224758,MEDIUM,2
542316,Hotel Meal,1.97465775533085,Exclusive Discount,1.428602173169211,0.5460555821616391,HIGH,1
542326,Hotel Night,0.7124464745499619,Hotel Meal,0.2051208717613866,0.5073256027885753,HIGH,0
542334,Free Bag,1.1885751959584556,Hotel Night,0.7124464745499619,0.4761287214084937,HIGH,0
542358,Hotel Meal,1.0420339135502144,Hotel Night,0.3004480622133511,0.7415858513368633,HIGH,0
542366,Exclusive Discount,1.0282488732314818,Hotel Night,0.7124464745499619,0.31580239868151994,HIGH,0
542383,Hotel Night,0.7124464745499619,Free Bag,0.4640745108367,0.24837196371326192,HIGH,0
542418,Exclusive Discount,1.7301439952555728,Hotel Night,0.7124464745499619,1.017697520705611,HIGH,0
542451,Free Bag,1.1885751959584556,Hotel Night,0.7124464745499619,0.4761287214084937,HIGH,0
542471,Hotel Meal,0.5968674019604123,Hotel Night,0.4181618943095248,0.17870550765088755,MEDIUM,0
542482,Free Bag,1.1885751959584556,No Cancel Fee,0.0,1.1885751959584556,HIGH,2
542570,Free Bag,1.1885751959584556,Hotel Night,0.7124464745499619,0.4761287214084937,HIGH,0
542585,Exclusive Discount,1.1306185454491005,Hotel Meal,0.7816115042701803,0.3490070411789201,HIGH,0
542605,Hotel Night,0.7124464745499619,No Cancel Fee,0.0,0.7124464745499619,HIGH,0
542638,No Cancel Fee,0.0,Exclusive Discount,-0.1247288492224758,0.1247288492224758,MEDIUM,2
542657,Hotel Night,0.7124464745499619,No Cancel Fee,0.0,0.7124464745499619,HIGH,0
542658,Free Bag,1.1885751959584556,No Cancel Fee,0.0,1.1885751959584556,HIGH,2
542663,Hotel Meal,1.3135854856199936,Hotel Night,0.7124464745499619,0.6011390110700316,HIGH,0
542670,Exclusive Discount,2.095493488054696,Free Bag,1.1885751959584556,0.9069182920962404,HIGH,0
542752,Free Bag,1.1885751959584556,Hotel Night,0.7124464745499619,0.4761287214084937,HIGH,0
542760,Hotel Meal,1.1644547042374096,Hotel Night,0.3004480622133511,0.8640066420240585,HIGH,0
542767,Exclusive Discount,1.8447199857309176,Free Bag,1.1885751959584556,0.6561447897724619,HIGH,0
542795,Exclusive Discount,1.213525417346209,Hotel Meal,0.7549015135747923,0.4586239037714166,HIGH,0
542796,Free Bag,1.1885751959584556,Hotel Night,0.3004480622133511,0.8881271337451045,HIGH,0
542805,Free Bag,1.1885751959584556,Hotel Meal,0.7994181647337724,0.38915703122468326,HIGH,0
542812,Hotel Meal,1.6875253553554272,Exclusive Discount,0.8581411281606905,0.8293842271947367,HIGH,1
542825,Hotel Meal,0.8261281554291608,Hotel Night,0.7124464745499619,0.11368168087919894,MEDIUM,0
542843,Exclusive Discount,1.2925270705946066,Free Bag,1.1885751959584556,0.10395187463615096,MEDIUM,0
542850,Exclusive Discount,1.2519049679396457,Hotel Meal,0.8461606484507014,0.4057443194889443,HIGH,0
542857,No Cancel Fee,0.0,Exclusive Discount,-0.1247288492224758,0.1247288492224758,MEDIUM,2
542874,No Cancel Fee,0.0,Exclusive Discount,-0.1247288492224758,0.1247288492224758,MEDIUM,2
542914,Hotel Meal,1.11993805307843,Free Bag,0.1018241682758222,1.0181138848026077,HIGH,0
542918,Hotel Meal,0.9329681182107132,Exclusive Discount,0.8819062646648679,0.05106185354584536,MEDIUM,0
542937,Hotel Meal,0.959678108906101,Hotel Night,0.7124464745499619,0.24723163435613904,HIGH,0
542965,Exclusive Discount,1.1675437288432768,Hotel Meal,1.096195839126974,0.0713478897163029,MEDIUM,1
542976,Free Bag,1.1885751959584556,Hotel Meal,0.7215140252055569,0.46706117075289877,HIGH,0
543008,Exclusive Discount,1.9798375448977856,Hotel Night,0.7124464745499619,1.2673910703478237,HIGH,0
543038,Exclusive Discount,0.9275538866165528,Hotel Night,0.7124464745499619,0.2151074120665909,HIGH,0
543052,Hotel Meal,0.5323182577798908,Hotel Night,0.4181618943095248,0.11415636347036606,MEDIUM,0
543074,Hotel Night,0.7124464745499619,Exclusive Discount,0.6307696839098358,0.08167679064012612,MEDIUM,0
543075,Free Bag,1.1885751959584556,Hotel Night,0.7124464745499619,0.4761287214084937,HIGH,0
543081,Hotel Night,0.7124464745499619,Exclusive Discount,0.5777127780443971,0.13473369650556477,MEDIUM,0
543114,Hotel Meal,1.6815898018675637,Hotel Night,0.4835584676962888,1.198031334171275,HIGH,0
543165,Hotel Night,0.3004480622133511,Exclusive Discount,0.0945743632556777,0.20587369895767338,MEDIUM,0
543222,Exclusive Discount,1.3762331564823684,Hotel Night,0.7124464745499619,0.6637866819324065,HIGH,0
543237,Hotel Night,0.0257824539889438,No Cancel Fee,0.0,0.0257824539889438,LOW,0
543240,Hotel Meal,1.9234636064980228,Exclusive Discount,0.7975101921969266,1.125953414301096,HIGH,0
543271,Hotel Night,0.7124464745499619,No Cancel Fee,0.0,0.7124464745499619,HIGH,0
543273,Hotel Night,0.7124464745499619,Hotel Meal,0.5323182577798908,0.18012821677007107,MEDIUM,0
543304,Free Bag,1.1885751959584556,Hotel Night,0.7124464745499619,0.4761287214084937,HIGH,0
543306,Free Bag,1.1885751959584556,Hotel Meal,0.3720583136075627,0.8165168823508929,HIGH,0
543327,Hotel Meal,0.7192881926476082,Hotel Night,0.7124464745499619,0.006841718097646332,MEDIUM,0
543339,Hotel Night,0.7124464745499619,Hotel Meal,0.6680940438147808,0.044352430735181136,MEDIUM,0
543352,Exclusive Discount,0.978734847445196,Free Bag,0.4640745108367,0.5146603366084961,HIGH,0
543375,Hotel Night,0.7124464745499619,Hotel Meal,0.0982809089798341,0.6141655655701278,HIGH,0
543385,Hotel Meal,1.93667021300852,Hotel Night,0.4835584676962888,1.4531117453122313,HIGH,0
543428,Hotel Meal,2.0948527134600967,Exclusive Discount,0.785624893625711,1.3092278198343856,HIGH,1
543437,Hotel Night,0.7124464745499619,Exclusive Discount,0.2339880854765237,0.4784583890734382,HIGH,0
543476,Hotel Meal,1.6875253553554272,Exclusive Discount,1.573634642239172,0.1138907131162552,MEDIUM,1
543497,Exclusive Discount,0.8161108197851331,Hotel Night,0.3004480622133511,0.515662757571782,HIGH,0
543557,Exclusive Discount,1.273716896099089,Hotel Night,0.7124464745499619,0.5612704215491271,HIGH,0
543559,Hotel Night,0.7124464745499619,Exclusive Discount,0.1754600833554571,0.5369863911945048,HIGH,0
543618,Free Bag,1.1885751959584556,Hotel Night,0.7124464745499619,0.4761287214084937,HIGH,0
543620,No Cancel Fee,0.0,Exclusive Discount,-0.1247288492224758,0.1247288492224758,MEDIUM,2
543659,Free Bag,0.7538747848854024,Hotel Meal,0.7459981833429963,0.007876601542406103,MEDIUM,0
543660,Hotel Meal,2.295177643675507,No Cancel Fee,0.0,2.295177643675507,HIGH,1
543666,Hotel Night,0.7124464745499619,Hotel Meal,0.4254782949983383,0.2869681795516236,HIGH,0
543668,Exclusive Discount,1.0211905966531427,Hotel Meal,0.7994181647337724,0.22177243191937035,HIGH,0
543671,Hotel Night,0.7124464745499619,No Cancel Fee,0.0,0.7124464745499619,HIGH,0
543694,Hotel Night,0.7124464745499619,Exclusive Discount,0.1364615132315519,0.57598496131841,HIGH,0
543713,Hotel Meal,1.0420339135502144,Hotel Night,0.3004480622133511,0.7415858513368633,HIGH,0
543716,Free Bag,1.1885751959584556,Hotel Night,0.7124464745499619,0.4761287214084937,HIGH,0
543723,No Cancel Fee,0.0,Exclusive Discount,-0.1247288492224758,0.1247288492224758,MEDIUM,2
543728,Hotel Meal,1.3616634688716924,Hotel Night,0.7124464745499619,0.6492169943217305,HIGH,0
543778,Hotel Meal,1.2000680251645943,Hotel Night,0.4181618943095248,0.7819061308550695,HIGH,0
543810,Hotel Meal,1.917595502481612,Hotel Night,0.5251744689424108,1.3924210335392013,HIGH,0
543816,No Cancel Fee,0.0,Exclusive Discount,-0.1247288492224758,0.1247288492224758,MEDIUM,2
543826,Exclusive Discount,1.150701334187961,Hotel Meal,1.0064205926230303,0.14428074156493076,MEDIUM,0
543885,No Cancel Fee,0.0,Exclusive Discount,-0.1247288492224758,0.1247288492224758,MEDIUM,2
543900,Hotel Night,0.7124464745499619,Free Bag,0.1018241682758222,0.6106223062741397,HIGH,0
543927,Hotel Night,0.7124464745499619,Exclusive Discount,0.253948749406451,0.4584977251435109,HIGH,0
543937,Free Bag,1.1885751959584556,Hotel Meal,0.6859007042783728,0.5026744916800828,HIGH,0
543952,Hotel Meal,1.11993805307843,Exclusive Discount,0.7215653310506486,0.3983727220277814,HIGH,0
543968,Hotel Meal,1.8188494762744187,Hotel Night,0.7124464745499619,1.1064030017244568,HIGH,0
543976,Exclusive Discount,1.4628583087220872,Free Bag,1.1885751959584556,0.2742831127636316,HIGH,0
544002,Hotel Night,0.7124464745499619,Free Bag,0.4640745108367,0.24837196371326192,HIGH,0
544008,Exclusive Discount,1.0970117705794915,Free Bag,0.1018241682758222,0.9951876023036693,HIGH,0
544012,Exclusive Discount,1.1196169232575204,Hotel Night,0.7124464745499619,0.4071704487075585,HIGH,0
544015,Free Bag,1.1885751959584556,Hotel Night,0.7124464745499619,0.4761287214084937,HIGH,0
544043,Exclusive Discount,1.2686176488144274,Hotel Meal,0.7175075266012485,0.5511101222131789,HIGH,0
544163,Free Bag,1.1885751959584556,Hotel Meal,1.0309047507604694,0.15767044519798623,MEDIUM,0
544207,Free Bag,1.1885751959584556,Hotel Meal,1.093228062383042,0.09534713357541369,MEDIUM,0
544254,Hotel Night,0.7124464745499619,No Cancel Fee,0.0,0.7124464745499619,HIGH,0
544256,No Cancel Fee,0.0,Exclusive Discount,-0.1247288492224758,0.1247288492224758,MEDIUM,2
544271,Free Bag,1.1885751959584556,Hotel Night,0.7124464745499619,0.4761287214084937,HIGH,0
544333,No Cancel Fee,0.0,Exclusive Discount,-0.1247288492224758,0.1247288492224758,MEDIUM,2
544364,No Cancel Fee,0.0,Exclusive Discount,-0.1247288492224758,0.1247288492224758,MEDIUM,2
544367,Exclusive Discount,0.585601112078983,Free Bag,0.1018241682758222,0.48377694380316083,MEDIUM,0
544391,Exclusive Discount,1.845415535012461,Free Bag,1.1885751959584556,0.6568403390540054,HIGH,0
544406,Free Bag,0.4640745108367,Hotel Night,0.3004480622133511,0.1636264486233489,MEDIUM,0
544414,Hotel Night,0.7124464745499619,No Cancel Fee,0.0,0.7124464745499619,HIGH,0
544425,No Cancel Fee,0.0,Exclusive Discount,-0.1247288492224758,0.1247288492224758,MEDIUM,2
544444,Free Bag,1.1885751959584556,Exclusive Discount,0.8588164681718825,0.3297587277865731,HIGH,0
544447,Free Bag,1.1885751959584556,Exclusive Discount,0.4514132698963164,0.7371619260621392,HIGH,0
544449,Hotel Meal,1.858914462317501,Free Bag,1.1885751959584556,0.6703392663590453,HIGH,0
544469,Hotel Night,0.7124464745499619,Free Bag,0.1018241682758222,0.6106223062741397,HIGH,0
544476,Free Bag,3.3620772513237225,Exclusive Discount,1.554548668803609,1.8075285825201135,HIGH,0
544480,Hotel Night,0.7124464745499619,Exclusive Discount,0.4856740493054735,0.22677242524448843,HIGH,0
544495,No Cancel Fee,0.0,Exclusive Discount,-0.1247288492224758,0.1247288492224758,MEDIUM,2
544507,No Cancel Fee,0.0,Exclusive Discount,-0.1247288492224758,0.1247288492224758,MEDIUM,2
544513,Free Bag,1.1885751959584556,Hotel Night,0.4181618943095248,0.7704133016489308,HIGH,0
544536,Hotel Meal,1.4738454297923225,Exclusive Discount,0.8097969718040361,0.6640484579882864,HIGH,1
544549,Free Bag,1.1885751959584556,Hotel Meal,0.7459981833429963,0.44257701261545934,HIGH,0
544595,Hotel Night,0.7124464745499619,Hotel Meal,0.6658682112568318,0.046578263293130084,MEDIUM,0
544604,Exclusive Discount,1.4157266349097266,Free Bag,1.1885751959584556,0.227151438951271,HIGH,0
544627,Exclusive Discount,0.8362953233484067,Free Bag,0.645199682117139,0.19109564123126777,MEDIUM,0
544640,Hotel Meal,1.0398080809922658,Free Bag,0.7538747848854024,0.28593329610686347,HIGH,0
544647,Hotel Meal,1.5806853925738746,Exclusive Discount,1.3995956793552202,0.1810897132186544,MEDIUM,1
544680,Hotel Night,0.7124464745499619,Hotel Meal,0.7103848624158114,0.002061612134150459,MEDIUM,0
544683,Hotel Meal,1.2267780158599824,Hotel Night,0.7124464745499619,0.5143315413100205,HIGH,0
544685,No Cancel Fee,0.0,Exclusive Discount,-0.1247288492224758,0.1247288492224758,MEDIUM,2
544694,Hotel Night,0.7124464745499619,Free Bag,0.1018241682758222,0.6106223062741397,HIGH,0
544698,Hotel Meal,1.36700546701077,Exclusive Discount,1.003173597230654,0.36383186978011617,HIGH,1
544747,Hotel Meal,1.6808478576815806,Free Bag,1.1885751959584556,0.492272661723125,HIGH,0
544749,Hotel Night,0.7124464745499619,No Cancel Fee,0.0,0.7124464745499619,HIGH,0
544818,Free Bag,1.1885751959584556,Hotel Night,0.7124464745499619,0.4761287214084937,HIGH,0
544839,Exclusive Discount,0.6529500637417168,Hotel Night,0.3004480622133511,0.35250200152836575,MEDIUM,0
544868,Hotel Night,0.0257824539889438,No Cancel Fee,0.0,0.0257824539889438,LOW,0
544926,Exclusive Discount,1.1074671740268958,Hotel Night,0.7124464745499619,0.39502069947693386,HIGH,0
545010,Free Bag,1.1885751959584556,Exclusive Discount,0.845222909484309,0.3433522864741466,HIGH,2
545011,Free Bag,1.1885751959584556,Exclusive Discount,0.4514656116037854,0.7371095843546702,HIGH,0
545012,Free Bag,1.1885751959584556,Hotel Meal,0.8350314856609564,0.3535437102974992,HIGH,0
545063,No Cancel Fee,0.0,Exclusive Discount,-0.1247288492224758,0.1247288492224758,MEDIUM,2
545070,Hotel Meal,1.4671679321184752,No Cancel Fee,0.0,1.4671679321184752,HIGH,0
545109,Hotel Night,0.7124464745499619,Exclusive Discount,0.2772944198398955,0.4351520547100664,HIGH,0
545115,Free Bag,1.1885751959584556,Hotel Night,0.7124464745499619,0.4761287214084937,HIGH,0
545132,Hotel Night,0.7124464745499619,Exclusive Discount,0.6063877315357503,0.10605874301421159,MEDIUM,0
545208,No Cancel Fee,0.0,Exclusive Discount,-0.1247288492224758,0.1247288492224758,MEDIUM,2
545209,Hotel Night,0.7124464745499619,Hotel Meal,0.1939917089716416,0.5184547655783203,HIGH,0
545226,Hotel Night,0.7124464745499619,Exclusive Discount,0.5568321766560292,0.15561429789393266,MEDIUM,0
545247,No Cancel Fee,0.0,Exclusive Discount,-0.1247288492224758,0.1247288492224758,MEDIUM,2
545249,Hotel Meal,1.1399705460999714,Hotel Night,0.1974484591291983,0.9425220869707731,HIGH,0
545264,No Cancel Fee,0.0,Exclusive Discount,-0.1247288492224758,0.1247288492224758,MEDIUM,2
545272,Free Bag,1.1885751959584556,Hotel Night,0.7124464745499619,0.4761287214084937,HIGH,0
545290,Hotel Night,0.4181618943095248,Hotel Meal,0.1695075508342024,0.24865434347532236,MEDIUM,0
545300,Hotel Meal,1.2534880065553704,Exclusive Discount,0.9871684263475016,0.26631958020786883,HIGH,0
545317,Hotel Meal,0.8261281554291608,Hotel Night,0.4835584676962888,0.34256968773287205,HIGH,0
545318,Hotel Night,0.7124464745499619,Hotel Meal,0.3119608345429392,0.4004856400070227,HIGH,0
545327,Exclusive Discount,1.4875306127818408,Hotel Meal,0.7994181647337724,0.6881124480480685,HIGH,0
545344,Hotel Meal,1.226778015859982,No Cancel Fee,0.0,1.226778015859982,HIGH,1
545345,Free Bag,1.1885751959584556,Hotel Night,0.7124464745499619,0.4761287214084937,HIGH,0
545360,Hotel Meal,0.3253158298906332,No Cancel Fee,0.0,0.3253158298906332,MEDIUM,0
545375,No Cancel Fee,0.0,Exclusive Discount,-0.1247288492224758,0.1247288492224758,MEDIUM,2
545399,Free Bag,1.1885751959584556,Hotel Night,0.7124464745499619,0.4761287214084937,HIGH,0
545404,Hotel Meal,1.173358034469206,Hotel Night,0.7124464745499619,0.46091155991924415,HIGH,0
545446,No Cancel Fee,0.0,Free Bag,-0.9849268594068112,0.9849268594068112,MEDIUM,2
545465,Free Bag,3.3620772513237225,Hotel Night,0.7124464745499619,2.6496307767737606,HIGH,0
545510,Hotel Meal,0.9329681182107128,Exclusive Discount,0.1360761926702382,0.7968919255404746,HIGH,0
545518,Hotel Meal,0.9329681182107132,Hotel Night,0.7124464745499619,0.22052164366075133,HIGH,0
545551,Hotel Night,0.7124464745499619,Free Bag,0.4640745108367,0.24837196371326192,HIGH,0
545577,Hotel Meal,1.2334555135338294,Hotel Night,0.7124464745499619,0.5210090389838675,HIGH,0
545629,Hotel Meal,0.8623350317051311,Hotel Night,0.7124464745499619,0.14988855715516924,MEDIUM,0
545633,Hotel Night,0.7124464745499619,Exclusive Discount,0.4571922290450703,0.2552542455048916,HIGH,0
545634,Hotel Night,0.7124464745499619,Hotel Meal,0.1049584066536811,0.6074880678962808,HIGH,0
545652,Hotel Night,0.7124464745499619,Exclusive Discount,0.6446753347061092,0.06777113984385275,MEDIUM,0
545684,No Cancel Fee,0.0,Exclusive Discount,-0.1247288492224758,0.1247288492224758,MEDIUM,2
545736,Exclusive Discount,0.9559887254839872,Hotel Night,0.7124464745499619,0.24354225093402526,HIGH,0
545745,Free Bag,0.1018241682758222,Hotel Night,0.0257824539889438,0.0760417142868784,LOW,0
545748,Free Bag,1.1885751959584556,Hotel Night,0.0257824539889438,1.1627927419695119,HIGH,0
545754,No Cancel Fee,0.0,Exclusive Discount,-0.1247288492224758,0.1247288492224758,MEDIUM,2
545755,Hotel Meal,0.745998183342996,Hotel Night,0.4181618943095248,0.3278362890334712,HIGH,0
545758,Hotel Night,0.7124464745499619,Free Bag,0.1018241682758222,0.6106223062741397,HIGH,0
545763,Hotel Meal,2.286274313443711,Exclusive Discount,0.8968164532460141,1.389457860197697,HIGH,1
545770,Hotel Meal,0.8469025926366844,Hotel Night,0.7124464745499619,0.13445611808672253,MEDIUM,0
545771,Hotel Night,0.7124464745499619,Exclusive Discount,0.6023084561109947,0.1101380184389672,MEDIUM,0
545803,Hotel Night,0.7124464745499619,Free Bag,0.4640745108367,0.24837196371326192,HIGH,0
545805,Hotel Meal,1.2801979972507584,Free Bag,1.1885751959584556,0.09162280129230282,MEDIUM,0
545810,Hotel Meal,1.5806853925738746,Exclusive Discount,0.4327125522221356,1.147972840351739,HIGH,1
545848,No Cancel Fee,0.0,Exclusive Discount,-0.1247288492224758,0.1247288492224758,MEDIUM,2
545865,Free Bag,0.645199682117139,Hotel Night,0.4181618943095248,0.2270377878076142,MEDIUM,0
545879,Hotel Night,0.7124464745499619,No Cancel Fee,0.0,0.7124464745499619,HIGH,0
545936,Hotel Meal,0.7571273461327414,Hotel Night,0.3004480622133511,0.4566792839193903,HIGH,0
545939,Hotel Night,0.4181618943095248,Free Bag,0.1018241682758222,0.3163377260337026,MEDIUM,0
545958,Exclusive Discount,0.5350253209701153,No Cancel Fee,0.0,0.5350253209701153,MEDIUM,2
545981,Exclusive Discount,1.346847385192948,Hotel Meal,1.198287359118235,0.14856002607471308,MEDIUM,0
546008,Hotel Night,0.7124464745499619,Hotel Meal,0.6391582205614433,0.07328825398851857,MEDIUM,0
546050,Free Bag,1.1885751959584556,Hotel Night,0.7124464745499619,0.4761287214084937,HIGH,0
546061,Hotel Night,0.4181618943095248,Hotel Meal,0.2051208717613866,0.21304102254813817,MEDIUM,0
546064,Hotel Meal,1.4898714242095557,Hotel Night,0.7124464745499619,0.7774249496595937,HIGH,0
546065,Exclusive Discount,0.9229014347555587,Hotel Meal,0.7927406670599254,0.13016076769563334,MEDIUM,0
546072,Free Bag,1.1885751959584556,Hotel Meal,0.9774847693696934,0.2110904265887622,HIGH,0
546127,Hotel Meal,0.8469025926366844,Hotel Night,0.7124464745499619,0.13445611808672253,MEDIUM,0
546130,Free Bag,1.1885751959584556,Hotel Night,0.0257824539889438,1.1627927419695119,HIGH,0
546131,Free Bag,1.1885751959584556,Hotel Night,0.7124464745499619,0.4761287214084937,HIGH,0
546161,Hotel Night,0.7124464745499619,Hotel Meal,0.6680940438147808,0.044352430735181136,MEDIUM,0
546164,No Cancel Fee,0.0,Exclusive Discount,-0.1247288492224758,0.1247288492224758,MEDIUM,2
546190,Hotel Night,0.7124464745499619,Free Bag,0.4640745108367,0.24837196371326192,HIGH,0
546224,Free Bag,1.1885751959584556,Exclusive Discount,0.8355636976876816,0.35301149827077405,HIGH,0
546256,Hotel Meal,1.5205879135092517,Hotel Night,0.3004480622133511,1.2201398512959005,HIGH,0
546280,Hotel Night,0.7124464745499619,No Cancel Fee,0.0,0.7124464745499619,HIGH,0
546282,Hotel Night,0.7124464745499619,No Cancel Fee,0.0,0.7124464745499619,HIGH,0
546307,Hotel Meal,1.387037960032311,Free Bag,0.4640745108367,0.9229634491956111,HIGH,0
546334,Exclusive Discount,1.600691252407088,Hotel Night,0.7124464745499619,0.8882447778571261,HIGH,0
546395,Hotel Night,0.7124464745499619,Hotel Meal,0.6836748717204243,0.028771602829537613,MEDIUM,0
546399,Exclusive Discount,0.3454519605961559,No Cancel Fee,0.0,0.3454519605961559,MEDIUM,2
546419,Free Bag,0.1018241682758222,Hotel Night,0.0257824539889438,0.0760417142868784,LOW,0
546437,Hotel Meal,1.2334555135338294,Hotel Night,0.7124464745499619,0.5210090389838675,HIGH,0
546462,Hotel Meal,1.934592769287768,No Cancel Fee,0.0,1.934592769287768,HIGH,1
546470,No Cancel Fee,0.0,Free Bag,-0.9849268594068112,0.9849268594068112,MEDIUM,2
546485,Free Bag,1.1885751959584556,Hotel Meal,0.7727081740383843,0.4158670219200713,HIGH,0
546509,Hotel Night,0.7124464745499619,Exclusive Discount,0.3490889618955493,0.36335751265441263,HIGH,0
546529,Free Bag,1.1885751959584556,Hotel Night,0.7124464745499619,0.4761287214084937,HIGH,0
546587,Free Bag,0.1018241682758222,Hotel Night,0.0257824539889438,0.0760417142868784,LOW,0
546612,Hotel Night,0.7124464745499619,No Cancel Fee,0.0,0.7124464745499619,HIGH,0
546648,Free Bag,0.4640745108367,Hotel Night,0.3004480622133511,0.1636264486233489,MEDIUM,0
546664,Exclusive Discount,1.7393383694650728,Free Bag,1.1885751959584556,0.5507631735066172,HIGH,0
546671,Hotel Night,0.7124464745499619,No Cancel Fee,0.0,0.7124464745499619,HIGH,0
546679,Free Bag,1.1885751959584556,Hotel Meal,0.6948040345101688,0.4937711614482868,HIGH,0
546688,Hotel Night,0.7124464745499619,Hotel Meal,0.2474116903624177,0.4650347841875442,HIGH,0
546702,Hotel Night,0.7124464745499619,Hotel Meal,0.0515384252629049,0.660908049287057,HIGH,0
546728,Hotel Night,0.7124464745499619,No Cancel Fee,0.0,0.7124464745499619,HIGH,0
546740,Free Bag,1.1885751959584556,Hotel Night,0.7124464745499619,0.4761287214084937,HIGH,0
546756,No Cancel Fee,0.0,Free Bag,-0.9849268594068112,0.9849268594068112,MEDIUM,2
546774,Free Bag,1.1885751959584556,Hotel Night,0.7124464745499619,0.4761287214084937,HIGH,0
546842,Exclusive Discount,1.5446281484251794,Hotel Meal,1.4738454297923225,0.0707827186328569,MEDIUM,1
546844,Hotel Meal,1.2067455228384414,Hotel Night,0.7124464745499619,0.4942990482884795,HIGH,0
546847,Free Bag,1.1885751959584556,Hotel Night,0.7124464745499619,0.4761287214084937,HIGH,0
546857,No Cancel Fee,0.0,Exclusive Discount,-0.1247288492224758,0.1247288492224758,MEDIUM,2
546864,Hotel Night,0.7124464745499619,No Cancel Fee,0.0,0.7124464745499619,HIGH,0
546867,Hotel Night,0.7124464745499619,Free Bag,0.1018241682758222,0.6106223062741397,HIGH,0
546881,Hotel Night,0.7124464745499619,Exclusive Discount,0.4530219957659984,0.2594244787839635,HIGH,0
546882,No Cancel Fee,0.0,Free Bag,-0.9849268594068112,0.9849268594068112,MEDIUM,2
546884,Hotel Meal,1.2601655042292177,Exclusive Discount,0.8678099594320214,0.39235554479719625,HIGH,1
546888,No Cancel Fee,0.0,Exclusive Discount,-0.1247288492224758,0.1247288492224758,MEDIUM,2
546900,Hotel Night,0.7124464745499619,Hotel Meal,0.4900274391788602,0.2224190353711017,HIGH,0
546937,No Cancel Fee,0.0,Exclusive Discount,-0.1247288492224758,0.1247288492224758,MEDIUM,2
546964,Hotel Meal,1.404844620495903,Hotel Night,0.7124464745499619,0.6923981459459412,HIGH,0
546972,Hotel Meal,0.4076716345347467,Hotel Night,0.3004480622133511,0.10722357232139562,MEDIUM,0
547006,No Cancel Fee,0.0,Exclusive Discount,-0.1247288492224758,0.1247288492224758,MEDIUM,2
547007,Hotel Meal,1.4404579414230876,Hotel Night,0.7124464745499619,0.7280114668731257,HIGH,0
547037,Hotel Meal,0.6502873833511884,Hotel Night,0.3004480622133511,0.34983932113783733,MEDIUM,0
547070,Hotel Meal,1.939044434403665,Hotel Night,0.4181618943095248,1.5208825400941404,HIGH,0
547100,Free Bag,1.1885751959584556,Hotel Night,0.7124464745499619,0.4761287214084937,HIGH,0
547130,Exclusive Discount,1.627533052873164,Hotel Meal,0.5056082670845028,1.1219247857886612,HIGH,0
547150,Hotel Night,0.7124464745499619,Hotel Meal,0.4610916159255228,0.2513548586244391,HIGH,0
547164,No Cancel Fee,0.0,Exclusive Discount,-0.1247288492224758,0.1247288492224758,MEDIUM,2
547175,Exclusive Discount,1.8626507355987303,Hotel Meal,1.0086464251809797,0.8540043104177506,HIGH,0
547180,Hotel Meal,0.3676066484916642,Hotel Night,0.0257824539889438,0.3418241945027204,MEDIUM,0
547181,Hotel Meal,1.974657755330849,Exclusive Discount,1.2545632102852529,0.7200945450455962,HIGH,1
547201,No Cancel Fee,0.0,Exclusive Discount,-0.1247288492224758,0.1247288492224758,MEDIUM,2
547266,Free Bag,1.1885751959584556,Hotel Meal,0.4076716345347463,0.7809035614237093,HIGH,0
547301,Hotel Meal,1.6541378669861917,Exclusive Discount,0.229667095524187,1.4244707714620046,HIGH,1
547320,Hotel Meal,1.7943653181369796,Exclusive Discount,0.7904593092613764,1.003906008875603,HIGH,1
547325,Free Bag,1.1885751959584556,Hotel Night,0.7124464745499619,0.4761287214084937,HIGH,0
547336,Hotel Night,0.7124464745499619,Exclusive Discount,0.662110009910045,0.05033646463991692,MEDIUM,0
547342,Free Bag,1.1885751959584556,Hotel Night,0.7124464745499619,0.4761287214084937,HIGH,0
547412,Free Bag,1.1885751959584556,Hotel Night,0.7124464745499619,0.4761287214084937,HIGH,0
547453,Hotel Meal,0.6859007042783728,Hotel Night,0.3004480622133511,0.3854526420650217,MEDIUM,0
547458,Hotel Meal,0.7326431879953023,Exclusive Discount,0.3708849876874122,0.3617582003078901,HIGH,0
547459,Hotel Meal,0.6569648810250358,Hotel Night,0.0257824539889438,0.631182427036092,MEDIUM,0
547483,Free Bag,1.1885751959584556,Hotel Night,0.7124464745499619,0.4761287214084937,HIGH,0
547512,Free Bag,1.1885751959584556,Hotel Meal,1.066518071687654,0.12205712427080173,MEDIUM,0
547555,Free Bag,1.1885751959584556,Hotel Night,0.3004480622133511,0.8881271337451045,HIGH,0
547559,Hotel Meal,1.5116845832774557,Hotel Night,0.7124464745499619,0.7992381087274938,HIGH,0
547568,Free Bag,3.3620772513237225,Hotel Night,0.7124464745499619,2.6496307767737606,HIGH,0
547606,Hotel Night,0.7124464745499619,Exclusive Discount,0.3286312167496291,0.3838152578003328,HIGH,0
547613,Hotel Meal,0.7660306763645369,Hotel Night,0.0257824539889438,0.7402482223755931,HIGH,0
547617,Hotel Meal,0.3839294205832902,Exclusive Discount,0.2761953556817079,0.10773406490158233,MEDIUM,0
547663,Hotel Night,0.7124464745499619,No Cancel Fee,0.0,0.7124464745499619,HIGH,0
547664,Exclusive Discount,1.050366511581649,Free Bag,0.4640745108367,0.586292000744949,HIGH,0
547693,No Cancel Fee,0.0,Exclusive Discount,-0.1247288492224758,0.1247288492224758,MEDIUM,2
547761,Hotel Night,0.7124464745499619,Exclusive Discount,0.1180695854662587,0.5943768890837032,HIGH,0
547776,Hotel Night,0.7124464745499619,Free Bag,0.1018241682758222,0.6106223062741397,HIGH,0
547779,Free Bag,1.1885751959584556,Hotel Night,0.7124464745499619,0.4761287214084937,HIGH,0
547792,Hotel Meal,0.8750964717040385,Free Bag,0.1018241682758222,0.7732723034282163,HIGH,0
547817,Hotel Meal,1.7431711693041527,Exclusive Discount,0.096190916251723,1.6469802530524298,HIGH,0
547823,Hotel Meal,1.7403517813974174,Hotel Night,0.4835584676962888,1.2567933137011287,HIGH,0
547825,Free Bag,1.1885751959584556,Hotel Meal,0.7415465182270983,0.44702867773135735,HIGH,0
547834,No Cancel Fee,0.0,Exclusive Discount,-0.1247288492224758,0.1247288492224758,MEDIUM,2
547836,Hotel Meal,0.7459981833429963,No Cancel Fee,0.0,0.7459981833429963,HIGH,0
547857,Free Bag,1.1885751959584556,Hotel Night,0.7124464745499619,0.4761287214084937,HIGH,0
547862,Hotel Meal,1.2801979972507584,Free Bag,1.1885751959584556,0.09162280129230282,MEDIUM,0
547878,Hotel Meal,1.4618259339793978,Exclusive Discount,0.5390696962067734,0.9227562377726244,HIGH,1
547911,Hotel Night,0.7124464745499619,Free Bag,0.1018241682758222,0.6106223062741397,HIGH,0
547938,No Cancel Fee,0.0,Exclusive Discount,-0.1247288492224758,0.1247288492224758,MEDIUM,2
547951,Hotel Night,0.7124464745499619,Free Bag,0.4640745108367,0.24837196371326192,HIGH,0
547966,Hotel Meal,2.081497718112402,Exclusive Discount,1.1191995724866246,0.9622981456257775,HIGH,1
547997,Free Bag,1.1885751959584556,No Cancel Fee,0.0,1.1885751959584556,HIGH,2
548006,Free Bag,2.2753262236410894,Hotel Night,0.7124464745499619,1.5628797490911275,HIGH,0
548022,Free Bag,1.1885751959584556,Hotel Meal,0.745998183342996,0.4425770126154597,HIGH,0
548032,Free Bag,0.1018241682758222,Hotel Night,0.0257824539889438,0.0760417142868784,LOW,0
548037,Free Bag,1.1885751959584556,Hotel Night,0.7124464745499619,0.4761287214084937,HIGH,0
548040,Hotel Night,0.7124464745499619,Free Bag,0.1018241682758222,0.6106223062741397,HIGH,0
548093,No Cancel Fee,0.0,Exclusive Discount,-0.1247288492224758,0.1247288492224758,MEDIUM,2
548109,Free Bag,0.645199682117139,Hotel Meal,0.4788982763891143,0.16630140572802465,MEDIUM,0
548113,Exclusive Discount,0.6340095477508617,Hotel Night,0.4181618943095248,0.21584765344133694,MEDIUM,0
548120,Free Bag,1.1885751959584556,Hotel Night,0.3004480622133511,0.8881271337451045,HIGH,0
548123,No Cancel Fee,0.0,Exclusive Discount,-0.1247288492224758,0.1247288492224758,MEDIUM,2
548185,Hotel Meal,1.901205280918533,Exclusive Discount,1.1868813913859386,0.7143238895325943,HIGH,1
548189,Exclusive Discount,0.5567832560886439,No Cancel Fee,0.0,0.5567832560886439,MEDIUM,2
548190,Hotel Meal,1.2735204995769116,Free Bag,1.1885751959584556,0.08494530361845598,MEDIUM,0
548222,Hotel Meal,1.155551374005614,Hotel Night,0.3004480622133511,0.855103311792263,HIGH,0
548228,Hotel Meal,1.901205280918533,Exclusive Discount,1.1772125601146075,0.7239927208039254,HIGH,1
548230,Exclusive Discount,0.8303354378972588,Hotel Night,0.7124464745499619,0.11788896334729693,MEDIUM,0
548256,Hotel Meal,0.6235773926558004,Exclusive Discount,0.1567997201793335,0.46677767247646684,MEDIUM,0
548258,Hotel Meal,1.447580605608524,Hotel Night,0.7124464745499619,0.7351341310585622,HIGH,0
548272,Free Bag,1.1885751959584556,Hotel Night,0.7124464745499619,0.4761287214084937,HIGH,0
548307,Hotel Night,0.7124464745499619,Exclusive Discount,0.6546783340606064,0.057768140489355524,MEDIUM,0
548310,No Cancel Fee,0.0,Exclusive Discount,-0.1247288492224758,0.1247288492224758,MEDIUM,2
548391,Free Bag,1.1885751959584556,Hotel Night,0.7124464745499619,0.4761287214084937,HIGH,0
548408,Hotel Meal,0.8261281554291608,Hotel Night,0.7124464745499619,0.11368168087919894,MEDIUM,0
548422,Hotel Meal,1.5383945739728435,Free Bag,1.1885751959584556,0.3498193780143879,HIGH,0
548434,Hotel Meal,0.3253158298906332,No Cancel Fee,0.0,0.3253158298906332,MEDIUM,0
548448,Hotel Night,0.7124464745499619,No Cancel Fee,0.0,0.7124464745499619,HIGH,0
548474,Hotel Meal,1.4716195972343735,No Cancel Fee,0.0,1.4716195972343735,HIGH,0
548488,Hotel Night,0.7124464745499619,Exclusive Discount,0.0778876428479639,0.634558831701998,HIGH,0
548490,Exclusive Discount,1.1859104303960142,Hotel Night,0.7124464745499619,0.4734639558460523,HIGH,0
548504,Hotel Meal,1.11993805307843,Hotel Night,0.3004480622133511,0.8194899908650789,HIGH,0
548560,Hotel Night,0.7124464745499619,No Cancel Fee,0.0,0.7124464745499619,HIGH,0
548568,Free Bag,1.1885751959584556,Hotel Night,0.7124464745499619,0.4761287214084937,HIGH,0
548587,Hotel Night,0.7124464745499619,Free Bag,0.1018241682758222,0.6106223062741397,HIGH,0
548635,Hotel Night,0.7124464745499619,Exclusive Discount,0.677961947073627,0.0344845274763349,MEDIUM,0
548651,Exclusive Discount,0.5313170044498223,Hotel Night,0.4181618943095248,0.11315511014029755,MEDIUM,0
548653,Hotel Meal,1.0843247321512457,Hotel Night,0.7124464745499619,0.3718782576012838,HIGH,0
548672,Hotel Night,0.7124464745499619,Hotel Meal,0.3186383322167858,0.3938081423331761,HIGH,0
548708,Hotel Night,0.7124464745499619,No Cancel Fee,0.0,0.7124464745499619,HIGH,0
548743,Free Bag,1.1885751959584556,Exclusive Discount,0.2090520002446166,0.9795231957138391,HIGH,0
548853,Free Bag,1.1885751959584556,Hotel Meal,0.5679315787070753,0.6206436172513803,HIGH,0
548859,Hotel Night,0.7124464745499619,Free Bag,0.1018241682758222,0.6106223062741397,HIGH,0
548872,Hotel Meal,1.2601655042292177,Exclusive Discount,0.6260891776487493,0.6340763265804684,HIGH,1
548961,Hotel Meal,0.8750964717040385,Free Bag,0.1018241682758222,0.7732723034282163,HIGH,0
548967,Hotel Meal,1.4257674465406238,Exclusive Discount,0.7468007392327712,0.6789667073078526,HIGH,0
548978,Free Bag,1.1885751959584556,Hotel Meal,1.0843247321512457,0.10425046380720993,MEDIUM,0
548988,Free Bag,1.1885751959584556,Hotel Night,0.7124464745499619,0.4761287214084937,HIGH,0
548990,Free Bag,1.1885751959584556,Hotel Meal,0.5278665926639933,0.6607086032944623,HIGH,0
549058,No Cancel Fee,0.0,Exclusive Discount,-0.1247288492224758,0.1247288492224758,MEDIUM,2
549115,Hotel Night,0.7124464745499619,Hotel Meal,0.2451858578044689,0.467260616745493,HIGH,0
549116,Exclusive Discount,1.2520343021848663,Hotel Night,0.7124464745499619,0.5395878276349044,HIGH,0
549121,Free Bag,1.1885751959584556,Exclusive Discount,0.7804119211475048,0.4081632748109508,HIGH,0
549141,Exclusive Discount,1.148206066300615,Hotel Meal,1.013098090296877,0.13510797600373814,MEDIUM,1
549152,Hotel Night,0.7124464745499619,Exclusive Discount,0.526695825851184,0.1857506486987779,MEDIUM,0
549154,Hotel Meal,1.413747950727699,Hotel Night,0.4181618943095248,0.9955860564181743,HIGH,0
549202,Hotel Meal,1.9786642539351584,Hotel Night,0.1974484591291983,1.7812157948059602,HIGH,0
549235,Hotel Meal,1.901205280918533,No Cancel Fee,0.0,1.901205280918533,HIGH,1
549251,Hotel Night,0.0257824539889438,No Cancel Fee,0.0,0.0257824539889438,LOW,0
549274,Exclusive Discount,1.9965332883754483,Free Bag,1.1885751959584556,0.8079580924169927,HIGH,0
549281,Hotel Meal,1.874495290223144,Hotel Night,0.7124464745499619,1.162048815673182,HIGH,0
549290,Hotel Meal,2.008045243700085,Exclusive Discount,0.664764502734077,1.3432807409660081,HIGH,1
549292,Free Bag,1.1885751959584556,Hotel Night,0.7124464745499619,0.4761287214084937,HIGH,0
549293,No Cancel Fee,0.0,Exclusive Discount,-0.1247288492224758,0.1247288492224758,MEDIUM,2
549303,Hotel Night,0.7124464745499619,Exclusive Discount,0.4783216059892905,0.23412486856067138,HIGH,0
549313,Exclusive Discount,0.9881070977875112,Hotel Night,0.7124464745499619,0.27566062323754925,HIGH,0
549357,Free Bag,1.1885751959584556,Exclusive Discount,0.3290659404636639,0.8595092554947917,HIGH,0
549359,Hotel Night,0.7124464745499619,Hotel Meal,0.2407341926885707,0.47171228186139125,HIGH,0
549361,Free Bag,1.1885751959584556,Hotel Meal,0.9685814391378974,0.21999375682055822,HIGH,0
549366,No Cancel Fee,0.0,Exclusive Discount,-0.1247288492224758,0.1247288492224758,MEDIUM,2
549367,Hotel Meal,0.9774847693696934,Hotel Night,0.0257824539889438,0.9517023153807496,HIGH,0
549377,Free Bag,2.2753262236410894,Exclusive Discount,1.6522913815397258,0.6230348421013636,HIGH,0
549389,Hotel Meal,2.04143273206932,No Cancel Fee,0.0,2.04143273206932,HIGH,1
549390,Hotel Meal,1.858914462317501,Exclusive Discount,1.834693086565106,0.024221375752394803,MEDIUM,1
549450,No Cancel Fee,0.0,Exclusive Discount,-0.1247288492224758,0.1247288492224758,MEDIUM,2
549466,Hotel Night,0.7124464745499619,Exclusive Discount,0.2614122742184627,0.4510342003314992,HIGH,0
549472,Exclusive Discount,1.311257053362287,Hotel Night,0.7124464745499619,0.598810578812325,HIGH,0
549482,Hotel Meal,1.3616634688716924,Free Bag,1.1885751959584556,0.1730882729132368,MEDIUM,0
549515,Exclusive Discount,1.0827876970237542,Hotel Meal,0.843934815892752,0.23885288113100223,HIGH,0
549569,Hotel Night,0.7124464745499619,Exclusive Discount,0.2337007647512047,0.4787457097987572,HIGH,0
549572,Exclusive Discount,0.90012422867967,Hotel Night,0.7124464745499619,0.1876777541297081,MEDIUM,0
549579,Exclusive Discount,1.2500810025751734,Hotel Night,0.7124464745499619,0.5376345280252115,HIGH,0
549580,Hotel Meal,1.6648218632643474,Hotel Night,0.7124464745499619,0.9523753887143855,HIGH,0
549584,Free Bag,1.1885751959584556,Hotel Night,0.7124464745499619,0.4761287214084937,HIGH,0
549608,No Cancel Fee,0.0,Exclusive Discount,-0.1247288492224758,0.1247288492224758,MEDIUM,2
549611,Hotel Meal,1.0843247321512457,Hotel Night,0.7124464745499619,0.3718782576012838,HIGH,0
549623,Hotel Night,0.7124464745499619,Exclusive Discount,0.6086029550034681,0.10384351954649385,MEDIUM,0
549631,Hotel Meal,0.7311592996233359,Hotel Night,0.7124464745499619,0.018712825073374018,MEDIUM,0
549710,Hotel Meal,1.718983788841107,Hotel Night,0.4835584676962888,1.2354253211448183,HIGH,0
549714,Free Bag,1.1885751959584556,Hotel Night,0.7124464745499619,0.4761287214084937,HIGH,0
549733,Free Bag,1.1885751959584556,Hotel Night,0.7124464745499619,0.4761287214084937,HIGH,0
549746,Hotel Meal,2.102272155319926,Free Bag,1.1885751959584556,0.9136969593614703,HIGH,0
549759,No Cancel Fee,0.0,Exclusive Discount,-0.1247288492224758,0.1247288492224758,MEDIUM,2
549764,Exclusive Discount,0.7659640000315697,Hotel Meal,0.4254782949983387,0.340485705033231,HIGH,0
549777,Hotel Night,0.7124464745499619,Exclusive Discount,0.1202543931919231,0.5921920813580388,HIGH,0
549797,Exclusive Discount,1.234793398448188,Hotel Meal,0.5323182577798908,0.7024751406682972,HIGH,0
549800,Exclusive Discount,2.019575633579768,Free Bag,1.1885751959584556,0.8310004376213123,HIGH,0
549850,Hotel Meal,1.093228062383042,Exclusive Discount,0.7325067084292473,0.3607213539537947,HIGH,0
549894,Exclusive Discount,0.5190008957814669,No Cancel Fee,0.0,0.5190008957814669,MEDIUM,2
549938,Hotel Meal,1.1911646949327983,Free Bag,1.1885751959584556,0.0025894989743426855,MEDIUM,0
549988,Free Bag,1.1885751959584556,No Cancel Fee,0.0,1.1885751959584556,HIGH,2
549992,Free Bag,0.1018241682758222,Hotel Night,0.0257824539889438,0.0760417142868784,LOW,0
550017,Hotel Meal,2.241757662284731,Free Bag,1.1885751959584556,1.0531824663262752,HIGH,0
550019,Hotel Night,0.7124464745499619,Hotel Meal,0.4254782949983383,0.2869681795516236,HIGH,0
550022,No Cancel Fee,0.0,Exclusive Discount,-0.1247288492224758,0.1247288492224758,MEDIUM,2
550028,Free Bag,1.1885751959584556,No Cancel Fee,0.0,1.1885751959584556,HIGH,2
550068,Hotel Meal,1.155551374005614,Exclusive Discount,0.7701320530548976,0.3854193209507164,HIGH,0
550071,Hotel Meal,1.2334555135338294,Hotel Night,0.7124464745499619,0.5210090389838675,HIGH,0
550077,Hotel Night,0.7124464745499619,Exclusive Discount,0.5507053997575666,0.1617410747923953,MEDIUM,0
550105,Exclusive Discount,0.594960713269745,Hotel Meal,0.5812865740547694,0.013674139214975622,MEDIUM,0
550110,Hotel Night,0.7124464745499619,Hotel Meal,0.3186383322167862,0.3938081423331757,HIGH,0
550134,Hotel Night,0.7124464745499619,No Cancel Fee,0.0,0.7124464745499619,HIGH,0
550193,Exclusive Discount,1.6123099673244956,Hotel Meal,1.217874685628186,0.3944352816963097,HIGH,1
550200,No Cancel Fee,0.0,Exclusive Discount,-0.1247288492224758,0.1247288492224758,MEDIUM,2
550202,Hotel Meal,1.146648043773818,Hotel Night,0.7124464745499619,0.4342015692238561,HIGH,0
550221,Free Bag,1.1885751959584556,Hotel Night,0.7124464745499619,0.4761287214084937,HIGH,0
550222,Free Bag,1.1885751959584556,Hotel Night,0.7124464745499619,0.4761287214084937,HIGH,0
550229,Hotel Night,0.7124464745499619,Hotel Meal,0.1583783880444576,0.5540680865055043,HIGH,0
550233,Exclusive Discount,1.309874415631749,Hotel Night,0.7124464745499619,0.5974279410817871,HIGH,0
550298,Hotel Meal,1.6875253553554272,Exclusive Discount,1.5929723047818338,0.09455305057359342,MEDIUM,1
550300,Exclusive Discount,1.2268560583731278,Hotel Night,0.7124464745499619,0.5144095838231659,HIGH,0
550317,Free Bag,1.1885751959584556,Exclusive Discount,1.0460111182028722,0.14256407775558344,MEDIUM,0
550400,Hotel Night,0.7124464745499619,No Cancel Fee,0.0,0.7124464745499619,HIGH,0
550421,Exclusive Discount,0.7597747317410923,Hotel Night,0.7124464745499619,0.04732825719113043,MEDIUM,0
550426,Hotel Night,0.7124464745499619,Exclusive Discount,0.6297163202590533,0.08273015429090858,MEDIUM,0
550442,Hotel Meal,0.6881265368363219,Hotel Night,0.0257824539889438,0.6623440828473781,MEDIUM,0
550455,Hotel Night,0.7124464745499619,No Cancel Fee,0.0,0.7124464745499619,HIGH,0
550459,Exclusive Discount,1.1213315990716817,Hotel Night,0.4181618943095248,0.7031697047621569,HIGH,0
550460,Hotel Meal,1.378134629800515,Hotel Night,0.4181618943095248,0.9599727354909903,HIGH,0
550482,No Cancel Fee,0.0,Exclusive Discount,-0.1247288492224758,0.1247288492224758,MEDIUM,2
550506,No Cancel Fee,0.0,Exclusive Discount,-0.1247288492224758,0.1247288492224758,MEDIUM,2
550514,Hotel Meal,1.4315546111912911,No Cancel Fee,0.0,1.4315546111912911,HIGH,1
550572,Free Bag,3.3620772513237225,Exclusive Discount,1.6568363493476526,1.70524090197607,HIGH,0
550579,Free Bag,1.9130758810802115,Hotel Meal,1.0398080809922658,0.8732678000879457,HIGH,0
550599,Exclusive Discount,0.6836555399217016,Free Bag,0.1018241682758222,0.5818313716458794,MEDIUM,2
550627,No Cancel Fee,0.0,Exclusive Discount,-0.1247288492224758,0.1247288492224758,MEDIUM,2
550703,Hotel Meal,1.3336179786415343,Exclusive Discount,0.9741671034166612,0.35945087522487307,HIGH,1
550752,Hotel Night,0.7124464745499619,Exclusive Discount,0.2083772862627751,0.5040691882871868,HIGH,0
550754,Hotel Night,0.7124464745499619,Exclusive Discount,0.2978708783497159,0.41457559620024603,HIGH,0
550796,Hotel Meal,2.1705310204303623,Exclusive Discount,0.8339690499823654,1.3365619704479967,HIGH,1
550804,Hotel Night,0.7124464745499619,No Cancel Fee,0.0,0.7124464745499619,HIGH,0
550805,Free Bag,0.7538747848854024,Exclusive Discount,0.7190777364980826,0.034797048387319784,MEDIUM,0
550830,No Cancel Fee,0.0,Exclusive Discount,-0.1247288492224758,0.1247288492224758,MEDIUM,2
550868,Hotel Night,0.7124464745499619,Exclusive Discount,0.069194440252867,0.6432520342970949,HIGH,0
550871,Hotel Night,0.7124464745499619,Hotel Meal,0.2585408531521629,0.453905621397799,HIGH,0
550904,Hotel Meal,0.7727081740383843,Hotel Night,0.7124464745499619,0.060261699488422416,MEDIUM,0
550973,Exclusive Discount,1.3601619885072225,Hotel Night,0.7124464745499619,0.6477155139572606,HIGH,0
550985,Hotel Night,0.7124464745499619,No Cancel Fee,0.0,0.7124464745499619,HIGH,0
551023,Free Bag,0.1018241682758222,Hotel Night,0.0257824539889438,0.0760417142868784,LOW,0
551032,Hotel Night,0.7124464745499619,Hotel Meal,0.5968674019604123,0.11557907258954958,MEDIUM,0
551042,Hotel Meal,1.764984328372053,Hotel Night,0.1974484591291983,1.5675358692428547,HIGH,0
551051,Hotel Meal,1.7943653181369796,Exclusive Discount,1.5542969796965105,0.24006833844046915,HIGH,1
551088,Hotel Meal,0.9418714484425088,Hotel Night,0.3004480622133511,0.6414233862291577,HIGH,0
551116,Free Bag,1.1885751959584556,Hotel Night,0.7124464745499619,0.4761287214084937,HIGH,0
551166,Free Bag,1.1885751959584556,Hotel Night,0.7124464745499619,0.4761287214084937,HIGH,0
551211,No Cancel Fee,0.0,Exclusive Discount,-0.1247288492224758,0.1247288492224758,MEDIUM,2
551217,Hotel Meal,1.387037960032311,Hotel Night,0.7124464745499619,0.6745914854823492,HIGH,0
551237,Exclusive Discount,0.521532847199627,Free Bag,0.1018241682758222,0.4197086789238048,MEDIUM,0
551241,Hotel Meal,0.3720583136075627,Free Bag,0.1018241682758222,0.2702341453317405,MEDIUM,0
551245,No Cancel Fee,0.0,Exclusive Discount,-0.1247288492224758,0.1247288492224758,MEDIUM,2
551278,Hotel Night,0.0257824539889438,No Cancel Fee,0.0,0.0257824539889438,LOW,0
551282,Exclusive Discount,1.071354023883365,Hotel Meal,0.7549015135747923,0.3164525103085727,HIGH,0
551331,Free Bag,1.1885751959584556,Hotel Night,0.7124464745499619,0.4761287214084937,HIGH,0
551340,No Cancel Fee,0.0,Exclusive Discount,-0.1247288492224758,0.1247288492224758,MEDIUM,2
551359,Hotel Meal,1.5294912437410475,Free Bag,1.1885751959584556,0.3409160477825919,HIGH,0
551430,Free Bag,1.1885751959584556,Hotel Night,0.7124464745499619,0.4761287214084937,HIGH,0
551431,No Cancel Fee,0.0,Exclusive Discount,-0.1247288492224758,0.1247288492224758,MEDIUM,2
551448,Hotel Night,0.7124464745499619,Exclusive Discount,0.4016960388099239,0.310750435740038,HIGH,0
551468,Hotel Meal,0.9863880996014894,Hotel Night,0.7124464745499619,0.2739416250515275,HIGH,0
551473,Hotel Meal,1.0464855786661125,Exclusive Discount,0.8388034656180288,0.2076821130480837,HIGH,1
551488,No Cancel Fee,0.0,Exclusive Discount,-0.1247288492224758,0.1247288492224758,MEDIUM,2
551501,No Cancel Fee,0.0,Exclusive Discount,-0.1247288492224758,0.1247288492224758,MEDIUM,2
551549,Exclusive Discount,0.9216682521280398,Hotel Night,0.3004480622133511,0.6212201899146887,HIGH,0
551560,Hotel Night,0.7124464745499619,No Cancel Fee,0.0,0.7124464745499619,HIGH,0
551567,Hotel Meal,1.8678177925492967,Free Bag,0.7538747848854024,1.1139430076638943,HIGH,0
551615,Exclusive Discount,1.0082153324063003,Hotel Meal,0.3987683043029503,0.60944702810335,HIGH,0
551620,Exclusive Discount,0.3346427490678044,Hotel Night,0.0257824539889438,0.3088602950788606,MEDIUM,0
551622,Hotel Night,0.7124464745499619,Hotel Meal,0.2117983694352334,0.5006481051147285,HIGH,0
551627,Free Bag,2.2753262236410894,Exclusive Discount,0.9799367453912554,1.295389478249834,HIGH,0
551662,Hotel Night,0.7124464745499619,No Cancel Fee,0.0,0.7124464745499619,HIGH,0
551665,Hotel Meal,1.2000680251645943,Hotel Night,0.4181618943095248,0.7819061308550695,HIGH,0
551671,No Cancel Fee,0.0,Exclusive Discount,-0.1247288492224758,0.1247288492224758,MEDIUM,2
551681,Free Bag,1.1885751959584556,Hotel Night,0.7124464745499619,0.4761287214084937,HIGH,0
551685,Hotel Night,0.7124464745499619,No Cancel Fee,0.0,0.7124464745499619,HIGH,0
551718,Free Bag,1.1885751959584556,Hotel Meal,0.8884514670517325,0.3001237289067231,HIGH,0
551804,Hotel Meal,0.7549015135747923,Hotel Night,0.7124464745499619,0.04245503902483039,MEDIUM,0
551834,Hotel Meal,0.6925782019522203,No Cancel Fee,0.0,0.6925782019522203,MEDIUM,0
551847,Hotel Night,0.7124464745499619,Exclusive Discount,0.405567151139793,0.3068793234101689,HIGH,0
551890,Free Bag,1.1885751959584556,Hotel Meal,0.7638048438065883,0.4247703521518673,HIGH,0
551908,No Cancel Fee,0.0,Exclusive Discount,-0.1247288492224758,0.1247288492224758,MEDIUM,2
551914,Free Bag,1.1885751959584556,Hotel Night,0.7124464745499619,0.4761287214084937,HIGH,0
551935,Hotel Meal,1.6875253553554272,No Cancel Fee,0.0,1.6875253553554272,HIGH,1
551963,Free Bag,1.1885751959584556,Exclusive Discount,0.6504771644947182,0.5380980314637375,HIGH,0
551967,Free Bag,1.1885751959584556,Exclusive Discount,0.927926218920727,0.2606489770377286,HIGH,0
552036,No Cancel Fee,0.0,Exclusive Discount,-0.1247288492224758,0.1247288492224758,MEDIUM,2
552088,Exclusive Discount,1.0223523358347062,Hotel Meal,0.8461606484507014,0.1761916873840048,MEDIUM,0
552165,No Cancel Fee,0.0,Exclusive Discount,-0.1247288492224758,0.1247288492224758,MEDIUM,2
552172,Hotel Meal,1.7342678390723565,Hotel Night,0.3004480622133511,1.4338197768590053,HIGH,0
552192,Hotel Meal,1.2801979972507584,Exclusive Discount,0.6675103568755254,0.612687640375233,HIGH,0
552209,No Cancel Fee,0.0,Exclusive Discount,-0.1247288492224758,0.1247288492224758,MEDIUM,2
552302,No Cancel Fee,0.0,Exclusive Discount,-0.1247288492224758,0.1247288492224758,MEDIUM,2
552303,Hotel Meal,1.4137479507276995,Exclusive Discount,0.94441377208406,0.4693341786436396,HIGH,0
552313,Exclusive Discount,0.8575358580085325,Hotel Meal,0.6284742242832884,0.22906163372524413,HIGH,0
552314,Hotel Meal,0.1717333833921516,No Cancel Fee,0.0,0.1717333833921516,MEDIUM,0
552345,Hotel Night,0.7124464745499619,Free Bag,0.1018241682758222,0.6106223062741397,HIGH,0
552348,Hotel Meal,0.7192881926476082,Hotel Night,0.7124464745499619,0.006841718097646332,MEDIUM,0
552363,Free Bag,1.1885751959584556,Hotel Night,0.7124464745499619,0.4761287214084937,HIGH,0
552364,Hotel Meal,1.2601655042292177,No Cancel Fee,0.0,1.2601655042292177,HIGH,1
552366,Free Bag,1.1885751959584556,Hotel Meal,0.7638048438065883,0.4247703521518673,HIGH,0
552372,Exclusive Discount,0.9717925352546402,Hotel Night,0.7124464745499619,0.25934606070467825,HIGH,0
552384,Hotel Night,0.7124464745499619,Hotel Meal,0.1583783880444576,0.5540680865055043,HIGH,0
552414,Hotel Meal,0.8528381461245489,Hotel Night,0.7124464745499619,0.14039167157458698,MEDIUM,0
552432,Hotel Night,0.7124464745499619,Exclusive Discount,0.2426808941543771,0.4697655803955848,HIGH,0
552440,Exclusive Discount,0.8611139998770447,Hotel Night,0.7124464745499619,0.14866752532708283,MEDIUM,0
552473,No Cancel Fee,0.0,Free Bag,-0.2604261742850556,0.2604261742850556,MEDIUM,0
552487,Hotel Meal,0.3141866671008882,Hotel Night,0.0257824539889438,0.2884042131119444,MEDIUM,0
552506,No Cancel Fee,0.0,Exclusive Discount,-0.7736850737945087,0.7736850737945087,MEDIUM,2
552532,No Cancel Fee,0.0,Exclusive Discount,-0.1247288492224758,0.1247288492224758,MEDIUM,2
552535,Exclusive Discount,2.165980595047823,Hotel Night,0.7124464745499619,1.453534120497861,HIGH,0
552558,Hotel Meal,1.876721122781093,Free Bag,1.1885751959584556,0.6881459268226373,HIGH,0
552573,Free Bag,1.1885751959584556,Hotel Night,0.7124464745499619,0.4761287214084937,HIGH,0
552597,Exclusive Discount,0.3446686879866694,Free Bag,0.1018241682758222,0.2428445197108472,MEDIUM,0
552598,Hotel Night,0.7124464745499619,Free Bag,0.1018241682758222,0.6106223062741397,HIGH,0
552613,Hotel Meal,0.9863880996014894,Hotel Night,0.7124464745499619,0.2739416250515275,HIGH,0
552642,Hotel Night,0.7124464745499619,Free Bag,0.1018241682758222,0.6106223062741397,HIGH,0
552643,Hotel Night,0.7124464745499619,Hotel Meal,0.2051208717613866,0.5073256027885753,HIGH,0
552649,Hotel Night,0.7124464745499619,No Cancel Fee,0.0,0.7124464745499619,HIGH,0
552653,Exclusive Discount,1.6241422847482776,Hotel Night,0.7124464745499619,0.9116958101983157,HIGH,0
552661,Exclusive Discount,1.2400982468528765,Hotel Night,0.7124464745499619,0.5276517723029146,HIGH,0
552726,No Cancel Fee,0.0,Exclusive Discount,-0.1247288492224758,0.1247288492224758,MEDIUM,2
552732,Free Bag,1.1885751959584556,Exclusive Discount,0.8214234014624311,0.36715179449602453,HIGH,0
552734,Free Bag,1.1885751959584556,Exclusive Discount,0.5846859579017706,0.603889238056685,HIGH,0
552760,Free Bag,0.4640745108367,No Cancel Fee,0.0,0.4640745108367,MEDIUM,0
552763,Free Bag,1.1885751959584556,Exclusive Discount,0.7653126405117315,0.4232625554467241,HIGH,0
552775,Free Bag,1.1885751959584556,Hotel Night,0.7124464745499619,0.4761287214084937,HIGH,0
552809,Hotel Meal,0.7304173554373529,Free Bag,0.4640745108367,0.2663428446006529,HIGH,0
552861,No Cancel Fee,0.0,Exclusive Discount,-0.1247288492224758,0.1247288492224758,MEDIUM,2
552904,Hotel Night,0.7124464745499619,Hotel Meal,0.6925782019522194,0.019868272597742487,MEDIUM,0
552929,Free Bag,1.1885751959584556,Exclusive Discount,1.0972076995304911,0.09136749642796449,MEDIUM,0
552944,Free Bag,1.1885751959584556,Hotel Night,0.7124464745499619,0.4761287214084937,HIGH,0
552945,Exclusive Discount,1.5261499264142695,Hotel Meal,0.4967049368527064,1.0294449895615632,HIGH,0
553017,Hotel Meal,0.8261281554291608,Hotel Night,0.7124464745499619,0.11368168087919894,MEDIUM,0
553054,Hotel Night,0.7124464745499619,No Cancel Fee,0.0,0.7124464745499619,HIGH,0
553139,Free Bag,2.2753262236410894,Hotel Night,0.7124464745499619,1.5628797490911275,HIGH,0
553151,Free Bag,1.1885751959584556,Exclusive Discount,0.5982219124888234,0.5903532834696322,HIGH,0
553208,Hotel Meal,1.7943653181369796,Exclusive Discount,1.66065412368115,0.13371119445582957,MEDIUM,1
553219,Hotel Meal,0.9596781089061014,Hotel Night,0.7124464745499619,0.24723163435613948,HIGH,0
553220,Exclusive Discount,1.1075205859606725,Hotel Night,0.7124464745499619,0.3950741114107106,HIGH,0
553231,Exclusive Discount,1.8209960151633664,Hotel Night,0.7124464745499619,1.1085495406134045,HIGH,0
553245,Exclusive Discount,1.2039195767661366,Hotel Night,0.7124464745499619,0.4914731022161747,HIGH,0
553339,Free Bag,1.1885751959584556,Hotel Night,0.3004480622133511,0.8881271337451045,HIGH,0
553361,Free Bag,1.1885751959584556,Exclusive Discount,0.9931761758650745,0.19539902009338117,MEDIUM,0
553456,Exclusive Discount,1.9939830785127048,Free Bag,1.1885751959584556,0.8054078825542492,HIGH,2
553533,Exclusive Discount,1.566500273113349,Free Bag,1.1885751959584556,0.37792507715489343,HIGH,0
553559,Free Bag,1.1885751959584556,Hotel Meal,0.6347065554455458,0.5538686405129098,HIGH,0
553568,Hotel Meal,0.8528381461245489,Hotel Night,0.7124464745499619,0.14039167157458698,MEDIUM,0
553607,Hotel Night,0.7124464745499619,Exclusive Discount,0.2989755733487758,0.4134709012011861,HIGH,0
553631,No Cancel Fee,0.0,Exclusive Discount,-0.1247288492224758,0.1247288492224758,MEDIUM,2
553633,No Cancel Fee,0.0,Exclusive Discount,-0.1247288492224758,0.1247288492224758,MEDIUM,2
553645,Free Bag,1.1885751959584556,Exclusive Discount,0.7401634709260607,0.4484117250323949,HIGH,0
553664,Hotel Night,0.7124464745499619,Free Bag,0.1018241682758222,0.6106223062741397,HIGH,0
553690,No Cancel Fee,0.0,Exclusive Discount,-0.1247288492224758,0.1247288492224758,MEDIUM,2
553704,Hotel Meal,1.7609778297677443,Exclusive Discount,0.819465803075367,0.9415120266923773,HIGH,1
553751,Exclusive Discount,0.9985051558415866,Hotel Night,0.7124464745499619,0.2860586812916247,HIGH,0
553754,Exclusive Discount,0.96502298082826,Hotel Night,0.7124464745499619,0.2525765062782981,HIGH,0
553773,Hotel Meal,0.7816115042701803,Hotel Night,0.7124464745499619,0.06916502972021843,MEDIUM,0
553783,Hotel Night,0.7124464745499619,Exclusive Discount,0.3283215759368436,0.3841248986131183,HIGH,0
553791,Free Bag,1.1885751959584556,Hotel Night,0.7124464745499619,0.4761287214084937,HIGH,0
553805,Exclusive Discount,0.8805012811621716,Hotel Night,0.7124464745499619,0.16805480661220973,MEDIUM,0
553876,Free Bag,0.1018241682758222,Hotel Night,0.0257824539889438,0.0760417142868784,LOW,0
553901,Free Bag,1.1885751959584556,Hotel Night,0.7124464745499619,0.4761287214084937,HIGH,0
553904,No Cancel Fee,0.0,Exclusive Discount,-0.1247288492224758,0.1247288492224758,MEDIUM,2
553938,Free Bag,1.1885751959584556,Hotel Night,0.7124464745499619,0.4761287214084937,HIGH,0
553943,Exclusive Discount,0.8106706016887222,Hotel Night,0.7124464745499619,0.09822412713876028,MEDIUM,0
553955,Hotel Meal,1.72625484186374,Exclusive Discount,0.8471015539525022,0.8791532879112378,HIGH,0
553967,Hotel Night,0.0257824539889438,No Cancel Fee,0.0,0.0257824539889438,LOW,0
553984,Free Bag,1.1885751959584556,Hotel Night,0.7124464745499619,0.4761287214084937,HIGH,0
553985,Hotel Night,0.7124464745499619,Exclusive Discount,0.527842911230863,0.18460356331909888,MEDIUM,0
554026,Hotel Night,0.7124464745499619,Hotel Meal,0.4610916159255223,0.2513548586244396,HIGH,0
554079,Hotel Meal,1.994690248352391,Free Bag,0.4640745108367,1.530615737515691,HIGH,0
554141,Hotel Night,0.7124464745499619,Free Bag,0.1018241682758222,0.6106223062741397,HIGH,0
554155,Free Bag,1.1885751959584556,Exclusive Discount,0.8685349958178656,0.32004020014059,HIGH,0
554163,Hotel Meal,1.383031461428003,Hotel Night,0.5251744689424108,0.8578569924855922,HIGH,0
554175,Free Bag,1.1885751959584556,Hotel Night,0.7124464745499619,0.4761287214084937,HIGH,0
554213,Free Bag,0.4640745108367,Exclusive Discount,0.4288866033152775,0.03518790752142248,LOW,0
554217,No Cancel Fee,0.0,Free Bag,-0.9849268594068112,0.9849268594068112,MEDIUM,2
554269,Hotel Night,0.7124464745499619,Free Bag,0.4640745108367,0.24837196371326192,HIGH,0
554284,Free Bag,1.1885751959584556,Hotel Night,0.7124464745499619,0.4761287214084937,HIGH,0
554289,Hotel Meal,1.7943653181369796,Exclusive Discount,0.8388034656180288,0.9555618525189509,HIGH,1
554299,No Cancel Fee,0.0,Exclusive Discount,-0.1247288492224758,0.1247288492224758,MEDIUM,2
554357,No Cancel Fee,0.0,Exclusive Discount,-0.1247288492224758,0.1247288492224758,MEDIUM,2
554413,Free Bag,0.645199682117139,Hotel Meal,0.5612540810332283,0.08394560108391069,MEDIUM,0
554444,Free Bag,1.1885751959584556,Hotel Night,0.7124464745499619,0.4761287214084937,HIGH,0
554450,No Cancel Fee,0.0,Exclusive Discount,-0.1247288492224758,0.1247288492224758,MEDIUM,2
554507,Hotel Meal,1.2468105088815236,Exclusive Discount,0.832248973288041,0.4145615355934825,HIGH,0
554532,Hotel Night,0.7124464745499619,Hotel Meal,0.4722207787152678,0.2402256958346941,HIGH,0
554560,Hotel Night,0.7124464745499619,No Cancel Fee,0.0,0.7124464745499619,HIGH,0
554609,Hotel Night,0.7124464745499619,No Cancel Fee,0.0,0.7124464745499619,HIGH,0
554670,Free Bag,0.1018241682758222,Hotel Night,0.0257824539889438,0.0760417142868784,LOW,0
554681,No Cancel Fee,0.0,Exclusive Discount,-0.1247288492224758,0.1247288492224758,MEDIUM,2
554724,Hotel Meal,1.36700546701077,Exclusive Discount,0.1233099515395514,1.2436955154712186,HIGH,1
554753,Exclusive Discount,0.8236451334283647,Hotel Night,0.7124464745499619,0.11119865887840275,MEDIUM,0
554801,Hotel Night,0.7124464745499619,Exclusive Discount,0.0470199573364518,0.6654265172135101,HIGH,0
554853,Exclusive Discount,1.741098507104528,Hotel Night,0.7124464745499619,1.028652032554566,HIGH,0
554866,No Cancel Fee,0.0,Exclusive Discount,-0.1247288492224758,0.1247288492224758,MEDIUM,2
554885,Hotel Meal,1.4471354390969344,Free Bag,1.1885751959584556,0.2585602431384788,HIGH,0
554922,Exclusive Discount,0.9170830122003908,Hotel Night,0.7124464745499619,0.20463653765042888,HIGH,0
554939,No Cancel Fee,0.0,Exclusive Discount,-0.1247288492224758,0.1247288492224758,MEDIUM,2
554949,No Cancel Fee,0.0,Exclusive Discount,-0.1247288492224758,0.1247288492224758,MEDIUM,2
554956,Free Bag,3.3620772513237225,Exclusive Discount,0.6116745760066912,2.7504026753170314,HIGH,0
554961,Hotel Meal,0.8929031321676308,Exclusive Discount,0.6512471607589589,0.2416559714086719,HIGH,0
555030,No Cancel Fee,0.0,Free Bag,-0.9849268594068112,0.9849268594068112,MEDIUM,0
555083,Free Bag,1.1885751959584556,Hotel Night,0.7124464745499619,0.4761287214084937,HIGH,0
555108,Exclusive Discount,0.589358422803327,Free Bag,0.4640745108367,0.12528391196662697,MEDIUM,0
555135,Hotel Meal,2.369965617622594,Exclusive Discount,0.5933828426274412,1.7765827749951528,HIGH,0
555151,Hotel Meal,0.9952914298332854,Free Bag,0.4640745108367,0.5312169189965854,HIGH,0
555180,Hotel Night,0.7124464745499619,Exclusive Discount,0.1849225944401786,0.5275238801097832,HIGH,0
555186,Hotel Night,0.7124464745499619,Hotel Meal,0.6925782019522203,0.0198682725977416,MEDIUM,0
555187,No Cancel Fee,0.0,Exclusive Discount,-0.1247288492224758,0.1247288492224758,MEDIUM,2
555191,Exclusive Discount,1.2734719441999216,Free Bag,1.1885751959584556,0.08489674824146598,MEDIUM,0
555193,Hotel Night,0.7124464745499619,Exclusive Discount,0.4778693866020633,0.2345770879478986,HIGH,0
555203,Hotel Meal,1.153325541447665,Exclusive Discount,0.6937709965480654,0.4595545448995997,HIGH,1
555206,Hotel Meal,2.2056991748459573,Free Bag,0.1018241682758222,2.103875006570135,HIGH,0
555250,Hotel Night,0.7124464745499619,No Cancel Fee,0.0,0.7124464745499619,HIGH,0
555257,Hotel Meal,1.2534880065553704,Hotel Night,0.7124464745499619,0.5410415320054085,HIGH,0
555275,Hotel Night,0.7124464745499619,Exclusive Discount,0.5287465282256519,0.18369994632430997,MEDIUM,0
555277,Free Bag,1.1885751959584556,Hotel Night,0.7124464745499619,0.4761287214084937,HIGH,0
555299,Exclusive Discount,1.2707466368894285,Free Bag,1.1885751959584556,0.08217144093097284,MEDIUM,0
555301,Hotel Night,0.7124464745499619,Free Bag,0.4640745108367,0.24837196371326192,HIGH,0
555310,Hotel Meal,2.43169537389638,Free Bag,1.1885751959584556,1.2431201779379244,HIGH,0
555326,Hotel Night,0.7124464745499619,Free Bag,0.1018241682758222,0.6106223062741397,HIGH,0
555334,No Cancel Fee,0.0,Exclusive Discount,-0.1247288492224758,0.1247288492224758,MEDIUM,2
555418,No Cancel Fee,0.0,Exclusive Discount,-0.1247288492224758,0.1247288492224758,MEDIUM,2
555428,Hotel Meal,0.7281915228794039,Hotel Night,0.0257824539889438,0.7024090688904601,HIGH,0
555478,Hotel Night,0.7124464745499619,Exclusive Discount,0.2650009194468593,0.44744555510310263,HIGH,0
555484,Hotel Meal,1.718983788841107,Free Bag,0.645199682117139,1.0737841067239682,HIGH,0
555492,Free Bag,1.1885751959584556,Exclusive Discount,0.5568535898330474,0.6317216061254082,HIGH,0
555499,Free Bag,1.9130758810802115,Hotel Meal,1.11993805307843,0.7931378280017816,HIGH,0
555521,Hotel Night,0.7124464745499619,Hotel Meal,0.031505932241364,0.6809405423085979,HIGH,0
555563,Hotel Meal,0.9003225740274609,Free Bag,0.4640745108367,0.43624806319076087,HIGH,0
555587,Hotel Night,0.3004480622133511,No Cancel Fee,0.0,0.3004480622133511,MEDIUM,0
555600,Exclusive Discount,1.7994619522082302,Hotel Night,0.7124464745499619,1.0870154776582683,HIGH,0
555648,Hotel Night,0.7124464745499619,Hotel Meal,0.6391582205614433,0.07328825398851857,MEDIUM,0
555656,No Cancel Fee,0.0,Exclusive Discount,-0.1247288492224758,0.1247288492224758,MEDIUM,2
555698,Hotel Night,0.7124464745499619,Exclusive Discount,0.568045201123454,0.14440127342650788,MEDIUM,0
555710,No Cancel Fee,0.0,Exclusive Discount,-0.1247288492224758,0.1247288492224758,MEDIUM,2
555712,No Cancel Fee,0.0,Exclusive Discount,-0.1247288492224758,0.1247288492224758,MEDIUM,2
555751,Exclusive Discount,0.1561016234133731,Hotel Night,0.0257824539889438,0.1303191694244293,MEDIUM,0
555770,Hotel Meal,1.5829112251318236,Exclusive Discount,1.2938267489815574,0.2890844761502662,HIGH,0
555773,No Cancel Fee,0.0,Free Bag,-0.9849268594068112,0.9849268594068112,MEDIUM,0
555782,Free Bag,1.1885751959584556,Exclusive Discount,1.0028011806390855,0.1857740153193701,MEDIUM,0
555784,Hotel Meal,0.8350314856609564,Hotel Night,0.0257824539889438,0.8092490316720127,HIGH,0
555796,Hotel Meal,0.745998183342996,Hotel Night,0.7124464745499619,0.03355170879303404,MEDIUM,0
555818,No Cancel Fee,0.0,Exclusive Discount,-0.1247288492224758,0.1247288492224758,MEDIUM,2
555850,Exclusive Discount,1.354573929143705,Free Bag,1.1885751959584556,0.16599873318524927,MEDIUM,0
555852,Exclusive Discount,0.59774494651358,Free Bag,0.4640745108367,0.13367043567688003,MEDIUM,0
555894,Free Bag,1.1885751959584556,Exclusive Discount,0.7557620955418912,0.4328131004165644,HIGH,0
555934,Hotel Night,0.7124464745499619,Free Bag,0.4640745108367,0.24837196371326192,HIGH,0
555960,No Cancel Fee,0.0,Exclusive Discount,-0.1247288492224758,0.1247288492224758,MEDIUM,2
555990,Hotel Meal,1.2601655042292177,Exclusive Discount,0.906485284517345,0.3536802197118727,HIGH,1
555997,Hotel Meal,1.783236155347235,Hotel Night,0.5539855467281884,1.2292506086190464,HIGH,0
556015,Exclusive Discount,1.5763248028472276,Free Bag,1.1885751959584556,0.387749606888772,HIGH,0
556019,Exclusive Discount,0.7953030632044227,Hotel Night,0.7124464745499619,0.08285658865446077,MEDIUM,0
556052,Hotel Night,0.7124464745499619,Exclusive Discount,0.2736755363387195,0.4387709382112424,HIGH,0
556067,Hotel Meal,0.9329681182107128,Hotel Night,0.7124464745499619,0.2205216436607509,HIGH,0
556111,Hotel Meal,0.4254782949983383,Free Bag,0.1018241682758222,0.3236541267225161,MEDIUM,0
556119,Free Bag,1.1885751959584556,Exclusive Discount,1.041727684083596,0.14684751187485956,MEDIUM,0
556127,Hotel Night,0.7124464745499619,Free Bag,0.4640745108367,0.24837196371326192,HIGH,0
556138,Hotel Meal,1.4671679321184756,Exclusive Discount,1.1135255599721794,0.35364237214629624,HIGH,0
556214,No Cancel Fee,0.0,Exclusive Discount,-0.1247288492224758,0.1247288492224758,MEDIUM,2
556215,Free Bag,1.1885751959584556,Hotel Night,0.7124464745499619,0.4761287214084937,HIGH,0
556268,Exclusive Discount,0.8449539938369485,Free Bag,0.1018241682758222,0.7431298255611263,HIGH,0
556314,No Cancel Fee,0.0,Exclusive Discount,-0.1247288492224758,0.1247288492224758,MEDIUM,2
556347,Free Bag,0.645199682117139,Hotel Night,0.0257824539889438,0.6194172281281951,MEDIUM,0
556391,Exclusive Discount,1.2070669718877676,Free Bag,1.1885751959584556,0.01849177592931195,MEDIUM,0
556417,No Cancel Fee,0.0,Exclusive Discount,-0.1247288492224758,0.1247288492224758,MEDIUM,2
556533,Free Bag,1.1885751959584556,Hotel Night,0.7124464745499619,0.4761287214084937,HIGH,0
556579,Hotel Meal,2.223951001821139,Exclusive Discount,1.1965502226572715,1.0274007791638673,HIGH,1
556621,No Cancel Fee,0.0,Exclusive Discount,-0.1247288492224758,0.1247288492224758,MEDIUM,2
556622,No Cancel Fee,0.0,Exclusive Discount,-0.253777146046104,0.253777146046104,MEDIUM,0
556623,Free Bag,1.1885751959584556,Hotel Night,0.7124464745499619,0.4761287214084937,HIGH,0
556647,Free Bag,1.1885751959584556,Hotel Night,0.7124464745499619,0.4761287214084937,HIGH,0
556673,Hotel Meal,0.7459981833429963,Exclusive Discount,0.1233463389032134,0.6226518444397828,HIGH,0
556714,Exclusive Discount,1.5480990842903128,Hotel Night,0.7124464745499619,0.8356526097403509,HIGH,0
556744,Hotel Night,0.7124464745499619,Exclusive Discount,0.1060284637075384,0.6064180108424235,HIGH,0
556824,Exclusive Discount,0.9128208320574815,Hotel Night,0.7124464745499619,0.20037435750751964,HIGH,0
556827,Hotel Meal,0.8684189740301914,No Cancel Fee,0.0,0.8684189740301914,HIGH,0
556830,Exclusive Discount,0.9673333592453984,Hotel Meal,0.6124482298660553,0.35488512937934313,HIGH,0
556841,Exclusive Discount,0.7269703697493766,Hotel Meal,0.2117983694352339,0.5151720003141427,HIGH,0
556887,Hotel Night,0.3004480622133511,Hotel Meal,0.1049584066536811,0.19548965555966996,MEDIUM,0
556904,Hotel Night,0.7124464745499619,Free Bag,0.4640745108367,0.24837196371326192,HIGH,0
556906,Hotel Meal,0.6859007042783728,Hotel Night,0.3004480622133511,0.3854526420650217,MEDIUM,0
557005,Exclusive Discount,1.0548508300845572,Hotel Meal,1.0130980902968774,0.04175273978767979,MEDIUM,0
557033,Exclusive Discount,0.7365360380354196,Hotel Night,0.7124464745499619,0.024089563485457655,MEDIUM,0
557036,No Cancel Fee,0.0,Hotel Night,-0.3175495562915652,0.3175495562915652,MEDIUM,0
557055,No Cancel Fee,0.0,Exclusive Discount,-0.1247288492224758,0.1247288492224758,MEDIUM,2
557107,Hotel Meal,1.0380274149459066,Hotel Night,0.0257824539889438,1.0122449609569628,HIGH,0
557108,Exclusive Discount,0.8438920654863391,Hotel Night,0.7124464745499619,0.1314455909363772,MEDIUM,0
557118,Hotel Meal,0.9691749944866836,Hotel Night,0.7124464745499619,0.25672851993672174,HIGH,0
557134,Hotel Meal,1.4849745925820672,Exclusive Discount,1.0182546542049469,0.46671993837712034,HIGH,0
557236,Hotel Night,0.7124464745499619,Hotel Meal,0.4254782949983383,0.2869681795516236,HIGH,0
557248,No Cancel Fee,0.0,Exclusive Discount,-0.1247288492224758,0.1247288492224758,MEDIUM,2
557262,Hotel Meal,0.98460743355513,Hotel Night,0.0257824539889438,0.9588249795661863,HIGH,0
557282,Hotel Night,0.7124464745499619,Free Bag,0.1018241682758222,0.6106223062741397,HIGH,0
557298,Exclusive Discount,0.9705011970229644,Hotel Night,0.7124464745499619,0.25805472247300254,HIGH,0
557307,Hotel Night,0.7124464745499619,No Cancel Fee,0.0,0.7124464745499619,HIGH,0
557314,Hotel Night,0.7124464745499619,Exclusive Discount,0.5700606402412057,0.14238583430875618,MEDIUM,0
557343,Exclusive Discount,1.8606712492543265,Hotel Night,0.7124464745499619,1.1482247747043646,HIGH,0
557402,Hotel Night,0.7124464745499619,No Cancel Fee,0.0,0.7124464745499619,HIGH,0
557449,Free Bag,1.1885751959584556,Hotel Night,0.7124464745499619,0.4761287214084937,HIGH,0
557476,Hotel Night,0.7124464745499619,Hotel Meal,0.5256407601060442,0.1868057144439177,MEDIUM,0
557492,Hotel Night,0.7124464745499619,No Cancel Fee,0.0,0.7124464745499619,HIGH,0
557496,Free Bag,1.1885751959584556,Hotel Night,0.7124464745499619,0.4761287214084937,HIGH,0
557508,Hotel Night,0.7124464745499619,Free Bag,0.4640745108367,0.24837196371326192,HIGH,0
557525,Hotel Night,0.7124464745499619,Free Bag,0.4640745108367,0.24837196371326192,HIGH,0
557562,Hotel Meal,0.8261281554291608,Hotel Night,0.7124464745499619,0.11368168087919894,MEDIUM,0
557569,No Cancel Fee,0.0,Exclusive Discount,-0.1247288492224758,0.1247288492224758,MEDIUM,2
557643,Hotel Night,0.3004480622133511,Hotel Meal,0.1183134020013753,0.18213466021197577,MEDIUM,0
557672,Free Bag,0.4640745108367,Hotel Night,0.3004480622133511,0.1636264486233489,MEDIUM,0
557692,Free Bag,3.3620772513237225,Hotel Night,0.7124464745499619,2.6496307767737606,HIGH,0
557726,Exclusive Discount,0.038562166272281,No Cancel Fee,0.0,0.038562166272281,LOW,2
557762,Exclusive Discount,1.9958942484893336,No Cancel Fee,0.0,1.9958942484893336,HIGH,2
557794,Free Bag,1.1885751959584556,Hotel Night,0.4181618943095248,0.7704133016489308,HIGH,0
557799,Hotel Meal,1.5235556902531835,Exclusive Discount,1.4769463295258654,0.04660936072731814,MEDIUM,1
557815,Hotel Meal,1.3425213088733303,Exclusive Discount,0.4927598210597138,0.8497614878136166,HIGH,0
557851,Free Bag,3.3620772513237225,Hotel Night,0.7124464745499619,2.6496307767737606,HIGH,0
557875,Hotel Night,0.7124464745499619,No Cancel Fee,0.0,0.7124464745499619,HIGH,0
557876,No Cancel Fee,0.0,Exclusive Discount,-0.2470842386960063,0.2470842386960063,MEDIUM,2
557887,Free Bag,1.1885751959584556,Hotel Meal,0.9418714484425088,0.24670374751594681,HIGH,0
557921,Hotel Meal,1.0130980902968774,Hotel Night,0.7124464745499619,0.30065161574691546,HIGH,0
557932,Free Bag,0.645199682117139,Hotel Night,0.4181618943095248,0.2270377878076142,MEDIUM,0
557956,Hotel Meal,0.6213515600978513,Exclusive Discount,0.3745510794882755,0.24680048060957582,MEDIUM,0
557957,Free Bag,1.1885751959584556,Hotel Night,0.0257824539889438,1.1627927419695119,HIGH,0
557963,Exclusive Discount,1.5956996006193878,Hotel Night,0.7124464745499619,0.8832531260694259,HIGH,0
557992,No Cancel Fee,0.0,Exclusive Discount,-0.1247288492224758,0.1247288492224758,MEDIUM,2
558018,Hotel Night,0.7124464745499619,Free Bag,0.1018241682758222,0.6106223062741397,HIGH,0
558019,Hotel Night,0.7124464745499619,Free Bag,0.1018241682758222,0.6106223062741397,HIGH,0
558081,Hotel Night,0.7124464745499619,Exclusive Discount,0.6355890647244693,0.0768574098254926,MEDIUM,0
558114,Hotel Meal,1.0843247321512457,Exclusive Discount,0.3558732373921764,0.7284514947590692,HIGH,0
558138,Hotel Meal,0.7905148345019763,Hotel Night,0.7124464745499619,0.07806835995201444,MEDIUM,0
558147,No Cancel Fee,0.0,Exclusive Discount,-0.1247288492224758,0.1247288492224758,MEDIUM,2
558204,Free Bag,0.4640745108367,Hotel Night,0.3004480622133511,0.1636264486233489,MEDIUM,0
558251,Hotel Night,0.7124464745499619,Exclusive Discount,0.1041007497494687,0.6083457248004932,HIGH,0
558270,Hotel Night,0.7124464745499619,Free Bag,0.4640745108367,0.24837196371326192,HIGH,0
558277,Free Bag,2.2753262236410894,Hotel Meal,1.155551374005614,1.1197748496354754,HIGH,0
558294,Hotel Meal,0.7393206856691493,Hotel Night,0.7124464745499619,0.02687421111918742,MEDIUM,0
558300,Hotel Night,0.7124464745499619,Free Bag,0.1018241682758222,0.6106223062741397,HIGH,0
558362,Hotel Night,0.7124464745499619,Hotel Meal,0.4967049368527064,0.21574153769725551,HIGH,0
558388,Free Bag,5.53557930668899,Hotel Meal,0.8172248251973644,4.718354481491626,HIGH,0
558394,Free Bag,1.1885751959584556,Hotel Night,0.7124464745499619,0.4761287214084937,HIGH,0
558395,Hotel Meal,1.7943653181369796,Exclusive Discount,0.916154115788676,0.8782112023483036,HIGH,1
558437,Exclusive Discount,0.7367480709505051,Hotel Night,0.7124464745499619,0.02430159640054319,MEDIUM,0
558466,Hotel Night,0.7124464745499619,Exclusive Discount,0.2890621879005367,0.4233842866494252,HIGH,0
558489,Free Bag,0.4640745108367,Hotel Night,0.3004480622133511,0.1636264486233489,MEDIUM,0
558506,Exclusive Discount,1.059159628282468,Hotel Night,0.7124464745499619,0.3467131537325061,HIGH,0
558513,Hotel Night,0.7124464745499619,Exclusive Discount,0.2649422475812925,0.4475042269686694,HIGH,0
558651,Exclusive Discount,1.6183394836992202,Free Bag,1.1885751959584556,0.4297642877407646,HIGH,0
558659,Hotel Night,0.7124464745499619,No Cancel Fee,0.0,0.7124464745499619,HIGH,0
558682,Hotel Meal,0.5145115973162993,Hotel Night,0.3004480622133511,0.21406353510294818,MEDIUM,0
558774,Free Bag,0.1018241682758222,Hotel Night,0.0257824539889438,0.0760417142868784,LOW,0
558786,Exclusive Discount,0.3037534906448451,Hotel Night,0.3004480622133511,0.0033054284314940063,LOW,0
558838,Hotel Meal,0.6510293275371718,Hotel Night,0.4835584676962888,0.167470859840883,MEDIUM,0
558851,No Cancel Fee,0.0,Exclusive Discount,-0.1247288492224758,0.1247288492224758,MEDIUM,2
558852,No Cancel Fee,0.0,Exclusive Discount,-0.1247288492224758,0.1247288492224758,MEDIUM,2
558920,Hotel Night,0.7124464745499619,Hotel Meal,0.7044493089279479,0.007997165622014024,MEDIUM,0
558966,Hotel Night,0.7124464745499619,Exclusive Discount,0.5518305805215029,0.160615894028459,MEDIUM,0
558987,Free Bag,1.1885751959584556,Hotel Meal,0.8639673089142934,0.3246078870441622,HIGH,0
558988,Hotel Night,0.7124464745499619,Hotel Meal,0.26521835082601,0.44722812372395193,HIGH,0
559068,Free Bag,0.1018241682758222,Hotel Night,0.0257824539889438,0.0760417142868784,LOW,0
559071,Hotel Meal,0.1205392345593241,Exclusive Discount,0.1157651294323478,0.004774105126976291,LOW,0
559093,Hotel Meal,1.8344303041800625,Hotel Night,0.1974484591291983,1.6369818450508642,HIGH,0
559094,No Cancel Fee,0.0,Exclusive Discount,-0.1247288492224758,0.1247288492224758,MEDIUM,2
559107,Exclusive Discount,1.1190774588457306,Hotel Meal,0.5167374298742479,0.6023400289714828,HIGH,0
559112,Free Bag,1.1885751959584556,Exclusive Discount,0.8892386729881502,0.29933652297030544,HIGH,0
559146,Hotel Meal,1.34474714143128,Exclusive Discount,0.2563407427947849,1.088406398636495,HIGH,0
559148,Free Bag,1.1885751959584556,Hotel Night,0.7124464745499619,0.4761287214084937,HIGH,0
559164,Free Bag,1.1885751959584556,Hotel Night,0.7124464745499619,0.4761287214084937,HIGH,0
559176,Hotel Meal,0.5278665926639933,Hotel Night,0.0257824539889438,0.5020841386750494,MEDIUM,0
559194,Hotel Night,0.7124464745499619,Hotel Meal,0.1183134020013753,0.5941330725485866,HIGH,0
559211,Hotel Meal,0.8261281554291608,Hotel Night,0.7124464745499619,0.11368168087919894,MEDIUM,0
559226,Exclusive Discount,1.3179845374981245,Hotel Night,0.7124464745499619,0.6055380629481626,HIGH,0
559228,Free Bag,1.1885751959584556,Hotel Night,0.7124464745499619,0.4761287214084937,HIGH,0
559266,Exclusive Discount,1.6420043190101885,Hotel Night,0.7124464745499619,0.9295578444602266,HIGH,0
559277,Hotel Meal,2.553374220397593,No Cancel Fee,0.0,2.553374220397593,HIGH,0
559324,Hotel Meal,0.7638048438065883,Hotel Night,0.3004480622133511,0.46335678159323723,HIGH,0
559345,Exclusive Discount,1.4801723809500946,No Cancel Fee,0.0,1.4801723809500946,HIGH,2
559368,Free Bag,1.9130758810802115,Hotel Night,0.7124464745499619,1.2006294065302496,HIGH,0
559407,Exclusive Discount,1.411164667952762,Free Bag,1.1885751959584556,0.22258947199430645,HIGH,0
559441,Free Bag,1.1885751959584556,Exclusive Discount,1.09257347843419,0.09600171752426556,MEDIUM,0
559461,No Cancel Fee,0.0,Exclusive Discount,-0.1247288492224758,0.1247288492224758,MEDIUM,2
559464,Hotel Meal,0.1383458950229164,Free Bag,0.1018241682758222,0.03652172674709418,LOW,0
559468,Free Bag,1.1885751959584556,Hotel Meal,0.8483864810086504,0.3401887149498052,HIGH,0
559469,Free Bag,0.4640745108367,Exclusive Discount,0.3527188712396167,0.11135563959708328,MEDIUM,0
559473,Hotel Night,0.7124464745499619,Exclusive Discount,0.4301276480373094,0.2823188265126525,HIGH,0
559520,Hotel Night,0.7124464745499619,No Cancel Fee,0.0,0.7124464745499619,HIGH,0
559537,Free Bag,3.3620772513237225,Hotel Night,0.7124464745499619,2.6496307767737606,HIGH,0
559547,No Cancel Fee,0.0,Exclusive Discount,-0.1247288492224758,0.1247288492224758,MEDIUM,2
559661,No Cancel Fee,0.0,Exclusive Discount,-0.1247288492224758,0.1247288492224758,MEDIUM,2
559695,Free Bag,2.2753262236410894,Hotel Meal,0.6079965647501574,1.667329658890932,HIGH,0
559712,Free Bag,1.1885751959584556,Hotel Night,0.7124464745499619,0.4761287214084937,HIGH,0
559758,Hotel Meal,1.4738454297923225,Exclusive Discount,0.8484722968893575,0.6253731329029649,HIGH,1
559772,Hotel Meal,1.3514246391051266,Hotel Night,0.7124464745499619,0.6389781645551647,HIGH,0
559775,Free Bag,1.1885751959584556,Exclusive Discount,0.8798007458753896,0.30877445008306603,HIGH,0
559782,Hotel Night,0.7124464745499619,Hotel Meal,0.6391582205614433,0.07328825398851857,MEDIUM,0
559787,Free Bag,0.4640745108367,Hotel Night,0.3004480622133511,0.1636264486233489,MEDIUM,0
559794,Hotel Meal,0.7994181647337724,Free Bag,0.7538747848854024,0.04554337984836998,MEDIUM,0
559832,No Cancel Fee,0.0,Exclusive Discount,-0.1247288492224758,0.1247288492224758,MEDIUM,2
559834,Hotel Night,0.7124464745499619,Free Bag,0.1018241682758222,0.6106223062741397,HIGH,0
559846,Hotel Night,0.7124464745499619,No Cancel Fee,0.0,0.7124464745499619,HIGH,0
559863,Free Bag,1.1885751959584556,Exclusive Discount,1.1637227284048406,0.024852467553615032,MEDIUM,0
559901,Hotel Night,0.7124464745499619,Hotel Meal,0.6124482298660557,0.09999824468390617,MEDIUM,0
559918,Free Bag,1.1885751959584556,Hotel Meal,0.9952914298332854,0.19328376612517018,MEDIUM,0
559936,Exclusive Discount,1.087223969168318,Hotel Night,0.7124464745499619,0.3747774946183562,HIGH,0
559981,Hotel Meal,1.6648218632643474,Free Bag,0.7538747848854024,0.9109470783789451,HIGH,0
559995,No Cancel Fee,0.0,Exclusive Discount,-0.1247288492224758,0.1247288492224758,MEDIUM,2
560035,Free Bag,1.1885751959584556,Hotel Night,0.7124464745499619,0.4761287214084937,HIGH,0
560065,Hotel Meal,0.7994181647337724,Hotel Night,0.3004480622133511,0.4989701025204213,HIGH,0
560078,Free Bag,1.1885751959584556,Exclusive Discount,0.4572422979598061,0.7313328979986495,HIGH,0
560085,Hotel Meal,0.6284742242832884,Hotel Night,0.3004480622133511,0.3280261620699373,MEDIUM,0
560090,Exclusive Discount,1.057340087286316,Hotel Meal,0.6859007042783728,0.3714393830079431,HIGH,0
560125,Free Bag,1.1885751959584556,Hotel Night,0.7124464745499619,0.4761287214084937,HIGH,0
560175,Exclusive Discount,1.957284101193487,Hotel Night,0.0257824539889438,1.9315016472045432,HIGH,0
560195,Hotel Meal,1.5651045646682316,Exclusive Discount,0.1534723647379908,1.4116321999302408,HIGH,0
560213,Free Bag,2.2753262236410894,Hotel Night,0.7124464745499619,1.5628797490911275,HIGH,0
560245,Hotel Night,0.7124464745499619,Exclusive Discount,0.4958306056786369,0.216615868871325,HIGH,0
560257,Exclusive Discount,1.4092645106265491,Hotel Meal,1.0504920772704212,0.35877243335612796,HIGH,1
560273,Hotel Night,0.7124464745499619,No Cancel Fee,0.0,0.7124464745499619,HIGH,0
560279,No Cancel Fee,0.0,Exclusive Discount,-0.1247288492224758,0.1247288492224758,MEDIUM,2
560291,Free Bag,1.1885751959584556,Hotel Night,0.3004480622133511,0.8881271337451045,HIGH,0
560341,Exclusive Discount,1.2105308501056935,Hotel Meal,0.9952914298332854,0.21523942027240806,HIGH,0
560362,Free Bag,1.1885751959584556,Hotel Night,0.7124464745499619,0.4761287214084937,HIGH,0
560367,Free Bag,0.4640745108367,Hotel Night,0.3004480622133511,0.1636264486233489,MEDIUM,0
560374,Hotel Meal,1.5205879135092517,Free Bag,1.1885751959584556,0.3320127175507961,HIGH,0
560433,No Cancel Fee,0.0,Exclusive Discount,-0.1247288492224758,0.1247288492224758,MEDIUM,2
560468,Exclusive Discount,0.9036543200542492,Hotel Night,0.7124464745499619,0.19120784550428727,MEDIUM,0
560478,Free Bag,5.53557930668899,Hotel Meal,0.5358795898726096,4.99969971681638,HIGH,0
560495,No Cancel Fee,0.0,Exclusive Discount,-0.1247288492224758,0.1247288492224758,MEDIUM,2
560497,Hotel Night,0.7124464745499619,No Cancel Fee,0.0,0.7124464745499619,HIGH,0
560508,No Cancel Fee,0.0,Exclusive Discount,-0.1441750861083578,0.1441750861083578,MEDIUM,2
560511,Hotel Meal,1.600717885595416,Hotel Night,0.7124464745499619,0.8882714110454542,HIGH,0
560519,Exclusive Discount,0.2433475979216623,Hotel Night,0.0257824539889438,0.2175651439327185,MEDIUM,0
560627,Free Bag,1.1885751959584556,Hotel Night,0.7124464745499619,0.4761287214084937,HIGH,0
560672,Hotel Night,0.7124464745499619,Hotel Meal,0.3475741554701232,0.3648723190798387,HIGH,0
560680,No Cancel Fee,0.0,Exclusive Discount,-0.1247288492224758,0.1247288492224758,MEDIUM,2
560723,No Cancel Fee,0.0,Exclusive Discount,-0.1247288492224758,0.1247288492224758,MEDIUM,2
560733,Free Bag,1.1885751959584556,Hotel Meal,0.9418714484425088,0.24670374751594681,HIGH,0
560739,Hotel Meal,0.7905148345019763,Exclusive Discount,0.7845411942118918,0.005973640290084514,MEDIUM,0
560747,Exclusive Discount,0.4034751769628152,Hotel Night,0.3004480622133511,0.10302711474946413,MEDIUM,0
560796,Free Bag,1.1885751959584556,Hotel Night,0.0257824539889438,1.1627927419695119,HIGH,0
560803,Hotel Meal,0.9685814391378974,Hotel Night,0.7124464745499619,0.2561349645879355,HIGH,0
560854,Hotel Night,0.7124464745499619,Exclusive Discount,0.3374753479247961,0.3749711266251658,HIGH,0
560870,Free Bag,0.1018241682758222,Hotel Night,0.0257824539889438,0.0760417142868784,LOW,0
560888,Free Bag,0.1018241682758222,Hotel Night,0.0257824539889438,0.0760417142868784,LOW,0
560897,Free Bag,1.1885751959584556,Hotel Night,0.7124464745499619,0.4761287214084937,HIGH,0
560929,Free Bag,1.1885751959584556,Exclusive Discount,0.1348210031193478,1.0537541928391079,HIGH,0
560948,No Cancel Fee,0.0,Exclusive Discount,-0.1247288492224758,0.1247288492224758,MEDIUM,2
560949,No Cancel Fee,0.0,Exclusive Discount,-0.1247288492224758,0.1247288492224758,MEDIUM,2
560991,Hotel Meal,1.2534880065553704,Hotel Night,0.7124464745499619,0.5410415320054085,HIGH,0
561013,Free Bag,1.1885751959584556,Exclusive Discount,0.97591753327062,0.2126576626878356,HIGH,2
561031,Hotel Meal,1.885624453012889,Hotel Night,0.7124464745499619,1.173177978462927,HIGH,0
561033,Free Bag,1.9130758810802115,Hotel Night,0.7124464745499619,1.2006294065302496,HIGH,0
561037,Free Bag,1.1885751959584556,Hotel Night,0.7124464745499619,0.4761287214084937,HIGH,0
561044,No Cancel Fee,0.0,Exclusive Discount,-0.1247288492224758,0.1247288492224758,MEDIUM,2
561054,Free Bag,1.1885751959584556,Exclusive Discount,0.4990914168233452,0.6894837791351105,HIGH,0
561156,No Cancel Fee,0.0,Exclusive Discount,-0.1247288492224758,0.1247288492224758,MEDIUM,2
561201,Free Bag,1.1885751959584556,Hotel Meal,0.5679315787070753,0.6206436172513803,HIGH,0
561243,Hotel Meal,0.4544141182516757,Hotel Night,0.4181618943095248,0.03625222394215094,LOW,0
561288,No Cancel Fee,0.0,Exclusive Discount,-0.1247288492224758,0.1247288492224758,MEDIUM,2
561326,Exclusive Discount,1.2650294307144605,Free Bag,1.1885751959584556,0.07645423475600488,MEDIUM,0
561331,Hotel Night,0.7124464745499619,Exclusive Discount,0.551604652427398,0.16084182212256393,MEDIUM,0
561333,No Cancel Fee,0.0,Exclusive Discount,-0.1247288492224758,0.1247288492224758,MEDIUM,2
561339,Free Bag,3.3620772513237225,Hotel Night,0.7124464745499619,2.6496307767737606,HIGH,0
561353,Exclusive Discount,0.8356744624900834,Hotel Night,0.4181618943095248,0.4175125681805586,HIGH,0
561367,Exclusive Discount,0.398666441008531,Free Bag,0.1018241682758222,0.2968422727327088,MEDIUM,0
561386,Free Bag,0.645199682117139,Exclusive Discount,0.5580538613444668,0.08714582077267219,MEDIUM,0
561503,Hotel Night,0.3004480622133511,Hotel Meal,0.1049584066536811,0.19548965555966996,MEDIUM,0
561519,No Cancel Fee,0.0,Exclusive Discount,-0.1247288492224758,0.1247288492224758,MEDIUM,2
561642,Free Bag,1.1885751959584556,Hotel Night,0.7124464745499619,0.4761287214084937,HIGH,0
561652,Hotel Night,0.7124464745499619,Exclusive Discount,0.1356278143639265,0.5768186601860354,HIGH,0
561653,Hotel Meal,1.2000680251645943,Exclusive Discount,0.7223438847999182,0.47772414036467614,HIGH,0
561665,No Cancel Fee,0.0,Exclusive Discount,-0.1247288492224758,0.1247288492224758,MEDIUM,2
561687,Hotel Meal,1.0776472344773984,Exclusive Discount,0.3858436289848696,0.6918036054925287,HIGH,0
561707,Free Bag,1.1885751959584556,No Cancel Fee,0.0,1.1885751959584556,HIGH,2
561710,Free Bag,1.1885751959584556,Hotel Night,0.0257824539889438,1.1627927419695119,HIGH,0
561798,Hotel Night,0.7124464745499619,Hotel Meal,0.3475741554701232,0.3648723190798387,HIGH,0
561837,Hotel Meal,0.5278665926639933,Hotel Night,0.0257824539889438,0.5020841386750494,MEDIUM,0
561846,Hotel Night,0.7124464745499619,Hotel Meal,0.2545343545478548,0.4579121200021071,HIGH,0
561864,Hotel Meal,0.8639673089142934,Hotel Night,0.3004480622133511,0.5635192467009423,HIGH,0
561896,Free Bag,1.1885751959584556,Hotel Night,0.7124464745499619,0.4761287214084937,HIGH,0
561908,No Cancel Fee,0.0,Exclusive Discount,-0.1247288492224758,0.1247288492224758,MEDIUM,2
561945,Free Bag,1.1885751959584556,Hotel Night,0.7124464745499619,0.4761287214084937,HIGH,0
561950,Hotel Meal,2.410920936688856,Free Bag,0.7538747848854024,1.6570461518034538,HIGH,0
561992,Hotel Night,0.7124464745499619,Exclusive Discount,0.2408028679852748,0.47164360656468707,HIGH,0
561994,Hotel Night,0.7124464745499619,Hotel Meal,0.3119608345429392,0.4004856400070227,HIGH,0
562010,Free Bag,0.3191743738123488,Hotel Night,0.1974484591291983,0.1217259146831505,MEDIUM,0
562032,Hotel Meal,1.4404579414230871,Exclusive Discount,0.142647614082209,1.297810327340878,HIGH,1
562042,Hotel Night,0.7124464745499619,Free Bag,0.1018241682758222,0.6106223062741397,HIGH,0
562108,Exclusive Discount,1.306777610101262,Hotel Meal,1.173358034469206,0.13341957563205598,MEDIUM,0
562148,Exclusive Discount,1.3483467732881436,Hotel Night,0.7124464745499619,0.6359002987381817,HIGH,0
562161,Hotel Night,0.7124464745499619,No Cancel Fee,0.0,0.7124464745499619,HIGH,0
562192,Free Bag,1.9130758810802115,Exclusive Discount,0.5316354241922613,1.3814404568879501,HIGH,0
562209,Free Bag,1.1885751959584556,Hotel Night,0.7124464745499619,0.4761287214084937,HIGH,0
562238,Free Bag,1.1885751959584556,Hotel Night,0.7124464745499619,0.4761287214084937,HIGH,0
562275,Hotel Meal,1.5918145553636196,Hotel Night,0.7124464745499619,0.8793680808136577,HIGH,0
562283,Hotel Meal,1.3336179786415343,Exclusive Discount,1.244894379013922,0.08872359962761234,MEDIUM,1
562315,Hotel Night,0.7124464745499619,No Cancel Fee,0.0,0.7124464745499619,HIGH,0
562334,Hotel Meal,1.0064205926230303,Exclusive Discount,0.5632481635163226,0.44317242910670773,HIGH,0
562338,Free Bag,1.1885751959584556,Hotel Night,0.7124464745499619,0.4761287214084937,HIGH,0
562362,Hotel Night,0.7124464745499619,Exclusive Discount,0.1667438127204123,0.5457026618295496,HIGH,0
562398,Hotel Night,0.7124464745499619,Hotel Meal,0.3475741554701232,0.3648723190798387,HIGH,0
562416,Hotel Night,0.7124464745499619,Exclusive Discount,0.1590705459176043,0.5533759286323576,HIGH,0
562417,Hotel Night,0.7124464745499619,Hotel Meal,0.4544141182516757,0.2580323562982862,HIGH,0
562428,Hotel Night,0.7124464745499619,Hotel Meal,0.1049584066536811,0.6074880678962808,HIGH,0
562490,Free Bag,1.1885751959584556,Hotel Night,0.0257824539889438,1.1627927419695119,HIGH,0
562529,Hotel Meal,1.0130980902968774,Hotel Night,0.7124464745499619,0.30065161574691546,HIGH,0
562576,Hotel Meal,2.028077736721626,No Cancel Fee,0.0,2.028077736721626,HIGH,1
562585,Hotel Night,0.7124464745499619,No Cancel Fee,0.0,0.7124464745499619,HIGH,0
562587,Hotel Meal,1.7943653181369796,Exclusive Discount,1.1385372350292842,0.6558280831076955,HIGH,1
562612,Exclusive Discount,1.5516983775220838,Hotel Meal,1.41196728468134,0.1397310928407438,MEDIUM,0
562641,Hotel Night,0.7124464745499619,No Cancel Fee,0.0,0.7124464745499619,HIGH,0
562648,Free Bag,1.1885751959584556,Hotel Night,0.7124464745499619,0.4761287214084937,HIGH,0
562708,Hotel Meal,1.2334555135338294,Hotel Night,0.7124464745499619,0.5210090389838675,HIGH,0
562832,Hotel Meal,0.4848338298769792,No Cancel Fee,0.0,0.4848338298769792,MEDIUM,0
562843,Free Bag,2.2753262236410894,Hotel Night,0.0257824539889438,2.2495437696521456,HIGH,0
562869,Free Bag,1.1885751959584556,Hotel Night,0.7124464745499619,0.4761287214084937,HIGH,0
562886,Free Bag,1.1885751959584556,Hotel Meal,0.7192881926476082,0.4692870033108474,HIGH,0
562888,No Cancel Fee,0.0,Exclusive Discount,-0.1247288492224758,0.1247288492224758,MEDIUM,2
562894,Free Bag,0.1018241682758222,Hotel Night,0.0257824539889438,0.0760417142868784,LOW,0
563012,No Cancel Fee,0.0,Exclusive Discount,-0.1247288492224758,0.1247288492224758,MEDIUM,2
563021,Hotel Night,0.7124464745499619,No Cancel Fee,0.0,0.7124464745499619,HIGH,0
563052,Exclusive Discount,1.4769463295258654,Hotel Meal,1.2601655042292177,0.21678082529664766,HIGH,1
563059,Free Bag,0.4640745108367,Hotel Night,0.3004480622133511,0.1636264486233489,MEDIUM,0
563100,Free Bag,1.1885751959584556,Hotel Night,0.7124464745499619,0.4761287214084937,HIGH,0
563148,Hotel Meal,0.4967049368527064,Hotel Night,0.4181618943095248,0.07854304254318162,LOW,0
563162,Hotel Night,0.7124464745499619,Hotel Meal,0.2051208717613866,0.5073256027885753,HIGH,0
563165,Hotel Night,0.7124464745499619,Exclusive Discount,0.5032010058329657,0.20924546871699623,HIGH,0
563201,Hotel Meal,0.4254782949983383,Hotel Night,0.0257824539889438,0.3996958410093945,MEDIUM,0
563221,Hotel Night,0.7124464745499619,Hotel Meal,0.5857382391706669,0.126708235379295,MEDIUM,0
563253,Free Bag,1.1885751959584556,Hotel Night,0.7124464745499619,0.4761287214084937,HIGH,0
563266,Hotel Night,0.7124464745499619,No Cancel Fee,0.0,0.7124464745499619,HIGH,0
563315,Free Bag,1.1885751959584556,Hotel Meal,1.0064205926230303,0.18215460333542532,MEDIUM,0
563335,Free Bag,5.53557930668899,Hotel Night,0.7124464745499619,4.823132832139028,HIGH,0
563340,Free Bag,0.1018241682758222,Hotel Night,0.0257824539889438,0.0760417142868784,LOW,0
563342,No Cancel Fee,0.0,Exclusive Discount,-0.1247288492224758,0.1247288492224758,MEDIUM,2
563343,Free Bag,1.1885751959584556,Hotel Meal,0.4210266298824407,0.7675485660760148,HIGH,0
563375,Hotel Night,0.7124464745499619,No Cancel Fee,0.0,0.7124464745499619,HIGH,0
563410,Hotel Night,0.7124464745499619,No Cancel Fee,0.0,0.7124464745499619,HIGH,0
563425,Hotel Meal,0.7816115042701803,Hotel Night,0.0257824539889438,0.7558290502812366,HIGH,0
563482,Hotel Night,0.7124464745499619,No Cancel Fee,0.0,0.7124464745499619,HIGH,0
563483,Hotel Meal,1.3425213088733314,Exclusive Discount,0.8070486834473871,0.5354726254259443,HIGH,0
563489,Hotel Meal,1.2178746856281857,Exclusive Discount,0.7635488075597896,0.4543258780683961,HIGH,0
563507,Free Bag,1.1885751959584556,Hotel Night,0.7124464745499619,0.4761287214084937,HIGH,0
563544,Free Bag,1.1885751959584556,Hotel Night,0.7124464745499619,0.4761287214084937,HIGH,0
563588,Hotel Meal,0.4017360810468827,Free Bag,0.1018241682758222,0.2999119127710605,MEDIUM,0
563592,Hotel Night,0.7124464745499619,Exclusive Discount,0.5426450087890957,0.1698014657608662,MEDIUM,0
563598,Hotel Meal,0.3067672252410582,Exclusive Discount,0.2566993136652032,0.050067911575854995,LOW,0
563679,No Cancel Fee,0.0,Exclusive Discount,-0.1247288492224758,0.1247288492224758,MEDIUM,2
563711,Hotel Night,0.7124464745499619,Exclusive Discount,0.5369173132706292,0.1755291612793327,MEDIUM,0
563731,Hotel Night,0.3004480622133511,Hotel Meal,0.0871517461900891,0.213296316023262,MEDIUM,0
563735,Free Bag,0.645199682117139,Hotel Meal,0.26521835082601,0.379981331291129,MEDIUM,0
563736,Hotel Meal,1.4315546111912911,No Cancel Fee,0.0,1.4315546111912911,HIGH,1
563740,Hotel Meal,0.7393206856691489,Hotel Night,0.3004480622133511,0.4388726234557978,HIGH,0
563773,Hotel Meal,0.970807271695846,Hotel Night,0.3004480622133511,0.6703592094824949,HIGH,0
563787,Exclusive Discount,0.8815752588289817,Hotel Meal,0.8083214949655676,0.07325376386341409,MEDIUM,0
563831,No Cancel Fee,0.0,Exclusive Discount,-0.1247288492224758,0.1247288492224758,MEDIUM,2
563853,Free Bag,0.1018241682758222,Hotel Night,0.0257824539889438,0.0760417142868784,LOW,0
563882,Hotel Night,0.7124464745499619,No Cancel Fee,0.0,0.7124464745499619,HIGH,0
563896,Exclusive Discount,1.9217372752731217,Free Bag,1.1885751959584556,0.733162079314666,HIGH,0
563956,Exclusive Discount,0.7189851352853919,Hotel Night,0.7124464745499619,0.006538660735429969,MEDIUM,0
563974,Hotel Meal,1.4738454297923225,Exclusive Discount,0.9354917783313376,0.5383536514609849,HIGH,1
563995,No Cancel Fee,0.0,Exclusive Discount,-0.1247288492224758,0.1247288492224758,MEDIUM,2
564052,Free Bag,1.1885751959584556,Hotel Night,0.7124464745499619,0.4761287214084937,HIGH,0
564100,Hotel Meal,0.6480615507932398,Free Bag,0.645199682117139,0.0028618686761008316,MEDIUM,0
564112,Hotel Night,0.7124464745499619,Free Bag,0.1018241682758222,0.6106223062741397,HIGH,0
564182,Hotel Night,0.7124464745499619,Exclusive Discount,0.4743177856046321,0.2381286889453298,HIGH,0
564204,Hotel Meal,0.4788982763891143,Hotel Night,0.4181618943095248,0.060736382079589535,LOW,0
564219,Hotel Meal,1.2356813460917784,Exclusive Discount,0.4815712626918741,0.7541100833999043,HIGH,0
564234,Exclusive Discount,0.9883073094160728,Hotel Night,0.0257824539889438,0.9625248554271291,HIGH,0
564252,Hotel Night,0.7124464745499619,Free Bag,0.1018241682758222,0.6106223062741397,HIGH,0
564306,Hotel Meal,0.8372573182189054,Free Bag,0.4640745108367,0.3731828073822054,HIGH,0
564312,Hotel Meal,1.2267780158599824,Hotel Night,0.4181618943095248,0.8086161215504576,HIGH,0
564364,No Cancel Fee,0.0,Exclusive Discount,-0.1247288492224758,0.1247288492224758,MEDIUM,2
564369,No Cancel Fee,0.0,Exclusive Discount,-0.1247288492224758,0.1247288492224758,MEDIUM,2
564377,Hotel Meal,0.2652183508260101,Free Bag,0.1018241682758222,0.1633941825501879,MEDIUM,0
564430,Hotel Meal,1.8322044716221129,Exclusive Discount,0.6091785025906923,1.2230259690314207,HIGH,0
564434,No Cancel Fee,0.0,Exclusive Discount,-0.1247288492224758,0.1247288492224758,MEDIUM,2
564495,Hotel Night,0.7124464745499619,Exclusive Discount,0.4663477554192577,0.2460987191307042,HIGH,0
564498,No Cancel Fee,0.0,Exclusive Discount,-0.1247288492224758,0.1247288492224758,MEDIUM,2
564517,Free Bag,1.1885751959584556,Hotel Meal,0.9329681182107132,0.2556070777477424,HIGH,0
564534,Hotel Night,0.7124464745499619,Hotel Meal,0.4544141182516757,0.2580323562982862,HIGH,0
564593,Hotel Meal,0.6347065554455458,Hotel Night,0.0257824539889438,0.608924101456602,MEDIUM,0
564596,Free Bag,1.1885751959584556,Hotel Night,0.7124464745499619,0.4761287214084937,HIGH,0
564604,Free Bag,1.1885751959584556,Hotel Night,0.3004480622133511,0.8881271337451045,HIGH,0
564606,Free Bag,1.1885751959584556,Hotel Night,0.7124464745499619,0.4761287214084937,HIGH,0
564616,Free Bag,0.1018241682758222,Hotel Night,0.0257824539889438,0.0760417142868784,LOW,0
564620,Free Bag,0.1018241682758222,Hotel Night,0.0257824539889438,0.0760417142868784,LOW,0
564699,Exclusive Discount,0.9569966102076072,Hotel Meal,0.7905148345019763,0.16648177570563083,MEDIUM,0
564713,Free Bag,0.4640745108367,Hotel Night,0.3004480622133511,0.1636264486233489,MEDIUM,0
564736,Hotel Meal,0.7192881926476082,Hotel Night,0.7124464745499619,0.006841718097646332,MEDIUM,0
564737,No Cancel Fee,0.0,Exclusive Discount,-0.1247288492224758,0.1247288492224758,MEDIUM,2
564792,Free Bag,1.1885751959584556,Hotel Meal,0.6881265368363219,0.5004486591221338,HIGH,0
564822,No Cancel Fee,0.0,Exclusive Discount,-0.1247288492224758,0.1247288492224758,MEDIUM,2
564842,Hotel Night,0.7124464745499619,Exclusive Discount,0.3298858092859483,0.3825606652640136,HIGH,0
564854,Exclusive Discount,1.2821803528402802,Free Bag,1.1885751959584556,0.09360515688182458,MEDIUM,0
564962,Hotel Night,0.7124464745499619,Hotel Meal,0.6658682112568318,0.046578263293130084,MEDIUM,0
565070,Free Bag,1.1885751959584556,Hotel Night,0.7124464745499619,0.4761287214084937,HIGH,0
565076,No Cancel Fee,0.0,Exclusive Discount,-0.1247288492224758,0.1247288492224758,MEDIUM,2
565109,Free Bag,0.645199682117139,Hotel Night,0.4181618943095248,0.2270377878076142,MEDIUM,0
565114,Free Bag,1.1885751959584556,Hotel Meal,0.393426306163873,0.7951488897945826,HIGH,0
565131,Hotel Night,0.7124464745499619,Free Bag,0.4640745108367,0.24837196371326192,HIGH,0
565212,Free Bag,1.1885751959584556,Hotel Meal,0.9952914298332854,0.19328376612517018,MEDIUM,0
565240,No Cancel Fee,0.0,Exclusive Discount,-0.1247288492224758,0.1247288492224758,MEDIUM,2
565251,Hotel Night,0.7124464745499619,Hotel Meal,0.1405717275808652,0.5718747469690967,HIGH,0
565265,Hotel Meal,1.308688653992506,Hotel Night,0.7124464745499619,0.5962421794425441,HIGH,0
565275,Free Bag,1.1885751959584556,Hotel Meal,0.1116359043275283,1.0769392916309273,HIGH,0
565280,Hotel Night,0.7124464745499619,Exclusive Discount,0.1043722260160208,0.6080742485339411,HIGH,0
565294,Hotel Meal,1.718983788841107,Free Bag,0.645199682117139,1.0737841067239682,HIGH,0
565301,Hotel Meal,1.11993805307843,Hotel Night,0.7124464745499619,0.40749157852846807,HIGH,0
565348,No Cancel Fee,0.0,Exclusive Discount,-0.1247288492224758,0.1247288492224758,MEDIUM,2
565365,Free Bag,1.1885751959584556,Hotel Night,0.7124464745499619,0.4761287214084937,HIGH,0
565377,Hotel Night,0.7124464745499619,Free Bag,0.4640745108367,0.24837196371326192,HIGH,0
565387,Exclusive Discount,1.1344071774829343,Hotel Night,0.7124464745499619,0.4219607029329724,HIGH,0
565419,Free Bag,0.4640745108367,No Cancel Fee,0.0,0.4640745108367,MEDIUM,0
565459,Hotel Night,0.7124464745499619,Hotel Meal,0.1695075508342024,0.5429389237157595,HIGH,0
565460,Free Bag,1.1885751959584556,Hotel Meal,1.166680536795359,0.02189465916309663,MEDIUM,0
565464,Hotel Night,0.7124464745499619,Exclusive Discount,0.4364493576408384,0.2759971169091235,HIGH,0
565467,Hotel Meal,0.8995806298414779,Exclusive Discount,0.7194704700135026,0.1801101598279753,MEDIUM,0
565508,No Cancel Fee,0.0,Exclusive Discount,-0.1247288492224758,0.1247288492224758,MEDIUM,2
565510,Hotel Night,0.7124464745499619,Free Bag,0.4640745108367,0.24837196371326192,HIGH,0
565514,Exclusive Discount,1.188040545827597,Hotel Night,0.7124464745499619,0.4755940712776352,HIGH,0
565565,Exclusive Discount,1.0804771411373422,Hotel Meal,0.8216764903132624,0.25880065082407977,HIGH,0
565573,Hotel Meal,1.4760712623502716,Free Bag,1.1885751959584556,0.287496066391816,HIGH,0
565582,Hotel Night,0.7124464745499619,Hotel Meal,0.1183134020013753,0.5941330725485866,HIGH,0
565601,No Cancel Fee,0.0,Exclusive Discount,-0.1247288492224758,0.1247288492224758,MEDIUM,2
565718,Free Bag,1.1885751959584556,Exclusive Discount,0.8164633247107523,0.3721118712477033,HIGH,0
565755,Hotel Night,0.7124464745499619,No Cancel Fee,0.0,0.7124464745499619,HIGH,0
565764,Free Bag,1.1885751959584556,Exclusive Discount,0.8130375252224098,0.3755376707360458,HIGH,0
565768,Hotel Night,0.7124464745499619,Hotel Meal,0.6480615507932398,0.06438492375672211,MEDIUM,0
565791,Hotel Meal,0.8995806298414779,Hotel Night,0.7124464745499619,0.187134155291516,MEDIUM,0
565826,No Cancel Fee,0.0,Exclusive Discount,-0.1247288492224758,0.1247288492224758,MEDIUM,2
565827,Free Bag,1.1885751959584556,Hotel Night,0.7124464745499619,0.4761287214084937,HIGH,0
565841,Hotel Meal,0.7927406670599254,Exclusive Discount,0.5112234397936162,0.28151722726630923,HIGH,0
565902,Exclusive Discount,1.4114797831663566,Hotel Night,0.7124464745499619,0.6990333086163947,HIGH,0
565910,Hotel Night,0.0257824539889438,No Cancel Fee,0.0,0.0257824539889438,LOW,0
565912,No Cancel Fee,0.0,Free Bag,-0.9849268594068112,0.9849268594068112,MEDIUM,2
565935,Hotel Night,0.7124464745499619,Exclusive Discount,0.3034315484572548,0.4090149260927071,HIGH,0
565949,Hotel Meal,1.387037960032311,Free Bag,1.1885751959584556,0.19846276407385544,MEDIUM,0
566002,No Cancel Fee,0.0,Exclusive Discount,-0.1247288492224758,0.1247288492224758,MEDIUM,2
566008,Hotel Meal,1.018440088435955,Hotel Night,0.7124464745499619,0.3059936138859931,HIGH,0
566032,Free Bag,4.4488282790063565,Exclusive Discount,1.399121542167071,3.049706736839285,HIGH,0
566044,No Cancel Fee,0.0,Exclusive Discount,-0.1247288492224758,0.1247288492224758,MEDIUM,2
566059,Hotel Night,0.7124464745499619,Free Bag,0.1018241682758222,0.6106223062741397,HIGH,0
566061,Hotel Night,0.7124464745499619,Free Bag,0.4640745108367,0.24837196371326192,HIGH,0
566096,Hotel Meal,0.5701574112650243,Hotel Night,0.0257824539889438,0.5443749572760805,MEDIUM,0
566097,No Cancel Fee,0.0,Exclusive Discount,-0.1247288492224758,0.1247288492224758,MEDIUM,2
566152,Hotel Night,0.3004480622133511,No Cancel Fee,0.0,0.3004480622133511,MEDIUM,0
566173,Hotel Meal,0.9552264437902028,Hotel Night,0.0257824539889438,0.929443989801259,HIGH,0
566174,Hotel Night,0.7124464745499619,Exclusive Discount,0.6156135237908222,0.09683295075913967,MEDIUM,0
566196,Exclusive Discount,1.2705064863413993,Hotel Night,0.7124464745499619,0.5580600117914374,HIGH,0
566275,Free Bag,3.3620772513237225,Hotel Meal,0.7949664996178744,2.5671107517058482,HIGH,0
566279,Hotel Night,0.7124464745499619,Exclusive Discount,0.2311725989824301,0.4812738755675318,HIGH,0
566336,Hotel Meal,1.0237820865750324,Hotel Night,0.7124464745499619,0.31133561202507054,HIGH,0
566338,Hotel Night,0.7124464745499619,No Cancel Fee,0.0,0.7124464745499619,HIGH,0
566366,Hotel Meal,0.5501249182434833,Hotel Night,0.3004480622133511,0.24967685603013223,MEDIUM,0
566424,Hotel Meal,0.5278665926639933,Hotel Night,0.0257824539889438,0.5020841386750494,MEDIUM,0
566432,Free Bag,1.1885751959584556,Hotel Meal,0.5679315787070753,0.6206436172513803,HIGH,0
566455,Hotel Night,0.7124464745499619,Free Bag,0.4640745108367,0.24837196371326192,HIGH,0
566456,No Cancel Fee,0.0,Exclusive Discount,-0.1247288492224758,0.1247288492224758,MEDIUM,2
566489,Free Bag,1.1885751959584556,Hotel Night,0.3004480622133511,0.8881271337451045,HIGH,0
566533,Hotel Night,0.7124464745499619,Hotel Meal,0.318638332216786,0.3938081423331759,HIGH,0
566547,Exclusive Discount,0.9169409045972952,Hotel Night,0.7124464745499619,0.20449443004733325,HIGH,0
566592,No Cancel Fee,0.0,Exclusive Discount,-0.1247288492224758,0.1247288492224758,MEDIUM,2
566614,Free Bag,1.1885751959584556,Hotel Meal,0.7415465182270983,0.44702867773135735,HIGH,0
566625,Hotel Meal,1.3276824251536703,Exclusive Discount,0.3734349801307519,0.9542474450229184,HIGH,0
566626,Exclusive Discount,0.7533283912374897,Hotel Night,0.7124464745499619,0.04088191668752783,MEDIUM,0
566650,Exclusive Discount,1.3034452953288551,Free Bag,1.1885751959584556,0.11487009937039949,MEDIUM,0
566682,Hotel Night,0.3004480622133511,No Cancel Fee,0.0,0.3004480622133511,MEDIUM,0
566702,Hotel Night,0.7124464745499619,Free Bag,0.1018241682758222,0.6106223062741397,HIGH,0
566726,Free Bag,1.1885751959584556,Hotel Night,0.7124464745499619,0.4761287214084937,HIGH,0
566735,Hotel Meal,0.7905148345019763,Hotel Night,0.7124464745499619,0.07806835995201444,MEDIUM,0
566749,No Cancel Fee,0.0,Exclusive Discount,-0.1247288492224758,0.1247288492224758,MEDIUM,2
566762,Hotel Meal,0.8261281554291608,Hotel Night,0.7124464745499619,0.11368168087919894,MEDIUM,0
566770,Hotel Meal,1.3336179786415343,Exclusive Discount,0.1233099515395514,1.2103080271019828,HIGH,1
566787,Free Bag,1.1885751959584556,Hotel Night,0.7124464745499619,0.4761287214084937,HIGH,0
566815,Hotel Meal,0.9062581275153248,Hotel Night,0.3004480622133511,0.6058100653019737,HIGH,0
566861,Free Bag,0.645199682117139,Hotel Meal,0.6391582205614433,0.006041461555695626,MEDIUM,0
566875,Free Bag,1.1885751959584556,Hotel Meal,1.0843247321512457,0.10425046380720993,MEDIUM,0
566881,Free Bag,1.1885751959584556,Hotel Meal,0.745998183342996,0.4425770126154597,HIGH,0
566953,Free Bag,1.1885751959584556,Hotel Night,0.7124464745499619,0.4761287214084937,HIGH,0
566964,Hotel Night,0.7124464745499619,Exclusive Discount,0.5512547972011294,0.16119167734883255,MEDIUM,0
566992,Free Bag,1.1885751959584556,Hotel Meal,1.146648043773818,0.041927152184637606,MEDIUM,0
566996,Free Bag,1.1885751959584556,No Cancel Fee,0.0,1.1885751959584556,HIGH,2
566998,Hotel Night,0.7124464745499619,No Cancel Fee,0.0,0.7124464745499619,HIGH,0
566999,No Cancel Fee,0.0,Exclusive Discount,-0.3058159622085255,0.3058159622085255,MEDIUM,2
567061,Free Bag,1.1885751959584556,Hotel Night,0.7124464745499619,0.4761287214084937,HIGH,0
567114,No Cancel Fee,0.0,Exclusive Discount,-0.1247288492224758,0.1247288492224758,MEDIUM,2
567172,Exclusive Discount,1.571247591627569,Free Bag,1.1885751959584556,0.3826723956691134,HIGH,0
567195,Exclusive Discount,0.914494412274162,Hotel Meal,0.4744466112732168,0.44004780100094515,HIGH,0
567211,Hotel Night,0.7124464745499619,Exclusive Discount,0.2973094559738322,0.4151370185761297,HIGH,0
567219,Exclusive Discount,1.061627023100305,Hotel Night,0.7124464745499619,0.3491805485503432,HIGH,0
567243,Free Bag,1.1885751959584556,Hotel Night,0.7124464745499619,0.4761287214084937,HIGH,0
567245,No Cancel Fee,0.0,Exclusive Discount,-0.1247288492224758,0.1247288492224758,MEDIUM,2
567256,Free Bag,1.1885751959584556,Hotel Night,0.7124464745499619,0.4761287214084937,HIGH,0
567342,Hotel Meal,1.153325541447665,Exclusive Discount,1.0418489223159753,0.11147661913168982,MEDIUM,1
567390,No Cancel Fee,0.0,Exclusive Discount,-0.1247288492224758,0.1247288492224758,MEDIUM,2
567431,Exclusive Discount,2.146072222736404,Hotel Night,0.7124464745499619,1.4336257481864423,HIGH,0
567432,Hotel Meal,1.155551374005614,Hotel Night,0.7124464745499619,0.4431048994556521,HIGH,0
567448,Exclusive Discount,0.4073046765063621,Hotel Night,0.0257824539889438,0.3815222225174183,MEDIUM,0
567478,Free Bag,1.1885751959584556,Hotel Night,0.7124464745499619,0.4761287214084937,HIGH,0
567518,Exclusive Discount,1.343354641365328,Hotel Night,0.7124464745499619,0.630908166815366,HIGH,0
567547,Free Bag,1.1885751959584556,No Cancel Fee,0.0,1.1885751959584556,HIGH,2
567548,Free Bag,1.1885751959584556,Hotel Night,0.7124464745499619,0.4761287214084937,HIGH,0
567558,Hotel Meal,0.4744466112732168,Hotel Night,0.0257824539889438,0.448664157284273,MEDIUM,0
567563,Free Bag,1.1885751959584556,Exclusive Discount,0.0817061210828005,1.1068690748756551,HIGH,0
567589,Hotel Meal,1.2601655042292177,Exclusive Discount,1.2545632102852529,0.005602293943964831,MEDIUM,1
567643,Hotel Meal,0.7816115042701803,Hotel Night,0.0257824539889438,0.7558290502812366,HIGH,0
567651,Hotel Night,0.7124464745499619,Hotel Meal,0.4907693833648428,0.22167709118511908,HIGH,0
567682,Hotel Night,0.3004480622133511,No Cancel Fee,0.0,0.3004480622133511,MEDIUM,0
567778,Hotel Night,0.7124464745499619,Hotel Meal,0.4254782949983383,0.2869681795516236,HIGH,0
567824,No Cancel Fee,0.0,Exclusive Discount,-0.1247288492224758,0.1247288492224758,MEDIUM,2
567849,Hotel Meal,0.7459981833429963,Hotel Night,0.7124464745499619,0.033551708793034374,MEDIUM,0
567885,Free Bag,2.2753262236410894,Hotel Meal,0.7927406670599254,1.482585556581164,HIGH,0
567906,Hotel Night,0.3004480622133511,Exclusive Discount,0.0471478464734474,0.2533002157399037,MEDIUM,0
567943,No Cancel Fee,0.0,Exclusive Discount,-0.1247288492224758,0.1247288492224758,MEDIUM,2
567950,Hotel Night,0.7124464745499619,Exclusive Discount,0.7077450847609974,0.004701389788964505,MEDIUM,0
567961,Free Bag,0.1018241682758222,Hotel Night,0.0257824539889438,0.0760417142868784,LOW,0
568004,Hotel Night,0.7124464745499619,Free Bag,0.4640745108367,0.24837196371326192,HIGH,0
568013,Exclusive Discount,0.8127183339800502,Hotel Night,0.7124464745499619,0.10027185943008832,MEDIUM,0
568060,Hotel Meal,0.959678108906101,Hotel Night,0.3004480622133511,0.6592300466927499,HIGH,0
568064,Free Bag,1.1885751959584556,Hotel Night,0.7124464745499619,0.4761287214084937,HIGH,0
568078,Free Bag,0.1018241682758222,Hotel Night,0.0257824539889438,0.0760417142868784,LOW,0
568086,Hotel Night,0.7124464745499619,No Cancel Fee,0.0,0.7124464745499619,HIGH,0
568093,Hotel Night,0.7124464745499619,Exclusive Discount,0.4846832375798754,0.2277632369700865,HIGH,0
568101,Hotel Night,0.4181618943095248,Hotel Meal,0.1338942299070182,0.2842676644025066,MEDIUM,0
568105,Exclusive Discount,1.0080580205245884,Hotel Night,0.7124464745499619,0.29561154597462647,HIGH,0
568121,Hotel Night,0.7124464745499619,Exclusive Discount,0.6404168745777764,0.0720295999721855,MEDIUM,0
568155,No Cancel Fee,0.0,Exclusive Discount,-0.1247288492224758,0.1247288492224758,MEDIUM,2
568167,Hotel Meal,1.11993805307843,Hotel Night,0.3004480622133511,0.8194899908650789,HIGH,0
568182,Free Bag,1.1885751959584556,Hotel Meal,0.5278665926639933,0.6607086032944623,HIGH,0
568258,Hotel Meal,2.081497718112402,Exclusive Discount,0.7034398278193963,1.3780578902930058,HIGH,1
568325,Free Bag,1.1885751959584556,Hotel Night,0.7124464745499619,0.4761287214084937,HIGH,0
568371,Exclusive Discount,2.140088898464746,Hotel Night,0.7124464745499619,1.4276424239147842,HIGH,0
568385,Hotel Night,0.7124464745499619,Hotel Meal,0.6035448996342594,0.10890157491570251,MEDIUM,0
568416,Hotel Night,0.7124464745499619,No Cancel Fee,0.0,0.7124464745499619,HIGH,0
568463,Exclusive Discount,0.8995409694060336,Hotel Night,0.7124464745499619,0.18709449485607166,MEDIUM,0
568486,Hotel Night,0.7124464745499619,Hotel Meal,0.5679315787070749,0.14451489584288701,MEDIUM,0
568513,Hotel Meal,1.942605766496384,Exclusive Discount,1.3609203542698969,0.5816854122264872,HIGH,1
568536,No Cancel Fee,0.0,Exclusive Discount,-0.1247288492224758,0.1247288492224758,MEDIUM,2
568602,Free Bag,1.1885751959584556,Hotel Night,0.7124464745499619,0.4761287214084937,HIGH,0
568605,Exclusive Discount,1.563171559354299,Hotel Night,0.7124464745499619,0.8507250848043371,HIGH,0
568641,Exclusive Discount,2.0314127749690565,Free Bag,1.1885751959584556,0.8428375790106009,HIGH,0
568696,Exclusive Discount,0.80532013904352,Free Bag,0.4640745108367,0.34124562820682,HIGH,0
568713,Hotel Meal,0.8706448065881405,Exclusive Discount,0.4310727271525984,0.43957207943554205,HIGH,0
568716,Free Bag,1.1885751959584556,Exclusive Discount,0.6369751210253843,0.5516000749330713,HIGH,0
568773,Exclusive Discount,1.4459890354655205,Hotel Night,0.7124464745499619,0.7335425609155586,HIGH,0
568790,Hotel Night,0.7124464745499619,Free Bag,0.4640745108367,0.24837196371326192,HIGH,0
568917,No Cancel Fee,0.0,Exclusive Discount,-0.1247288492224758,0.1247288492224758,MEDIUM,2
568931,Hotel Meal,0.7192881926476082,Hotel Night,0.4181618943095248,0.30112629833808346,HIGH,0
568970,Exclusive Discount,0.7582646755477486,Free Bag,0.1018241682758222,0.6564405072719264,HIGH,2
568984,No Cancel Fee,0.0,Exclusive Discount,-0.1247288492224758,0.1247288492224758,MEDIUM,2
569031,Exclusive Discount,0.741059153026841,Hotel Night,0.7124464745499619,0.028612678476879094,MEDIUM,0
569082,Exclusive Discount,1.2051428953323864,Hotel Meal,0.2117983694352334,0.9933445258971529,HIGH,0
569107,No Cancel Fee,0.0,Exclusive Discount,-0.1247288492224758,0.1247288492224758,MEDIUM,2
569150,Exclusive Discount,1.569283190442195,Hotel Meal,1.0398080809922654,0.5294751094499297,HIGH,0
569170,Free Bag,1.9130758810802115,Hotel Meal,1.4404579414230871,0.4726179396571244,HIGH,0
569180,Free Bag,2.2753262236410894,Hotel Meal,0.3720583136075627,1.9032679100335268,HIGH,0
569203,Hotel Night,0.7124464745499619,Exclusive Discount,0.148686535902767,0.5637599386471949,HIGH,0
569236,Exclusive Discount,1.314330252249656,Free Bag,1.1885751959584556,0.12575505629120043,MEDIUM,0
569239,Free Bag,1.1885751959584556,Hotel Night,0.7124464745499619,0.4761287214084937,HIGH,0
569243,Hotel Night,0.7124464745499619,Hotel Meal,0.2251533647829279,0.487293109767034,HIGH,0
569300,Exclusive Discount,0.9894902032365944,Hotel Meal,0.3141866671008882,0.6753035361357063,HIGH,0
569335,No Cancel Fee,0.0,Exclusive Discount,-0.1247288492224758,0.1247288492224758,MEDIUM,2
569342,Free Bag,0.4640745108367,No Cancel Fee,0.0,0.4640745108367,MEDIUM,0
569364,Exclusive Discount,1.8231659602549577,Hotel Night,0.7124464745499619,1.1107194857049958,HIGH,0
569458,Exclusive Discount,1.5408717735637758,Free Bag,1.1885751959584556,0.3522965776053202,HIGH,0
569466,Exclusive Discount,1.1019118418085432,Hotel Night,0.7124464745499619,0.3894653672585813,HIGH,0
569472,Hotel Night,0.7124464745499619,No Cancel Fee,0.0,0.7124464745499619,HIGH,0
569530,Hotel Night,0.7124464745499619,Free Bag,0.1018241682758222,0.6106223062741397,HIGH,0
569534,Exclusive Discount,0.274525801740386,Free Bag,0.1018241682758222,0.1727016334645638,MEDIUM,0
569572,Hotel Night,0.7124464745499619,Exclusive Discount,0.5300289962622429,0.18241747828771904,MEDIUM,0
569643,No Cancel Fee,0.0,Exclusive Discount,-0.1247288492224758,0.1247288492224758,MEDIUM,2
569733,Exclusive Discount,0.9110350092545334,Hotel Meal,0.7192881926476082,0.19174681660692516,MEDIUM,0
569754,Exclusive Discount,1.223081161438031,Free Bag,0.3191743738123488,0.9039067876256822,HIGH,0
569779,Hotel Night,0.7124464745499619,No Cancel Fee,0.0,0.7124464745499619,HIGH,0
569788,Exclusive Discount,0.9527491875293717,Hotel Night,0.7124464745499619,0.24030271297940975,HIGH,0
569792,Exclusive Discount,1.182601426785702,Hotel Night,0.7124464745499619,0.47015495223574,HIGH,0
569817,Exclusive Discount,1.8551358015993973,Free Bag,1.1885751959584556,0.6665606056409417,HIGH,0
569829,Hotel Meal,1.1907195284212084,Free Bag,1.1885751959584556,0.002144332462752807,MEDIUM,0
569832,Free Bag,1.1885751959584556,Hotel Night,0.7124464745499619,0.4761287214084937,HIGH,0
569863,Hotel Meal,1.3046821553881975,Hotel Night,0.5251744689424108,0.7795076864457867,HIGH,0
569883,Exclusive Discount,1.163129820265395,Hotel Night,0.7124464745499619,0.4506833457154331,HIGH,0
569920,Hotel Night,0.7124464745499619,Exclusive Discount,0.5564667755066045,0.1559796990433574,MEDIUM,0
569923,No Cancel Fee,0.0,Free Bag,-0.9849268594068112,0.9849268594068112,MEDIUM,2
570021,Free Bag,1.1885751959584556,Hotel Night,0.7124464745499619,0.4761287214084937,HIGH,0
570076,Exclusive Discount,0.895815550333495,Hotel Night,0.7124464745499619,0.18336907578353312,MEDIUM,0
570144,Free Bag,1.1885751959584556,Exclusive Discount,1.1398898136467104,0.04868538231174524,MEDIUM,0
570162,Hotel Night,0.7124464745499619,Exclusive Discount,0.5095261830789868,0.20292029147097512,HIGH,0
570215,Hotel Night,0.3004480622133511,No Cancel Fee,0.0,0.3004480622133511,MEDIUM,0
570219,Exclusive Discount,0.7942711095394236,Free Bag,0.645199682117139,0.14907142742228463,MEDIUM,0
570224,Hotel Night,0.7124464745499619,Exclusive Discount,0.282638807664551,0.4298076668854109,HIGH,0
570226,Hotel Meal,0.9062581275153252,Hotel Night,0.7124464745499619,0.1938116529653633,MEDIUM,0
570242,No Cancel Fee,0.0,Exclusive Discount,-0.1247288492224758,0.1247288492224758,MEDIUM,2
570279,Exclusive Discount,1.9428822935221328,Hotel Night,0.7124464745499619,1.230435818972171,HIGH,0
570291,Exclusive Discount,1.509559892471411,Free Bag,1.1885751959584556,0.32098469651295547,HIGH,0
570329,No Cancel Fee,0.0,Exclusive Discount,-0.1247288492224758,0.1247288492224758,MEDIUM,2
570330,Free Bag,0.1018241682758222,No Cancel Fee,0.0,0.1018241682758222,MEDIUM,2
570346,Hotel Meal,1.1644547042374096,Exclusive Discount,0.464013449233112,0.7004412550042975,HIGH,0
570369,Hotel Meal,0.6769973740465768,Free Bag,0.4640745108367,0.2129228632098768,MEDIUM,0
570418,Hotel Night,0.7124464745499619,Free Bag,0.4640745108367,0.24837196371326192,HIGH,0
570436,Exclusive Discount,1.3702567357018154,Hotel Night,0.7124464745499619,0.6578102611518535,HIGH,0
570439,Hotel Night,0.7124464745499619,Hotel Meal,0.276347513615755,0.4360989609342069,HIGH,0
570600,No Cancel Fee,0.0,Exclusive Discount,-0.1247288492224758,0.1247288492224758,MEDIUM,2
570601,Free Bag,1.1885751959584556,Exclusive Discount,0.578075355724275,0.6104998402341806,HIGH,0
570625,No Cancel Fee,0.0,Exclusive Discount,-0.1247288492224758,0.1247288492224758,MEDIUM,2
570626,Hotel Meal,0.7727081740383843,Hotel Night,0.7124464745499619,0.060261699488422416,MEDIUM,0
570631,Hotel Night,0.7124464745499619,No Cancel Fee,0.0,0.7124464745499619,HIGH,0
570639,Hotel Night,0.3004480622133511,No Cancel Fee,0.0,0.3004480622133511,MEDIUM,0
570654,Hotel Night,0.7124464745499619,No Cancel Fee,0.0,0.7124464745499619,HIGH,0
570666,Free Bag,1.1885751959584556,Hotel Meal,0.7927406670599254,0.3958345288985302,HIGH,0
570683,Free Bag,1.1885751959584556,Hotel Night,0.7124464745499619,0.4761287214084937,HIGH,0
570692,Exclusive Discount,0.7311673305498051,Hotel Night,0.7124464745499619,0.01872085599984319,MEDIUM,0
570693,Hotel Meal,0.7459981833429963,Free Bag,0.1018241682758222,0.6441740150671741,HIGH,0
570713,Free Bag,1.1885751959584556,Hotel Night,0.7124464745499619,0.4761287214084937,HIGH,0
570746,Free Bag,1.1885751959584556,Hotel Night,0.0257824539889438,1.1627927419695119,HIGH,0
570750,Exclusive Discount,1.5709529548399126,Free Bag,1.1885751959584556,0.382377758881457,HIGH,2
570782,Hotel Night,0.7124464745499619,Hotel Meal,0.6836748717204243,0.028771602829537613,MEDIUM,0
570821,Hotel Night,0.7124464745499619,Free Bag,0.4640745108367,0.24837196371326192,HIGH,0
570829,Hotel Night,0.7124464745499619,Exclusive Discount,0.4854648623526031,0.2269816121973588,HIGH,0
570837,Hotel Meal,0.5323182577798908,Hotel Night,0.4181618943095248,0.11415636347036606,MEDIUM,0
570862,No Cancel Fee,0.0,Exclusive Discount,-0.1247288492224758,0.1247288492224758,MEDIUM,2
570928,Free Bag,1.1885751959584556,Hotel Night,0.7124464745499619,0.4761287214084937,HIGH,0
570945,Hotel Night,0.7124464745499619,No Cancel Fee,0.0,0.7124464745499619,HIGH,0
570961,Hotel Meal,1.217874685628186,No Cancel Fee,0.0,1.217874685628186,HIGH,1
570988,Hotel Night,0.7124464745499619,No Cancel Fee,0.0,0.7124464745499619,HIGH,0
571015,Hotel Meal,1.5272654111830986,Hotel Night,0.7124464745499619,0.8148189366331366,HIGH,0
571084,Hotel Meal,1.407070453053852,No Cancel Fee,0.0,1.407070453053852,HIGH,0
571200,Hotel Meal,1.2410233442308565,Free Bag,1.1885751959584556,0.05244814827240085,MEDIUM,0
571208,No Cancel Fee,0.0,Exclusive Discount,-0.1247288492224758,0.1247288492224758,MEDIUM,2
571233,Free Bag,1.1885751959584556,Hotel Night,0.7124464745499619,0.4761287214084937,HIGH,0
571243,Free Bag,1.1885751959584556,No Cancel Fee,0.0,1.1885751959584556,HIGH,2
571251,Hotel Night,0.7124464745499619,No Cancel Fee,0.0,0.7124464745499619,HIGH,0
571300,Hotel Night,0.7124464745499619,Hotel Meal,0.1405717275808652,0.5718747469690967,HIGH,0
571348,Hotel Meal,0.5145115973162988,Hotel Night,0.0257824539889438,0.488729143327355,MEDIUM,0
571363,Free Bag,1.1885751959584556,Hotel Meal,0.9418714484425088,0.24670374751594681,HIGH,0
571429,Free Bag,1.1885751959584556,Hotel Night,0.7124464745499619,0.4761287214084937,HIGH,0
571454,Exclusive Discount,1.0487594752732547,Hotel Night,0.7124464745499619,0.33631300072329284,HIGH,0
571523,Hotel Night,0.3004480622133511,Exclusive Discount,0.2552485786458308,0.04519948356752029,LOW,0
571525,Exclusive Discount,0.9896468478738176,Hotel Meal,0.8706448065881405,0.11900204128567715,MEDIUM,0
571553,Hotel Meal,0.9863880996014894,Hotel Night,0.7124464745499619,0.2739416250515275,HIGH,0
571560,Free Bag,0.4640745108367,Hotel Night,0.3004480622133511,0.1636264486233489,MEDIUM,0
571561,No Cancel Fee,0.0,Exclusive Discount,-0.1247288492224758,0.1247288492224758,MEDIUM,2
571566,Free Bag,1.1885751959584556,Hotel Meal,1.1306220493565848,0.057953146601870786,MEDIUM,0
571580,Exclusive Discount,0.9937796218983328,No Cancel Fee,0.0,0.9937796218983328,HIGH,2
571637,Free Bag,1.1885751959584556,Hotel Meal,0.8528381461245489,0.33573704983390673,HIGH,0
571639,Free Bag,1.1885751959584556,Exclusive Discount,0.0845442525682806,1.104030943390175,HIGH,0
571643,Hotel Night,0.7124464745499619,Free Bag,0.4640745108367,0.24837196371326192,HIGH,0
571757,No Cancel Fee,0.0,Exclusive Discount,-0.1247288492224758,0.1247288492224758,MEDIUM,2
571819,Hotel Night,0.7124464745499619,Exclusive Discount,0.3353702702917291,0.3770762042582328,HIGH,0
571864,Exclusive Discount,1.1209054976146118,Hotel Night,0.7124464745499619,0.4084590230646499,HIGH,0
571876,Hotel Meal,1.5383945739728435,No Cancel Fee,0.0,1.5383945739728435,HIGH,1
571888,Hotel Meal,1.2801979972507584,Hotel Night,0.7124464745499619,0.5677515227007965,HIGH,0
571913,Hotel Night,0.7124464745499619,No Cancel Fee,0.0,0.7124464745499619,HIGH,0
571940,Hotel Meal,2.03401329020949,No Cancel Fee,0.0,2.03401329020949,HIGH,1
572106,No Cancel Fee,0.0,Exclusive Discount,-0.1247288492224758,0.1247288492224758,MEDIUM,2
572133,Hotel Meal,1.5806853925738746,Exclusive Discount,1.4479398357118705,0.13274555686200418,MEDIUM,1
572154,Exclusive Discount,1.41893334189788,Hotel Meal,0.93964561588456,0.47928772601332004,HIGH,1
572176,Exclusive Discount,1.706446389010367,Hotel Night,0.7124464745499619,0.993999914460405,HIGH,0
572214,No Cancel Fee,0.0,Exclusive Discount,-0.1247288492224758,0.1247288492224758,MEDIUM,2
572290,Hotel Meal,1.600717885595416,Hotel Night,0.7124464745499619,0.8882714110454542,HIGH,0
572396,Hotel Night,0.3004480622133511,No Cancel Fee,0.0,0.3004480622133511,MEDIUM,0
572397,No Cancel Fee,0.0,Exclusive Discount,-0.1247288492224758,0.1247288492224758,MEDIUM,2
572428,Exclusive Discount,1.0062633131569103,Hotel Night,0.7124464745499619,0.2938168386069484,HIGH,0
572479,Exclusive Discount,1.0898353090525994,Hotel Meal,0.7994181647337724,0.29041714431882704,HIGH,0
572489,No Cancel Fee,0.0,Exclusive Discount,-0.4425381220749707,0.4425381220749707,MEDIUM,2
572502,Free Bag,1.1885751959584556,Hotel Night,0.7124464745499619,0.4761287214084937,HIGH,0
572529,Exclusive Discount,1.3621052052795173,Hotel Night,0.7124464745499619,0.6496587307295554,HIGH,0
572538,Hotel Night,0.7124464745499619,Exclusive Discount,0.6603328295391504,0.052113645010811505,MEDIUM,0
572554,Hotel Meal,1.7569713311634363,Free Bag,0.7538747848854024,1.003096546278034,HIGH,0
572578,Exclusive Discount,1.1447794826555269,Hotel Night,0.7124464745499619,0.43233300810556496,HIGH,0
572591,No Cancel Fee,0.0,Exclusive Discount,-0.1247288492224758,0.1247288492224758,MEDIUM,2
572609,Hotel Night,0.7124464745499619,Exclusive Discount,0.5608335532561816,0.15161292129378034,MEDIUM,0
572632,Hotel Night,0.7124464745499619,Exclusive Discount,0.5515459343983046,0.16090054015165733,MEDIUM,0
572669,Hotel Night,0.7124464745499619,Exclusive Discount,0.2067568032781464,0.5056896712718155,HIGH,0
572728,Hotel Meal,0.9507747786743044,Exclusive Discount,0.6357264818033473,0.31504829687095703,HIGH,0
572744,Hotel Meal,1.0487114112240614,Hotel Night,0.3004480622133511,0.7482633490107103,HIGH,0
572826,Hotel Meal,0.4744466112732168,Hotel Night,0.0257824539889438,0.448664157284273,MEDIUM,0
572870,No Cancel Fee,0.0,Exclusive Discount,-0.1247288492224758,0.1247288492224758,MEDIUM,2
572898,Exclusive Discount,2.133602866791706,Hotel Night,0.7124464745499619,1.4211563922417443,HIGH,0
572908,Hotel Meal,0.7994181647337724,Free Bag,0.7538747848854024,0.04554337984836998,MEDIUM,0
572932,No Cancel Fee,0.0,Exclusive Discount,-0.1247288492224758,0.1247288492224758,MEDIUM,2
572992,Free Bag,1.1885751959584556,Hotel Night,0.7124464745499619,0.4761287214084937,HIGH,0
573010,Free Bag,1.1885751959584556,Hotel Night,0.7124464745499619,0.4761287214084937,HIGH,0
573011,No Cancel Fee,0.0,Exclusive Discount,-0.1247288492224758,0.1247288492224758,MEDIUM,2
573040,Hotel Night,0.7124464745499619,Hotel Meal,0.1695075508342024,0.5429389237157595,HIGH,0
573086,Free Bag,1.1885751959584556,Hotel Night,0.7124464745499619,0.4761287214084937,HIGH,0
573122,Exclusive Discount,0.8591919782950572,Hotel Meal,0.7727081740383843,0.0864838042566729,MEDIUM,0
573147,Free Bag,1.9130758810802115,Hotel Meal,1.2356813460917784,0.6773945349884332,HIGH,0
573153,Free Bag,0.4640745108367,Hotel Night,0.3004480622133511,0.1636264486233489,MEDIUM,0
573189,Free Bag,1.1885751959584556,Hotel Meal,0.9062581275153244,0.2823170684431312,HIGH,0
573191,Hotel Night,0.7124464745499619,Hotel Meal,0.1405717275808652,0.5718747469690967,HIGH,0
573237,Free Bag,1.1885751959584556,Hotel Night,0.7124464745499619,0.4761287214084937,HIGH,0
573244,Hotel Night,0.7124464745499619,Free Bag,0.4640745108367,0.24837196371326192,HIGH,0
573249,Hotel Night,0.7124464745499619,No Cancel Fee,0.0,0.7124464745499619,HIGH,0
573291,Hotel Meal,0.8261281554291608,Exclusive Discount,0.6807390478742298,0.14538910755493106,MEDIUM,0
573365,No Cancel Fee,0.0,Free Bag,-0.9849268594068112,0.9849268594068112,MEDIUM,0
573373,Exclusive Discount,1.184209512667325,Free Bag,0.1018241682758222,1.0823853443915028,HIGH,0
573378,Hotel Meal,0.8973547972835293,Hotel Night,0.7124464745499619,0.1849083227335674,MEDIUM,0
573379,Hotel Meal,0.7994181647337724,Hotel Night,0.3004480622133511,0.4989701025204213,HIGH,0
573420,Exclusive Discount,0.835870645396999,Hotel Meal,0.4610916159255223,0.3747790294714767,HIGH,0
573423,No Cancel Fee,0.0,Exclusive Discount,-0.1247288492224758,0.1247288492224758,MEDIUM,2
573427,Free Bag,3.3620772513237225,Hotel Night,0.7124464745499619,2.6496307767737606,HIGH,0
573493,Exclusive Discount,0.7828874105442903,Hotel Night,0.7124464745499619,0.07044093599432844,MEDIUM,0
573518,Hotel Night,0.0257824539889438,No Cancel Fee,0.0,0.0257824539889438,LOW,0
573564,Exclusive Discount,0.9645951426806032,Hotel Meal,0.5790607414968203,0.3855344011837829,HIGH,0
573584,Exclusive Discount,1.3641402016857878,Hotel Night,0.7124464745499619,0.6516937271358259,HIGH,0
573588,Hotel Night,0.7124464745499619,Hotel Meal,0.6658682112568318,0.046578263293130084,MEDIUM,0
573621,Exclusive Discount,0.8211022404615015,Hotel Night,0.7124464745499619,0.10865576591153958,MEDIUM,0
573648,Hotel Night,0.3004480622133511,No Cancel Fee,0.0,0.3004480622133511,MEDIUM,0
573670,Hotel Meal,2.8569777813018384,Free Bag,0.4640745108367,2.3929032704651383,HIGH,0
573698,Free Bag,0.1018241682758222,Hotel Night,0.0257824539889438,0.0760417142868784,LOW,0
573704,Hotel Meal,1.393715457706158,Hotel Night,0.7124464745499619,0.681268983156196,HIGH,0
573719,No Cancel Fee,0.0,Free Bag,-0.9849268594068112,0.9849268594068112,MEDIUM,2
573720,Hotel Night,0.7124464745499619,Hotel Meal,0.3119608345429392,0.4004856400070227,HIGH,0
573792,Free Bag,3.3620772513237225,Hotel Night,0.7124464745499619,2.6496307767737606,HIGH,0
573807,Hotel Night,0.7124464745499619,Free Bag,0.1018241682758222,0.6106223062741397,HIGH,0
573841,Hotel Night,0.7124464745499619,No Cancel Fee,0.0,0.7124464745499619,HIGH,0
573922,Exclusive Discount,1.4601832555535423,Hotel Night,0.7124464745499619,0.7477367810035804,HIGH,0
573926,No Cancel Fee,0.0,Exclusive Discount,-0.1247288492224758,0.1247288492224758,MEDIUM,2
573939,Free Bag,1.1885751959584556,Hotel Meal,1.155551374005614,0.03302382195284159,MEDIUM,0
573946,Hotel Night,0.7124464745499619,Exclusive Discount,0.1096382564354292,0.6028082181145327,HIGH,0
573988,Hotel Night,0.7124464745499619,Exclusive Discount,0.5991789429246971,0.11326753162526482,MEDIUM,0
574003,Free Bag,0.4640745108367,Hotel Night,0.3004480622133511,0.1636264486233489,MEDIUM,0
574071,Hotel Meal,0.7727081740383843,Hotel Night,0.7124464745499619,0.060261699488422416,MEDIUM,0
574104,Exclusive Discount,1.0604274983616022,Hotel Meal,0.7459981833429963,0.31442931501860594,HIGH,0
574116,No Cancel Fee,0.0,Exclusive Discount,-0.1247288492224758,0.1247288492224758,MEDIUM,2
574134,Exclusive Discount,0.4037299147270813,Free Bag,0.1018241682758222,0.3019057464512591,MEDIUM,0
574150,Free Bag,0.1018241682758222,Hotel Night,0.0257824539889438,0.0760417142868784,LOW,0
574206,Hotel Meal,0.3676066484916642,Hotel Night,0.0257824539889438,0.3418241945027204,MEDIUM,0
574279,Free Bag,2.2753262236410894,Exclusive Discount,0.735075204887245,1.5402510187538443,HIGH,0
574362,No Cancel Fee,0.0,Exclusive Discount,-0.1247288492224758,0.1247288492224758,MEDIUM,2
574409,Hotel Night,0.7124464745499619,No Cancel Fee,0.0,0.7124464745499619,HIGH,0
574419,Exclusive Discount,0.8842027365879316,Hotel Night,0.7124464745499619,0.17175626203796968,MEDIUM,0
574440,Free Bag,1.1885751959584556,Hotel Night,0.7124464745499619,0.4761287214084937,HIGH,0
574465,Hotel Night,0.7124464745499619,Hotel Meal,0.0515384252629049,0.660908049287057,HIGH,0
574467,Hotel Night,0.3004480622133511,No Cancel Fee,0.0,0.3004480622133511,MEDIUM,0
574489,Free Bag,1.1885751959584556,Hotel Night,0.7124464745499619,0.4761287214084937,HIGH,0
574493,Exclusive Discount,1.0460628160245715,Hotel Night,0.7124464745499619,0.3336163414746096,HIGH,0
574513,Free Bag,0.1018241682758222,Hotel Night,0.0257824539889438,0.0760417142868784,LOW,0
574603,Hotel Meal,1.0487114112240614,Hotel Night,0.3004480622133511,0.7482633490107103,HIGH,0
574625,Hotel Meal,0.5612540810332283,Hotel Night,0.4181618943095248,0.1430921867237035,MEDIUM,0
574680,Free Bag,1.1885751959584556,Hotel Meal,0.5278665926639933,0.6607086032944623,HIGH,0
574794,Free Bag,1.1885751959584556,No Cancel Fee,0.0,1.1885751959584556,HIGH,2
574840,Free Bag,1.1885751959584556,Hotel Night,0.3004480622133511,0.8881271337451045,HIGH,0
574885,Exclusive Discount,1.5286141017048,Hotel Night,0.7124464745499619,0.8161676271548381,HIGH,0
574909,Free Bag,1.1885751959584556,Hotel Night,0.7124464745499619,0.4761287214084937,HIGH,0
574987,Exclusive Discount,2.0692432938132974,Free Bag,1.1885751959584556,0.8806680978548418,HIGH,0
575051,Exclusive Discount,1.8309006668255945,Free Bag,0.4640745108367,1.3668261559888946,HIGH,0
575055,Hotel Night,0.7124464745499619,Hotel Meal,0.276347513615755,0.4360989609342069,HIGH,0
575092,No Cancel Fee,0.0,Exclusive Discount,-0.1247288492224758,0.1247288492224758,MEDIUM,2
575131,Exclusive Discount,1.089570954790239,Hotel Night,0.7124464745499619,0.3771244802402771,HIGH,0
575208,No Cancel Fee,0.0,Exclusive Discount,-0.1247288492224758,0.1247288492224758,MEDIUM,2
575233,Exclusive Discount,1.5020580663988468,Hotel Meal,0.5679315787070753,0.9341264876917714,HIGH,0
575253,Free Bag,0.4640745108367,Exclusive Discount,0.3417582738909756,0.12231623694572441,MEDIUM,0
575299,Hotel Night,0.7124464745499619,Free Bag,0.1018241682758222,0.6106223062741397,HIGH,0
575419,Hotel Meal,1.1421963786579197,Free Bag,0.1018241682758222,1.0403722103820974,HIGH,0
575433,Free Bag,1.1885751959584556,Hotel Meal,0.6502873833511884,0.5382878126072672,HIGH,0
575459,Free Bag,1.1885751959584556,Hotel Night,0.7124464745499619,0.4761287214084937,HIGH,0
575500,Hotel Night,0.7124464745499619,No Cancel Fee,0.0,0.7124464745499619,HIGH,0
575528,Hotel Night,0.7124464745499619,No Cancel Fee,0.0,0.7124464745499619,HIGH,0
575554,Exclusive Discount,0.3049498583991594,No Cancel Fee,0.0,0.3049498583991594,MEDIUM,2
575561,Free Bag,1.1885751959584556,Hotel Night,0.7124464745499619,0.4761287214084937,HIGH,0
575576,Hotel Night,0.7124464745499619,Hotel Meal,0.3119608345429392,0.4004856400070227,HIGH,0
575677,Exclusive Discount,1.1839211104133462,Hotel Night,0.7124464745499619,0.47147463586338434,HIGH,0
575692,No Cancel Fee,0.0,Exclusive Discount,-0.1247288492224758,0.1247288492224758,MEDIUM,2
575711,Hotel Meal,1.1911646949327983,Free Bag,1.1885751959584556,0.0025894989743426855,MEDIUM,0
575733,No Cancel Fee,0.0,Exclusive Discount,-0.1247288492224758,0.1247288492224758,MEDIUM,2
575756,Hotel Meal,0.4121232996506447,No Cancel Fee,0.0,0.4121232996506447,MEDIUM,0
575774,Hotel Night,0.7124464745499619,Hotel Meal,0.4188007973244917,0.2936456772254702,HIGH,0
575809,Hotel Meal,1.0130980902968774,Hotel Night,0.3004480622133511,0.7126500280835263,HIGH,0
575823,No Cancel Fee,0.0,Exclusive Discount,-0.1247288492224758,0.1247288492224758,MEDIUM,2
575868,Free Bag,1.1885751959584556,Hotel Night,0.0257824539889438,1.1627927419695119,HIGH,0
575908,Exclusive Discount,1.2677054254551978,Hotel Night,0.7124464745499619,0.5552589509052359,HIGH,0
575923,No Cancel Fee,0.0,Exclusive Discount,-0.1247288492224758,0.1247288492224758,MEDIUM,2
575964,No Cancel Fee,0.0,Exclusive Discount,-0.1247288492224758,0.1247288492224758,MEDIUM,2
575971,Hotel Meal,1.4471354390969344,Free Bag,0.7538747848854024,0.693260654211532,HIGH,0
576040,Hotel Night,0.7124464745499619,Exclusive Discount,0.0459237016154714,0.6665227729344905,HIGH,0
576103,Exclusive Discount,1.7288929668190214,Free Bag,1.1885751959584556,0.5403177708605658,HIGH,0
576136,Exclusive Discount,0.9895806933723696,Hotel Night,0.7124464745499619,0.27713421882240774,HIGH,0
576159,Exclusive Discount,1.768202803398144,Free Bag,1.1885751959584556,0.5796276074396884,HIGH,0
576169,Hotel Meal,0.8261281554291608,Free Bag,0.7538747848854024,0.07225337054375847,MEDIUM,0
576231,Hotel Meal,0.3676066484916642,Exclusive Discount,0.1452112603231104,0.22239538816855378,MEDIUM,0
576272,Hotel Meal,0.5256407601060442,Hotel Night,0.4181618943095248,0.10747886579651944,MEDIUM,0
576357,Exclusive Discount,1.599476991220358,Free Bag,1.1885751959584556,0.4109017952619023,HIGH,0
576366,Exclusive Discount,1.0496432895741017,Free Bag,0.4640745108367,0.5855687787374018,HIGH,0
576369,Exclusive Discount,1.7248664631478938,Hotel Night,0.7124464745499619,1.012419988597932,HIGH,0
576370,Free Bag,1.1885751959584556,Hotel Night,0.7124464745499619,0.4761287214084937,HIGH,0
576373,Hotel Meal,1.8233011413903168,Free Bag,1.1885751959584556,0.6347259454318612,HIGH,0
576541,Exclusive Discount,0.7702845678740796,Hotel Night,0.7124464745499619,0.05783809332411771,MEDIUM,0
576612,Hotel Night,0.3004480622133511,Hotel Meal,0.2474116903624177,0.05303637185093338,LOW,0
576663,Exclusive Discount,0.9534559830725118,Hotel Night,0.7124464745499619,0.24100950852254988,HIGH,0
576677,Exclusive Discount,1.0111944402565805,Hotel Night,0.7124464745499619,0.29874796570661855,HIGH,0
576691,Free Bag,0.645199682117139,Hotel Night,0.4181618943095248,0.2270377878076142,MEDIUM,0
576712,Hotel Meal,2.114885206481637,Exclusive Discount,0.6744333340054078,1.440451872476229,HIGH,1
576765,No Cancel Fee,0.0,Free Bag,-0.9849268594068112,0.9849268594068112,MEDIUM,2
576785,No Cancel Fee,0.0,Exclusive Discount,-0.1247288492224758,0.1247288492224758,MEDIUM,2
576833,Hotel Night,0.4181618943095248,Hotel Meal,0.2051208717613866,0.21304102254813817,MEDIUM,0
576846,No Cancel Fee,0.0,Exclusive Discount,-0.1247288492224758,0.1247288492224758,MEDIUM,2
576849,Free Bag,1.1885751959584556,Hotel Meal,1.144867377727459,0.043707818230996676,MEDIUM,0
576879,Free Bag,1.1885751959584556,Hotel Night,0.7124464745499619,0.4761287214084937,HIGH,0
576945,Free Bag,1.1885751959584556,Hotel Night,0.7124464745499619,0.4761287214084937,HIGH,0
576962,Hotel Meal,2.241757662284731,Exclusive Discount,1.3270794448202363,0.9146782174644945,HIGH,1
576966,Hotel Night,0.7124464745499619,Exclusive Discount,0.5367899544200899,0.17565652012987198,MEDIUM,0
576985,Hotel Meal,1.97465775533085,Hotel Night,0.3004480622133511,1.6742096931174988,HIGH,0
577007,Free Bag,5.53557930668899,Hotel Meal,1.7520744995359483,3.783504807153042,HIGH,0
577044,Hotel Night,0.7124464745499619,Free Bag,0.1018241682758222,0.6106223062741397,HIGH,0
577046,Exclusive Discount,2.0612586995294637,Hotel Night,0.7124464745499619,1.3488122249795018,HIGH,0
577074,Exclusive Discount,0.9007390804135648,Hotel Night,0.7124464745499619,0.18829260586360286,MEDIUM,0
577089,Free Bag,0.4640745108367,Hotel Night,0.3004480622133511,0.1636264486233489,MEDIUM,0
577115,Hotel Meal,1.146648043773818,Hotel Night,0.4181618943095248,0.7284861494642932,HIGH,0
577145,Hotel Meal,1.1421963786579197,Exclusive Discount,0.5951884278326649,0.5470079508252548,HIGH,0
577180,Hotel Meal,1.553975401878487,Hotel Night,0.7124464745499619,0.8415289273285251,HIGH,0
577208,Exclusive Discount,1.38634226120188,Hotel Meal,0.5679315787070753,0.8184106824948048,HIGH,0
577215,Hotel Night,0.7124464745499619,No Cancel Fee,0.0,0.7124464745499619,HIGH,0
577216,Hotel Meal,1.4493612716548832,Free Bag,1.1885751959584556,0.26078607569642753,HIGH,0
577225,Free Bag,3.3620772513237225,Hotel Night,0.7124464745499619,2.6496307767737606,HIGH,0
577255,Hotel Night,0.7124464745499619,No Cancel Fee,0.0,0.7124464745499619,HIGH,0
577287,Hotel Meal,1.111034722846634,Hotel Night,0.7124464745499619,0.39858824829667205,HIGH,0
577356,Hotel Night,0.7124464745499619,Exclusive Discount,0.217583322205587,0.49486315234437495,HIGH,0
577381,No Cancel Fee,0.0,Exclusive Discount,-0.1247288492224758,0.1247288492224758,MEDIUM,2
577386,Free Bag,1.1885751959584556,No Cancel Fee,0.0,1.1885751959584556,HIGH,2
577410,Hotel Meal,1.4938779228138637,Exclusive Discount,1.4518119189890224,0.04206600382484127,MEDIUM,0
577534,No Cancel Fee,0.0,Exclusive Discount,-0.1247288492224758,0.1247288492224758,MEDIUM,2
577539,Free Bag,1.1885751959584556,Hotel Night,0.7124464745499619,0.4761287214084937,HIGH,0
577541,Free Bag,1.1885751959584556,Hotel Night,0.7124464745499619,0.4761287214084937,HIGH,0
577598,Hotel Meal,0.9863880996014894,Hotel Night,0.7124464745499619,0.2739416250515275,HIGH,0
577617,Exclusive Discount,0.5116138326917214,Free Bag,0.3191743738123488,0.19243945887937264,MEDIUM,0
577625,Free Bag,0.1018241682758222,Hotel Night,0.0257824539889438,0.0760417142868784,LOW,0
577626,Hotel Night,0.7124464745499619,Hotel Meal,0.6332226670735793,0.07922380747638258,MEDIUM,0
577638,Hotel Meal,1.054646964711926,Hotel Night,0.7124464745499619,0.3422004901619642,HIGH,0
577643,No Cancel Fee,0.0,Exclusive Discount,-0.1247288492224758,0.1247288492224758,MEDIUM,2
577667,Exclusive Discount,0.4512278681487446,No Cancel Fee,0.0,0.4512278681487446,MEDIUM,2
577851,Hotel Night,0.7124464745499619,No Cancel Fee,0.0,0.7124464745499619,HIGH,0
577901,No Cancel Fee,0.0,Exclusive Discount,-0.1247288492224758,0.1247288492224758,MEDIUM,2
577915,Free Bag,1.1885751959584556,Hotel Meal,1.1466480437738185,0.04192715218463716,MEDIUM,0
577921,Exclusive Discount,1.3702345369568416,Hotel Meal,1.2757463321348606,0.09448820482198106,MEDIUM,0
577930,Hotel Meal,1.0130980902968774,Exclusive Discount,0.7568569878510486,0.25624110244582876,HIGH,0
577944,No Cancel Fee,0.0,Exclusive Discount,-0.1247288492224758,0.1247288492224758,MEDIUM,2
577984,Hotel Night,0.7124464745499619,Hotel Meal,0.5790607414968203,0.1333857330531416,MEDIUM,0
578058,Free Bag,1.1885751959584556,Hotel Night,0.7124464745499619,0.4761287214084937,HIGH,0
578088,Hotel Night,0.3004480622133511,No Cancel Fee,0.0,0.3004480622133511,MEDIUM,0
578120,Free Bag,1.1885751959584556,Hotel Meal,0.6859007042783728,0.5026744916800828,HIGH,0
578164,Exclusive Discount,0.7762427650747683,Hotel Night,0.7124464745499619,0.0637962905248064,MEDIUM,0
578396,Hotel Meal,1.4604904344446286,Free Bag,1.1885751959584556,0.27191523848617294,HIGH,0
578459,Free Bag,0.4640745108367,No Cancel Fee,0.0,0.4640745108367,MEDIUM,0
578488,Exclusive Discount,1.29618953969448,Free Bag,1.1885751959584556,0.10761434373602441,MEDIUM,0
578503,Exclusive Discount,1.3461029981131143,Free Bag,1.1885751959584556,0.15752780215465867,MEDIUM,0
578511,No Cancel Fee,0.0,Exclusive Discount,-0.1247288492224758,0.1247288492224758,MEDIUM,2
578549,Hotel Night,0.7124464745499619,Free Bag,0.4640745108367,0.24837196371326192,HIGH,0
578607,Free Bag,0.7538747848854024,Exclusive Discount,0.4195250764476791,0.33434970843772327,HIGH,0
578824,Hotel Meal,1.2761914986464509,Hotel Night,0.7124464745499619,0.563745024096489,HIGH,0
578866,No Cancel Fee,0.0,Exclusive Discount,-0.1247288492224758,0.1247288492224758,MEDIUM,2
578872,Hotel Night,0.7124464745499619,Exclusive Discount,0.683988508114618,0.02845796643534393,MEDIUM,0
578886,Hotel Meal,1.1199380530784295,Exclusive Discount,0.5487385274781064,0.5711995256003232,HIGH,1
578892,Hotel Meal,0.7192881926476082,Hotel Night,0.7124464745499619,0.006841718097646332,MEDIUM,0
578929,Free Bag,0.1018241682758222,Hotel Night,0.0257824539889438,0.0760417142868784,LOW,0
578938,Free Bag,1.7319507097997724,Hotel Meal,1.1933905274907477,0.5385601823090247,HIGH,0
578947,Hotel Meal,1.387037960032311,Exclusive Discount,0.6647057730502516,0.7223321869820595,HIGH,0
578993,Hotel Night,0.7124464745499619,No Cancel Fee,0.0,0.7124464745499619,HIGH,0
579021,Free Bag,1.1885751959584556,Hotel Night,0.7124464745499619,0.4761287214084937,HIGH,0
579040,No Cancel Fee,0.0,Exclusive Discount,-0.1247288492224758,0.1247288492224758,MEDIUM,2
579065,Hotel Meal,0.8795481368199368,Hotel Night,0.7124464745499619,0.16710166226997492,MEDIUM,0
579230,Free Bag,1.1885751959584556,Exclusive Discount,0.636537849344074,0.5520373466143816,HIGH,2
579275,Hotel Meal,1.7253645088405605,Hotel Night,0.4181618943095248,1.3072026145310356,HIGH,0
579307,Exclusive Discount,1.1250696231609083,Free Bag,0.645199682117139,0.47986994104376934,HIGH,0
579323,Free Bag,1.1885751959584556,Hotel Night,0.7124464745499619,0.4761287214084937,HIGH,0
579404,Hotel Night,0.7124464745499619,Exclusive Discount,0.6101079830035414,0.1023384915464205,MEDIUM,0
579503,No Cancel Fee,0.0,Exclusive Discount,-0.1247288492224758,0.1247288492224758,MEDIUM,2
579547,Exclusive Discount,1.511402711771305,Free Bag,1.1885751959584556,0.3228275158128493,HIGH,0
579589,Hotel Meal,0.7549015135747923,Hotel Night,0.4181618943095248,0.3367396192652675,HIGH,0
579707,Exclusive Discount,1.0176786437162115,Hotel Night,0.7124464745499619,0.3052321691662496,HIGH,0
579714,Hotel Meal,1.4404579414230871,Exclusive Discount,1.2835697040992475,0.1568882373238396,MEDIUM,1
579783,No Cancel Fee,0.0,Exclusive Discount,-0.1247288492224758,0.1247288492224758,MEDIUM,2
579792,Hotel Meal,0.7192881926476082,Hotel Night,0.7124464745499619,0.006841718097646332,MEDIUM,0
579804,Free Bag,1.1885751959584556,Hotel Meal,0.7927406670599254,0.3958345288985302,HIGH,0
579829,Hotel Night,0.7124464745499619,Free Bag,0.4640745108367,0.24837196371326192,HIGH,0
579846,No Cancel Fee,0.0,Exclusive Discount,-0.1247288492224758,0.1247288492224758,MEDIUM,2
579950,Hotel Meal,0.7994181647337724,Hotel Night,0.7124464745499619,0.08697169018381046,MEDIUM,0
579971,No Cancel Fee,0.0,Exclusive Discount,-0.1247288492224758,0.1247288492224758,MEDIUM,2
580026,No Cancel Fee,0.0,Exclusive Discount,-0.1247288492224758,0.1247288492224758,MEDIUM,2
580077,Exclusive Discount,0.964864304401282,Hotel Meal,0.5278665926639933,0.43699771173728874,HIGH,0
580211,Hotel Meal,1.943496099519564,Free Bag,0.826324853397578,1.117171246121986,HIGH,0
580212,Hotel Meal,1.0665180716876534,Hotel Night,0.4181618943095248,0.6483561773781287,HIGH,0
580402,Free Bag,1.1885751959584556,Hotel Meal,1.057614741455857,0.13096045450259863,MEDIUM,0
580460,Exclusive Discount,1.2701438475293194,Hotel Meal,0.4388332903460332,0.8313105571832862,HIGH,0
580515,Free Bag,1.1885751959584556,Hotel Night,0.7124464745499619,0.4761287214084937,HIGH,0
580578,Hotel Night,0.7124464745499619,Hotel Meal,0.276347513615755,0.4360989609342069,HIGH,0
580611,Hotel Night,0.4181618943095248,Hotel Meal,0.276347513615755,0.14181438069376978,MEDIUM,0
580622,No Cancel Fee,0.0,Exclusive Discount,-0.1247288492224758,0.1247288492224758,MEDIUM,2
580626,Hotel Night,0.7124464745499619,No Cancel Fee,0.0,0.7124464745499619,HIGH,0
580658,Exclusive Discount,1.0352205552048217,Hotel Night,0.7124464745499619,0.3227740806548598,HIGH,0
580895,Hotel Meal,1.6541378669861917,Exclusive Discount,0.9644982721453303,0.6896395948408613,HIGH,1
580902,Exclusive Discount,1.482625533700633,Hotel Night,0.7124464745499619,0.7701790591506712,HIGH,0
580944,Hotel Meal,0.6391582205614438,Free Bag,0.1018241682758222,0.5373340522856216,MEDIUM,0
580971,Hotel Night,0.7124464745499619,No Cancel Fee,0.0,0.7124464745499619,HIGH,0
581005,Hotel Meal,0.9596781089061014,Hotel Night,0.4835584676962888,0.4761196412098126,HIGH,0
581085,Hotel Meal,0.7192881926476082,Hotel Night,0.7124464745499619,0.006841718097646332,MEDIUM,0
581086,No Cancel Fee,0.0,Exclusive Discount,-0.1247288492224758,0.1247288492224758,MEDIUM,2
581091,Hotel Meal,0.9329681182107132,Hotel Night,0.7124464745499619,0.22052164366075133,HIGH,0
581110,No Cancel Fee,0.0,Exclusive Discount,-0.1247288492224758,0.1247288492224758,MEDIUM,2
581111,Hotel Night,0.4181618943095248,Hotel Meal,0.2407341926885707,0.1774277016209541,MEDIUM,0
581120,Free Bag,1.1885751959584556,Hotel Night,0.7124464745499619,0.4761287214084937,HIGH,0
581239,Free Bag,1.1885751959584556,Exclusive Discount,1.161563856247356,0.02701133971109959,MEDIUM,0
581269,Hotel Meal,0.7549015135747923,Hotel Night,0.7124464745499619,0.04245503902483039,MEDIUM,0
581307,Hotel Night,0.7124464745499619,No Cancel Fee,0.0,0.7124464745499619,HIGH,0
581343,No Cancel Fee,0.0,Exclusive Discount,-0.1247288492224758,0.1247288492224758,MEDIUM,2
581365,Free Bag,3.3620772513237225,Hotel Night,0.7124464745499619,2.6496307767737606,HIGH,0
581385,Hotel Meal,1.2601655042292177,No Cancel Fee,0.0,1.2601655042292177,HIGH,1
581388,Free Bag,1.1885751959584556,Hotel Night,0.7124464745499619,0.4761287214084937,HIGH,0
581409,Hotel Night,0.7124464745499619,Free Bag,0.1018241682758222,0.6106223062741397,HIGH,0
581412,Free Bag,1.1885751959584556,Hotel Night,0.7124464745499619,0.4761287214084937,HIGH,0
581438,Hotel Night,0.7124464745499619,Hotel Meal,0.2117983694352337,0.5006481051147282,HIGH,0
581527,Hotel Meal,0.8046117740356534,Hotel Night,0.1974484591291983,0.6071633149064551,HIGH,0
581577,Hotel Night,0.7124464745499619,Free Bag,0.1018241682758222,0.6106223062741397,HIGH,0
581666,Hotel Meal,0.8817739693778859,Hotel Night,0.7124464745499619,0.16932749482792397,MEDIUM,0
581679,No Cancel Fee,0.0,Exclusive Discount,-0.1247288492224758,0.1247288492224758,MEDIUM,2
581685,Free Bag,1.1885751959584556,Hotel Night,0.7124464745499619,0.4761287214084937,HIGH,0
581721,Hotel Meal,1.4671679321184756,Hotel Night,0.7124464745499619,0.7547214575685137,HIGH,0
581729,No Cancel Fee,0.0,Exclusive Discount,-0.333013381106691,0.333013381106691,MEDIUM,2
581770,Hotel Meal,1.5472979042046395,Exclusive Discount,0.983835934687992,0.5634619695166475,HIGH,1
581835,Hotel Meal,1.3603279693369226,Free Bag,1.1885751959584556,0.17175277337846695,MEDIUM,0
581858,Free Bag,0.1018241682758222,Hotel Night,0.0257824539889438,0.0760417142868784,LOW,0
581901,Hotel Meal,0.9262906205368664,Hotel Night,0.1974484591291983,0.7288421614076681,HIGH,0
582011,Hotel Night,0.7124464745499619,Hotel Meal,0.5857382391706669,0.126708235379295,MEDIUM,0
582038,Hotel Night,0.7124464745499619,No Cancel Fee,0.0,0.7124464745499619,HIGH,0
582190,No Cancel Fee,0.0,Exclusive Discount,-0.1247288492224758,0.1247288492224758,MEDIUM,2
582227,Hotel Meal,0.908483960073274,Hotel Night,0.0257824539889438,0.8827015060843302,HIGH,0
582241,No Cancel Fee,0.0,Exclusive Discount,-0.1247288492224758,0.1247288492224758,MEDIUM,2
582254,Hotel Meal,0.4188007973244917,Hotel Night,0.4181618943095248,0.0006389030149669406,LOW,0
582319,Hotel Night,0.7124464745499619,Hotel Meal,0.4967049368527064,0.21574153769725551,HIGH,0
582320,Hotel Night,0.7124464745499619,No Cancel Fee,0.0,0.7124464745499619,HIGH,0
582326,Free Bag,1.7319507097997724,Hotel Meal,0.7549015135747923,0.9770491962249801,HIGH,0
582333,Hotel Meal,0.5723832438229733,Free Bag,0.1018241682758222,0.47055907554715115,MEDIUM,0
582343,Free Bag,1.1885751959584556,Hotel Night,0.7124464745499619,0.4761287214084937,HIGH,0
582446,Hotel Meal,0.6258032252137498,Free Bag,0.1018241682758222,0.5239790569379276,MEDIUM,0
582482,Free Bag,1.1885751959584556,Hotel Night,0.7124464745499619,0.4761287214084937,HIGH,0
582484,Hotel Night,0.7124464745499619,Exclusive Discount,0.679782737652272,0.032663736897689866,MEDIUM,0
582577,Hotel Night,0.7124464745499619,Free Bag,0.4640745108367,0.24837196371326192,HIGH,0
582586,No Cancel Fee,0.0,Exclusive Discount,-0.1247288492224758,0.1247288492224758,MEDIUM,2
582636,Free Bag,1.1885751959584556,Hotel Night,0.7124464745499619,0.4761287214084937,HIGH,0
582664,Hotel Night,0.7124464745499619,No Cancel Fee,0.0,0.7124464745499619,HIGH,0
582723,Hotel Night,0.7124464745499619,Hotel Meal,0.0982809089798341,0.6141655655701278,HIGH,0
582729,No Cancel Fee,0.0,Exclusive Discount,-0.1247288492224758,0.1247288492224758,MEDIUM,2
582768,Exclusive Discount,0.7726430072837396,Hotel Meal,0.4788982763891143,0.29374473089462527,HIGH,0
582785,Hotel Meal,1.7903588195326718,Hotel Night,0.7124464745499619,1.07791234498271,HIGH,0
582796,No Cancel Fee,0.0,Exclusive Discount,-0.1247288492224758,0.1247288492224758,MEDIUM,2
582801,Free Bag,1.1885751959584556,Hotel Night,0.7124464745499619,0.4761287214084937,HIGH,0
582828,Free Bag,0.1018241682758222,No Cancel Fee,0.0,0.1018241682758222,MEDIUM,2
582833,No Cancel Fee,0.0,Exclusive Discount,-0.1247288492224758,0.1247288492224758,MEDIUM,2
582903,No Cancel Fee,0.0,Exclusive Discount,-0.1247288492224758,0.1247288492224758,MEDIUM,2
582979,Hotel Meal,1.033278972155615,Hotel Night,0.5251744689424108,0.5081045032132042,HIGH,0
582995,Hotel Meal,0.7838373368281294,Exclusive Discount,0.5407107155602305,0.24312662126789886,HIGH,0
583016,Exclusive Discount,2.272567851622811,Hotel Night,0.7124464745499619,1.560121377072849,HIGH,0
583023,Hotel Night,0.7124464745499619,Exclusive Discount,0.635191335552999,0.0772551389969629,MEDIUM,0
583038,Exclusive Discount,1.0437513372937466,Free Bag,0.4640745108367,0.5796768264570467,HIGH,0
583052,Hotel Night,0.7124464745499619,Exclusive Discount,0.6439772247039575,0.06846924984600444,MEDIUM,0
583070,Free Bag,1.1885751959584556,Hotel Night,0.0257824539889438,1.1627927419695119,HIGH,0
583087,Exclusive Discount,1.017748198644366,Hotel Night,0.7124464745499619,0.30530172409440404,HIGH,0
583120,Free Bag,1.1885751959584556,Hotel Night,0.7124464745499619,0.4761287214084937,HIGH,0
583134,Free Bag,1.1885751959584556,Hotel Night,0.7124464745499619,0.4761287214084937,HIGH,0
583166,No Cancel Fee,0.0,Free Bag,-0.9849268594068112,0.9849268594068112,MEDIUM,0
583190,No Cancel Fee,0.0,Exclusive Discount,-0.1247288492224758,0.1247288492224758,MEDIUM,2
583200,Free Bag,1.1885751959584556,Hotel Night,0.0257824539889438,1.1627927419695119,HIGH,0
583297,Hotel Meal,0.8528381461245489,Hotel Night,0.7124464745499619,0.14039167157458698,MEDIUM,0
583335,Hotel Night,0.7124464745499619,No Cancel Fee,0.0,0.7124464745499619,HIGH,0
583336,Exclusive Discount,0.8469092667700648,Hotel Meal,0.6272871135857153,0.21962215318434952,HIGH,0
583342,Hotel Meal,2.0948527134600967,Exclusive Discount,1.2303911321069276,0.8644615813531691,HIGH,1
583446,No Cancel Fee,0.0,Exclusive Discount,-0.1247288492224758,0.1247288492224758,MEDIUM,2
583454,Free Bag,1.1885751959584556,Exclusive Discount,0.9748312075227238,0.21374398843573184,HIGH,0
583483,Hotel Night,0.7124464745499619,No Cancel Fee,0.0,0.7124464745499619,HIGH,0
583486,Free Bag,1.1885751959584556,Hotel Night,0.7124464745499619,0.4761287214084937,HIGH,0
583490,Hotel Meal,1.4738454297923225,Exclusive Discount,0.1523164453535399,1.3215289844387825,HIGH,1
583499,Hotel Night,0.7124464745499619,Free Bag,0.1018241682758222,0.6106223062741397,HIGH,0
583526,Hotel Meal,0.7281915228794043,Hotel Night,0.3004480622133511,0.4277434606660532,HIGH,0
583612,Exclusive Discount,0.4022436482503609,Hotel Night,0.3004480622133511,0.10179558603700983,MEDIUM,0
583623,Hotel Night,0.7124464745499619,No Cancel Fee,0.0,0.7124464745499619,HIGH,0
583664,Exclusive Discount,1.310525515501646,Hotel Night,0.7124464745499619,0.5980790409516841,HIGH,0
583759,Exclusive Discount,0.9978332677100236,Hotel Meal,0.6347065554455458,0.3631267122644778,HIGH,0
583764,Free Bag,1.1885751959584556,Hotel Night,0.7124464745499619,0.4761287214084937,HIGH,0
583931,Exclusive Discount,1.6470882290257334,Hotel Meal,0.7215140252055569,0.9255742038201765,HIGH,0
583955,No Cancel Fee,0.0,Exclusive Discount,-0.1247288492224758,0.1247288492224758,MEDIUM,2
583976,Hotel Night,0.7124464745499619,Exclusive Discount,0.1806239743223464,0.5318225002276156,HIGH,0
584012,Free Bag,1.1885751959584556,Exclusive Discount,0.9315165508173704,0.25705864514108523,HIGH,0
584030,Hotel Night,0.7124464745499619,Hotel Meal,0.6391582205614438,0.07328825398851813,MEDIUM,0
584034,Free Bag,1.1885751959584556,Hotel Night,0.7124464745499619,0.4761287214084937,HIGH,0
584115,Hotel Meal,1.675505859542503,Exclusive Discount,0.7421151529047199,0.9333907066377831,HIGH,1
584134,Hotel Night,0.7124464745499619,No Cancel Fee,0.0,0.7124464745499619,HIGH,0
584185,Free Bag,3.3620772513237225,Exclusive Discount,1.7490571740921952,1.6130200772315273,HIGH,0
584217,No Cancel Fee,0.0,Exclusive Discount,-0.1247288492224758,0.1247288492224758,MEDIUM,2
584241,Exclusive Discount,1.1675437288432768,Hotel Meal,1.1199380530784295,0.04760567576484731,MEDIUM,1
584247,Hotel Night,0.7124464745499619,Free Bag,0.1018241682758222,0.6106223062741397,HIGH,0
584288,Free Bag,1.1885751959584556,Hotel Meal,0.7994181647337724,0.38915703122468326,HIGH,0
584423,Exclusive Discount,0.9394427717712488,Hotel Night,0.7124464745499619,0.2269962972212869,HIGH,0
584459,Free Bag,1.1885751959584556,Hotel Meal,0.7949664996178744,0.39360869634058127,HIGH,0
584525,Hotel Meal,1.2534880065553704,Exclusive Discount,1.0633476833349984,0.190140323220372,MEDIUM,0
584530,Free Bag,1.1885751959584556,Hotel Night,0.7124464745499619,0.4761287214084937,HIGH,0
584531,Exclusive Discount,0.7731925695639402,Hotel Night,0.7124464745499619,0.06074609501397832,MEDIUM,0
584537,Hotel Meal,0.8995806298414779,Exclusive Discount,0.4910793445065227,0.4085012853349552,HIGH,0
584549,Exclusive Discount,0.8473083485789639,Hotel Meal,0.4076716345347467,0.43963671404421717,HIGH,0
584591,Exclusive Discount,1.5382861383323416,Hotel Night,0.7124464745499619,0.8258396637823797,HIGH,0
584666,Free Bag,2.2753262236410894,Exclusive Discount,1.1112716789010424,1.164054544740047,HIGH,0
584787,Hotel Meal,1.6452345367543957,Exclusive Discount,1.0128424285019848,0.6323921082524109,HIGH,1
584843,Hotel Night,0.7124464745499619,No Cancel Fee,0.0,0.7124464745499619,HIGH,0
584844,Exclusive Discount,1.7289521188197017,Hotel Night,0.7124464745499619,1.0165056442697398,HIGH,0
584875,Hotel Night,0.7124464745499619,Free Bag,0.1018241682758222,0.6106223062741397,HIGH,0
584912,Hotel Night,0.4181618943095248,Hotel Meal,0.2585408531521629,0.15962104115736186,MEDIUM,0
584977,Hotel Night,0.7124464745499619,No Cancel Fee,0.0,0.7124464745499619,HIGH,0
584998,Free Bag,2.2753262236410894,Hotel Meal,1.2980046577143505,0.9773215659267389,HIGH,0
585138,No Cancel Fee,0.0,Exclusive Discount,-0.1247288492224758,0.1247288492224758,MEDIUM,2
585169,No Cancel Fee,0.0,Exclusive Discount,-0.1247288492224758,0.1247288492224758,MEDIUM,2
585187,Free Bag,1.1885751959584556,Hotel Night,0.7124464745499619,0.4761287214084937,HIGH,0
585231,No Cancel Fee,0.0,Exclusive Discount,-0.1247288492224758,0.1247288492224758,MEDIUM,2
585248,Hotel Night,0.7124464745499619,Exclusive Discount,0.237594698858117,0.4748517756918449,HIGH,0
585250,No Cancel Fee,0.0,Exclusive Discount,-0.1247288492224758,0.1247288492224758,MEDIUM,2
585310,Hotel Night,0.7124464745499619,Free Bag,0.4640745108367,0.24837196371326192,HIGH,0
585361,No Cancel Fee,0.0,Exclusive Discount,-0.1247288492224758,0.1247288492224758,MEDIUM,2
585492,Hotel Night,0.7124464745499619,No Cancel Fee,0.0,0.7124464745499619,HIGH,0
585522,No Cancel Fee,0.0,Exclusive Discount,-0.1247288492224758,0.1247288492224758,MEDIUM,2
585583,Exclusive Discount,1.0682247723190872,Hotel Night,0.7124464745499619,0.3557782977691253,HIGH,0
585585,Hotel Meal,2.4874895766823024,Hotel Night,0.7124464745499619,1.7750431021323405,HIGH,0
585595,Free Bag,1.1885751959584556,Hotel Night,0.7124464745499619,0.4761287214084937,HIGH,0
585650,Hotel Night,0.7124464745499619,No Cancel Fee,0.0,0.7124464745499619,HIGH,0
585717,Exclusive Discount,0.1155825278417569,Hotel Night,0.0257824539889438,0.0898000738528131,LOW,0
585722,Hotel Meal,0.7994181647337724,Hotel Night,0.3004480622133511,0.4989701025204213,HIGH,0
585745,Hotel Night,0.4181618943095248,Hotel Meal,0.2407341926885707,0.1774277016209541,MEDIUM,0
585768,Free Bag,1.1885751959584556,Hotel Night,0.7124464745499619,0.4761287214084937,HIGH,0
585832,Free Bag,1.1885751959584556,Hotel Night,0.7124464745499619,0.4761287214084937,HIGH,0
585882,Free Bag,1.1885751959584556,Hotel Night,0.7124464745499619,0.4761287214084937,HIGH,0
585915,Free Bag,0.1018241682758222,No Cancel Fee,0.0,0.1018241682758222,MEDIUM,2
585946,Hotel Meal,0.4210266298824407,Exclusive Discount,0.0494116758493188,0.37161495403312195,MEDIUM,0
585965,Exclusive Discount,0.800310804638158,Hotel Night,0.7124464745499619,0.08786433008819605,MEDIUM,0
585986,Exclusive Discount,0.7159787705605274,Hotel Night,0.7124464745499619,0.0035322960105654833,MEDIUM,0
586006,Free Bag,1.1885751959584556,Hotel Night,0.7124464745499619,0.4761287214084937,HIGH,0
586038,Hotel Meal,0.7459981833429963,Hotel Night,0.7124464745499619,0.033551708793034374,MEDIUM,0
586063,No Cancel Fee,0.0,Exclusive Discount,-0.1247288492224758,0.1247288492224758,MEDIUM,2
586077,Hotel Night,0.7124464745499619,Hotel Meal,0.3119608345429392,0.4004856400070227,HIGH,0
586096,Hotel Meal,1.093228062383042,Hotel Night,0.4181618943095248,0.6750661680735172,HIGH,0
586122,Exclusive Discount,0.8336889155282751,Hotel Night,0.7124464745499619,0.12124244097831316,MEDIUM,0
586124,Free Bag,1.1885751959584556,Exclusive Discount,0.7534981650777054,0.4350770308807502,HIGH,0
586192,Free Bag,0.1018241682758222,Hotel Night,0.0257824539889438,0.0760417142868784,LOW,0
586251,Free Bag,1.1885751959584556,Hotel Night,0.7124464745499619,0.4761287214084937,HIGH,0
586257,No Cancel Fee,0.0,Exclusive Discount,-0.1247288492224758,0.1247288492224758,MEDIUM,2
586270,Exclusive Discount,1.6083401854588977,Hotel Meal,0.4136071880226107,1.194732997436287,HIGH,0
586312,Hotel Night,0.7124464745499619,Free Bag,0.4640745108367,0.24837196371326192,HIGH,0
586357,No Cancel Fee,0.0,Exclusive Discount,-0.1247288492224758,0.1247288492224758,MEDIUM,2
586384,Hotel Meal,2.522212564586307,Exclusive Discount,0.2982906186192572,2.22392194596705,HIGH,0
586458,No Cancel Fee,0.0,Exclusive Discount,-0.1247288492224758,0.1247288492224758,MEDIUM,2
586471,Exclusive Discount,1.6880592841506792,Free Bag,1.1885751959584556,0.49948408819222356,HIGH,0
586631,Exclusive Discount,1.3696146518782075,Free Bag,1.1885751959584556,0.1810394559197519,MEDIUM,0
586637,Hotel Night,0.7124464745499619,Free Bag,0.1018241682758222,0.6106223062741397,HIGH,0
586644,Hotel Meal,0.6859007042783728,Hotel Night,0.3004480622133511,0.3854526420650217,MEDIUM,0
586656,Exclusive Discount,1.3648610380833437,Hotel Night,0.7124464745499619,0.6524145635333818,HIGH,0
586672,Exclusive Discount,0.8972780422775591,Hotel Night,0.7124464745499619,0.18483156772759723,MEDIUM,0
586701,Hotel Meal,1.191164694932798,Exclusive Discount,0.3316513071194851,0.859513387813313,HIGH,0
586732,Free Bag,1.1885751959584556,Hotel Meal,0.9062581275153252,0.2823170684431304,HIGH,0
586762,Hotel Night,0.7124464745499619,Free Bag,0.1018241682758222,0.6106223062741397,HIGH,0
586774,Hotel Night,0.7124464745499619,Exclusive Discount,0.5189131960146803,0.19353327853528157,MEDIUM,0
586803,No Cancel Fee,0.0,Exclusive Discount,-0.1247288492224758,0.1247288492224758,MEDIUM,2
586811,Exclusive Discount,1.1319789622155818,Free Bag,0.1018241682758222,1.0301547939397595,HIGH,0
586820,Free Bag,1.1885751959584556,Hotel Night,0.7124464745499619,0.4761287214084937,HIGH,0
586850,Hotel Night,0.7124464745499619,Hotel Meal,0.6836748717204243,0.028771602829537613,MEDIUM,0
586876,Hotel Night,0.7124464745499619,Exclusive Discount,0.6208835379119444,0.09156293663801751,MEDIUM,0
586887,Hotel Meal,0.959678108906101,Hotel Night,0.7124464745499619,0.24723163435613904,HIGH,0
586936,No Cancel Fee,0.0,Exclusive Discount,-0.1247288492224758,0.1247288492224758,MEDIUM,2
586953,Hotel Meal,0.8906772996096814,Free Bag,0.4640745108367,0.42660278877298147,HIGH,0
587134,Hotel Night,0.7124464745499619,No Cancel Fee,0.0,0.7124464745499619,HIGH,0
587195,Hotel Night,0.7124464745499619,Exclusive Discount,0.0461683334245646,0.6662781411253973,HIGH,0
587233,No Cancel Fee,0.0,Exclusive Discount,-0.1247288492224758,0.1247288492224758,MEDIUM,2
587234,Exclusive Discount,1.1305536701072487,Hotel Night,0.7124464745499619,0.4181071955572868,HIGH,0
587304,Free Bag,1.1885751959584556,Exclusive Discount,0.9008219282466016,0.28775326771185405,HIGH,0
587313,Exclusive Discount,1.3719216504499985,Hotel Meal,0.4610916159255228,0.9108300345244758,HIGH,0
587373,Hotel Meal,0.9863880996014894,Exclusive Discount,0.7843619028116204,0.202026196789869,HIGH,0
587459,Exclusive Discount,0.0409251564365934,Hotel Night,0.0257824539889438,0.015142702447649599,LOW,0
587470,Exclusive Discount,1.256940234495569,Hotel Night,0.7124464745499619,0.544493759945607,HIGH,0
587483,Hotel Meal,0.7304173554373529,Exclusive Discount,0.1417869377843125,0.5886304176530404,HIGH,0
587538,No Cancel Fee,0.0,Exclusive Discount,-0.6854772287193831,0.6854772287193831,MEDIUM,2
587577,Hotel Meal,0.4744466112732168,Hotel Night,0.0257824539889438,0.448664157284273,MEDIUM,0
587601,No Cancel Fee,0.0,Exclusive Discount,-0.1247288492224758,0.1247288492224758,MEDIUM,2
587642,No Cancel Fee,0.0,Exclusive Discount,-0.1247288492224758,0.1247288492224758,MEDIUM,2
587675,Free Bag,1.1885751959584556,Hotel Night,0.7124464745499619,0.4761287214084937,HIGH,0
587698,Hotel Night,0.7124464745499619,No Cancel Fee,0.0,0.7124464745499619,HIGH,0
587753,Hotel Meal,1.0464855786661125,Exclusive Discount,0.7131086590907272,0.3333769195753853,HIGH,1
587754,Hotel Night,0.7124464745499619,No Cancel Fee,0.0,0.7124464745499619,HIGH,0
587802,Hotel Night,0.7124464745499619,Hotel Meal,0.3779938670954267,0.3344526074545352,HIGH,0
587810,Hotel Night,0.7124464745499619,Free Bag,0.1018241682758222,0.6106223062741397,HIGH,0
587899,Exclusive Discount,0.902118961454343,Hotel Night,0.7124464745499619,0.1896724869043811,MEDIUM,0
588013,Hotel Night,0.7124464745499619,No Cancel Fee,0.0,0.7124464745499619,HIGH,0
588048,Free Bag,1.9130758810802115,No Cancel Fee,0.0,1.9130758810802115,HIGH,0
588103,Hotel Meal,1.574007894900028,Free Bag,0.7538747848854024,0.8201331100146256,HIGH,0
588355,Hotel Night,0.7124464745499619,Free Bag,0.1018241682758222,0.6106223062741397,HIGH,0
588370,Free Bag,1.1885751959584556,Hotel Meal,0.7326431879953023,0.45593200796315336,HIGH,0
588386,Free Bag,3.3620772513237225,Exclusive Discount,1.5408238031612964,1.821253448162426,HIGH,0
588391,Free Bag,1.1885751959584556,Hotel Night,0.7124464745499619,0.4761287214084937,HIGH,0
588414,Hotel Night,0.7124464745499619,Exclusive Discount,0.1553523504262488,0.5570941241237131,HIGH,0
588497,Hotel Night,0.7124464745499619,No Cancel Fee,0.0,0.7124464745499619,HIGH,0
588507,Hotel Night,0.7124464745499619,Exclusive Discount,0.3224977610684992,0.3899487134814627,HIGH,0
588560,No Cancel Fee,0.0,Exclusive Discount,-0.1247288492224758,0.1247288492224758,MEDIUM,2
588582,No Cancel Fee,0.0,Exclusive Discount,-0.1247288492224758,0.1247288492224758,MEDIUM,2
588677,Hotel Night,0.7124464745499619,Hotel Meal,0.1517008903706104,0.5607455841793515,HIGH,0
588732,Hotel Night,0.3004480622133511,No Cancel Fee,0.0,0.3004480622133511,MEDIUM,0
588797,Free Bag,1.1885751959584556,Hotel Night,0.7124464745499619,0.4761287214084937,HIGH,0
588820,Hotel Meal,0.8795481368199368,Hotel Night,0.7124464745499619,0.16710166226997492,MEDIUM,0
588893,Hotel Night,0.7124464745499619,Free Bag,0.1018241682758222,0.6106223062741397,HIGH,0
588919,Free Bag,3.3620772513237225,Hotel Meal,0.6347065554455458,2.727370695878177,HIGH,0
588970,Hotel Meal,2.1349176995031782,Exclusive Discount,0.0507937170045676,2.0841239824986104,HIGH,1
589121,Exclusive Discount,1.6960262734803278,Free Bag,1.1885751959584556,0.5074510775218721,HIGH,0
589140,Hotel Night,0.7124464745499619,No Cancel Fee,0.0,0.7124464745499619,HIGH,0
589154,Hotel Night,0.7124464745499619,Hotel Meal,0.5679315787070749,0.14451489584288701,MEDIUM,0
589162,Hotel Night,0.7124464745499619,Hotel Meal,0.2830250112896019,0.42942146326036,HIGH,0
589164,Hotel Meal,1.0398080809922658,Hotel Night,0.7124464745499619,0.32736160644230394,HIGH,0
589171,Hotel Night,0.7124464745499619,No Cancel Fee,0.0,0.7124464745499619,HIGH,0
589228,Hotel Meal,0.8261281554291608,Hotel Night,0.7124464745499619,0.11368168087919894,MEDIUM,0
589259,Free Bag,3.3620772513237225,Hotel Meal,0.5278665926639933,2.834210658659729,HIGH,0
589306,Hotel Meal,0.7727081740383843,Hotel Night,0.7124464745499619,0.060261699488422416,MEDIUM,0
589311,Hotel Meal,1.309133820504096,Free Bag,0.1018241682758222,1.2073096522282738,HIGH,0
589404,Exclusive Discount,0.9610946585926338,Hotel Meal,0.948994112627946,0.012100545964687792,MEDIUM,0
589405,Free Bag,1.1885751959584556,Exclusive Discount,0.596263310881108,0.5923118850773477,HIGH,0
589414,Free Bag,1.1885751959584556,Hotel Night,0.7124464745499619,0.4761287214084937,HIGH,0
589489,Hotel Meal,1.915895775800996,Hotel Night,0.3004480622133511,1.615447713587645,HIGH,0
589539,Hotel Meal,1.1199380530784295,No Cancel Fee,0.0,1.1199380530784295,HIGH,1
589630,Hotel Meal,1.0531630763399595,No Cancel Fee,0.0,1.0531630763399595,HIGH,0
589650,Exclusive Discount,1.5747192778783086,Hotel Night,0.7124464745499619,0.8622728033283467,HIGH,0
589758,Hotel Meal,1.548039848390623,Hotel Night,0.4835584676962888,1.0644813806943343,HIGH,0
589775,Free Bag,1.1885751959584556,Hotel Meal,0.5145115973162988,0.6740635986421568,HIGH,0
589812,Free Bag,1.1885751959584556,Hotel Night,0.7124464745499619,0.4761287214084937,HIGH,0
589822,No Cancel Fee,0.0,Exclusive Discount,-0.1247288492224758,0.1247288492224758,MEDIUM,2
589868,Hotel Meal,0.5790607414968203,Hotel Night,0.3004480622133511,0.2786126792834692,MEDIUM,0
589884,Free Bag,2.2753262236410894,Exclusive Discount,0.91037745423477,1.3649487694063194,HIGH,0
589977,Hotel Meal,1.0665180716876534,Exclusive Discount,0.8808013577997166,0.18571671388793687,MEDIUM,0
589995,Free Bag,2.2753262236410894,Exclusive Discount,0.3647643057370059,1.9105619179040834,HIGH,0
590014,Hotel Night,0.7124464745499619,No Cancel Fee,0.0,0.7124464745499619,HIGH,0
590040,Hotel Meal,1.698209351633583,Exclusive Discount,0.5732204934406999,1.124988858192883,HIGH,0
590077,Hotel Night,0.7124464745499619,Free Bag,0.1018241682758222,0.6106223062741397,HIGH,0
590095,Free Bag,1.1885751959584556,Hotel Night,0.7124464745499619,0.4761287214084937,HIGH,0
590103,Exclusive Discount,0.8528269236982079,Hotel Night,0.7124464745499619,0.140380449148246,MEDIUM,0
590123,No Cancel Fee,0.0,Exclusive Discount,-0.1247288492224758,0.1247288492224758,MEDIUM,2
590130,Hotel Night,0.7124464745499619,No Cancel Fee,0.0,0.7124464745499619,HIGH,0
590163,Hotel Night,0.7124464745499619,Exclusive Discount,0.0697999272869165,0.6426465472630454,HIGH,0
590202,Hotel Night,0.7124464745499619,Hotel Meal,0.3186383322167858,0.3938081423331761,HIGH,0
590227,Free Bag,3.3620772513237225,Exclusive Discount,0.9664587319569656,2.395618519366757,HIGH,0
590230,Free Bag,1.1885751959584556,Hotel Night,0.7124464745499619,0.4761287214084937,HIGH,0
590379,Hotel Night,0.7124464745499619,Hotel Meal,0.4967049368527064,0.21574153769725551,HIGH,0
590394,Exclusive Discount,1.2001962005717568,Hotel Meal,0.5278665926639933,0.6723296079077635,HIGH,0
590400,Free Bag,1.1885751959584556,Exclusive Discount,0.7188765694222919,0.4696986265361637,HIGH,0
590404,Exclusive Discount,0.8738440526678087,Hotel Night,0.7124464745499619,0.16139757811784683,MEDIUM,0
590412,Free Bag,1.1885751959584556,Hotel Night,0.7124464745499619,0.4761287214084937,HIGH,0
590420,Hotel Meal,2.215047671589343,Free Bag,0.1018241682758222,2.1132235033135207,HIGH,0
590429,Hotel Night,0.0257824539889438,No Cancel Fee,0.0,0.0257824539889438,LOW,0
590434,Free Bag,2.2753262236410894,Hotel Night,0.0257824539889438,2.2495437696521456,HIGH,0
590442,Exclusive Discount,0.8291494400188629,Hotel Meal,0.7994181647337724,0.029731275285090564,MEDIUM,0
590468,Exclusive Discount,2.001113212656275,Free Bag,1.1885751959584556,0.8125380166978193,HIGH,2
590471,Free Bag,1.1885751959584556,Hotel Night,0.7124464745499619,0.4761287214084937,HIGH,0
590473,Hotel Night,0.0257824539889438,No Cancel Fee,0.0,0.0257824539889438,LOW,0
590558,Free Bag,1.1885751959584556,Hotel Meal,0.3676066484916642,0.8209685474667914,HIGH,0
590659,Exclusive Discount,1.3609203542698969,Hotel Meal,1.2601655042292177,0.10075485004067919,MEDIUM,1
590697,Hotel Meal,2.081497718112402,Exclusive Discount,1.0128424285019848,1.0686552896104173,HIGH,1
590744,Hotel Night,0.7124464745499619,No Cancel Fee,0.0,0.7124464745499619,HIGH,0
590829,Free Bag,1.1885751959584556,Exclusive Discount,0.7559890187981445,0.4325861771603111,HIGH,0
590843,No Cancel Fee,0.0,Exclusive Discount,-0.1247288492224758,0.1247288492224758,MEDIUM,2
590905,Hotel Meal,1.0665180716876534,Exclusive Discount,0.6106993458437475,0.4558187258439059,HIGH,0
590922,Hotel Night,0.7124464745499619,Hotel Meal,0.3186383322167862,0.3938081423331757,HIGH,0
590954,Exclusive Discount,0.8538005110928643,Hotel Night,0.7124464745499619,0.14135403654290235,MEDIUM,0
590967,Hotel Night,0.7124464745499619,Hotel Meal,0.6658682112568318,0.046578263293130084,MEDIUM,0
590981,Free Bag,1.1885751959584556,Hotel Night,0.7124464745499619,0.4761287214084937,HIGH,0
591003,Free Bag,0.645199682117139,Exclusive Discount,0.4799923236712751,0.16520735844586387,MEDIUM,0
591063,Free Bag,1.1885751959584556,No Cancel Fee,0.0,1.1885751959584556,HIGH,2
591097,Hotel Meal,0.9329681182107128,Free Bag,0.4640745108367,0.4688936073740128,HIGH,0
591155,Free Bag,1.1885751959584556,Hotel Meal,0.4744466112732168,0.7141285846852388,HIGH,0
591255,Free Bag,1.1885751959584556,Hotel Night,0.7124464745499619,0.4761287214084937,HIGH,0
591271,No Cancel Fee,0.0,Exclusive Discount,-0.1247288492224758,0.1247288492224758,MEDIUM,2
591328,No Cancel Fee,0.0,Exclusive Discount,-0.1247288492224758,0.1247288492224758,MEDIUM,2
591381,Free Bag,1.1885751959584556,Exclusive Discount,1.091836040461606,0.09673915549684953,MEDIUM,0
591433,Hotel Meal,1.173358034469206,Hotel Night,0.7124464745499619,0.46091155991924415,HIGH,0
591478,Hotel Meal,2.255112657632425,Exclusive Discount,0.5487385274781064,1.7063741301543187,HIGH,1
591582,Hotel Night,0.7124464745499619,Hotel Meal,0.6284742242832884,0.08397225026667354,MEDIUM,0
591593,Exclusive Discount,1.0036192656168144,Hotel Night,0.7124464745499619,0.29117279106685245,HIGH,0
591599,Free Bag,1.1885751959584556,Hotel Night,0.7124464745499619,0.4761287214084937,HIGH,0
591714,Hotel Meal,1.861882239061433,Exclusive Discount,0.6798685542858409,1.182013684775592,HIGH,0
591746,Hotel Night,0.7124464745499619,Exclusive Discount,0.6801116126089123,0.03233486194104962,MEDIUM,0
591835,No Cancel Fee,0.0,Exclusive Discount,-0.1247288492224758,0.1247288492224758,MEDIUM,2
591888,Hotel Meal,1.2548235060901398,Hotel Night,0.7124464745499619,0.5423770315401779,HIGH,0
592035,No Cancel Fee,0.0,Exclusive Discount,-0.1247288492224758,0.1247288492224758,MEDIUM,2
592082,Hotel Night,0.7124464745499619,Exclusive Discount,0.5055450675352672,0.20690140701469473,HIGH,0
592132,Free Bag,3.3620772513237225,Hotel Meal,0.4210266298824407,2.9410506214412817,HIGH,0
592158,Hotel Night,0.7124464745499619,No Cancel Fee,0.0,0.7124464745499619,HIGH,0
592221,Hotel Night,0.7124464745499619,Free Bag,0.1018241682758222,0.6106223062741397,HIGH,0
592366,Hotel Meal,0.5145115973162993,Hotel Night,0.3004480622133511,0.21406353510294818,MEDIUM,0
592371,Hotel Meal,0.7860631693860783,Free Bag,0.1018241682758222,0.6842390011102562,HIGH,0
592378,No Cancel Fee,0.0,Exclusive Discount,-0.1247288492224758,0.1247288492224758,MEDIUM,2
592399,Hotel Meal,0.7192881926476082,Hotel Night,0.7124464745499619,0.006841718097646332,MEDIUM,0
592403,No Cancel Fee,0.0,Exclusive Discount,-0.1247288492224758,0.1247288492224758,MEDIUM,2
592445,Exclusive Discount,1.6640373781769373,Free Bag,1.1885751959584556,0.4754621822184817,HIGH,0
592491,Hotel Night,0.7124464745499619,Hotel Meal,0.1405717275808652,0.5718747469690967,HIGH,0
592598,Free Bag,1.1885751959584556,Hotel Meal,0.6391582205614433,0.5494169753970123,HIGH,0
592707,Free Bag,1.1885751959584556,Hotel Night,0.7124464745499619,0.4761287214084937,HIGH,0
592792,Hotel Night,0.7124464745499619,Free Bag,0.1018241682758222,0.6106223062741397,HIGH,0
592833,Free Bag,1.1885751959584556,Hotel Night,0.7124464745499619,0.4761287214084937,HIGH,0
592886,Exclusive Discount,0.7371465152049405,Hotel Night,0.7124464745499619,0.02470004065497855,MEDIUM,0
592929,Free Bag,0.4640745108367,Exclusive Discount,0.3569090149493117,0.10716549588738827,MEDIUM,0
593020,Exclusive Discount,0.9782884681655732,Hotel Night,0.7124464745499619,0.26584199361561134,HIGH,0
593047,No Cancel Fee,0.0,Exclusive Discount,-0.1247288492224758,0.1247288492224758,MEDIUM,2
593244,Free Bag,0.4640745108367,Hotel Night,0.3004480622133511,0.1636264486233489,MEDIUM,0
593350,Exclusive Discount,0.870775676686045,Hotel Night,0.7124464745499619,0.15832920213608315,MEDIUM,0
593385,Free Bag,1.1885751959584556,Hotel Meal,0.7816115042701799,0.40696369168827573,HIGH,0
593386,Hotel Meal,1.1132605554045825,Hotel Night,0.3004480622133511,0.8128124931912314,HIGH,0
593398,No Cancel Fee,0.0,Exclusive Discount,-0.1247288492224758,0.1247288492224758,MEDIUM,2
593401,Exclusive Discount,0.5366668795439201,Free Bag,0.1018241682758222,0.4348427112680979,MEDIUM,0
593494,Hotel Night,0.7124464745499619,Hotel Meal,0.4788982763891143,0.2335481981608476,HIGH,0
593536,Hotel Meal,1.1666805367953594,Free Bag,0.645199682117139,0.5214808546782205,HIGH,0
593632,Free Bag,0.645199682117139,Exclusive Discount,0.1755901955400267,0.46960948657711227,MEDIUM,0
593672,Hotel Meal,2.286274313443711,No Cancel Fee,0.0,2.286274313443711,HIGH,1
593719,Free Bag,1.1885751959584556,Hotel Night,0.7124464745499619,0.4761287214084937,HIGH,0
593786,Free Bag,1.1885751959584556,Hotel Night,0.7124464745499619,0.4761287214084937,HIGH,0
593804,Free Bag,1.1885751959584556,No Cancel Fee,0.0,1.1885751959584556,HIGH,2
593833,No Cancel Fee,0.0,Exclusive Discount,-0.1247288492224758,0.1247288492224758,MEDIUM,2
593910,Free Bag,2.2753262236410894,Hotel Night,0.7124464745499619,1.5628797490911275,HIGH,0
594000,Hotel Meal,1.4738454297923225,Exclusive Discount,0.5874138525634278,0.8864315772288947,HIGH,1
594027,Free Bag,1.1885751959584556,Hotel Night,0.7124464745499619,0.4761287214084937,HIGH,0
594042,Hotel Meal,1.2868754949246055,Hotel Night,0.7124464745499619,0.5744290203746436,HIGH,0
594103,Hotel Night,0.7124464745499619,Exclusive Discount,0.6713114261012191,0.04113504844874283,MEDIUM,0
594123,Free Bag,1.1885751959584556,Hotel Night,0.7124464745499619,0.4761287214084937,HIGH,0
594146,Hotel Meal,1.6875253553554272,Exclusive Discount,0.6841021652767345,1.0034231900786927,HIGH,1
594188,Exclusive Discount,2.3448093561884877,Free Bag,1.1885751959584556,1.1562341602300321,HIGH,0
594238,Hotel Night,0.7124464745499619,Free Bag,0.1018241682758222,0.6106223062741397,HIGH,0
594240,Exclusive Discount,2.0704501929282784,Hotel Night,0.7124464745499619,1.3580037183783165,HIGH,0
594406,Hotel Meal,0.8261281554291608,Hotel Night,0.7124464745499619,0.11368168087919894,MEDIUM,0
594410,Hotel Meal,1.974657755330849,Exclusive Discount,0.916154115788676,1.058503639542173,HIGH,1
594446,Free Bag,1.1885751959584556,Hotel Meal,1.0487114112240614,0.1398637847343942,MEDIUM,0
594449,Free Bag,1.1885751959584556,Hotel Night,0.7124464745499619,0.4761287214084937,HIGH,0
594503,Free Bag,1.1885751959584556,Hotel Meal,1.1689063693533084,0.019668826605147238,MEDIUM,0
594516,No Cancel Fee,0.0,Exclusive Discount,-0.1247288492224758,0.1247288492224758,MEDIUM,2
594601,Hotel Night,0.7124464745499619,No Cancel Fee,0.0,0.7124464745499619,HIGH,0
594644,Free Bag,1.9130758810802115,Exclusive Discount,0.7218352694651019,1.1912406116151097,HIGH,0
594695,Free Bag,1.1885751959584556,Hotel Night,0.3004480622133511,0.8881271337451045,HIGH,0
594737,Hotel Meal,0.6859007042783728,Hotel Night,0.3004480622133511,0.3854526420650217,MEDIUM,0
594824,Hotel Night,0.7124464745499619,No Cancel Fee,0.0,0.7124464745499619,HIGH,0
594892,Hotel Night,0.7124464745499619,No Cancel Fee,0.0,0.7124464745499619,HIGH,0
594914,Hotel Night,0.7124464745499619,Hotel Meal,0.5256407601060442,0.1868057144439177,MEDIUM,0
594948,Free Bag,1.1885751959584556,Hotel Night,0.7124464745499619,0.4761287214084937,HIGH,0
594985,Hotel Night,0.7124464745499619,Hotel Meal,0.5256407601060442,0.1868057144439177,MEDIUM,0
595026,Free Bag,1.1885751959584556,Hotel Meal,0.6213515600978513,0.5672236358606043,HIGH,0
595087,Hotel Meal,1.6762478037284858,Free Bag,0.645199682117139,1.031048121611347,HIGH,0
595122,Exclusive Discount,0.8273229483520163,Hotel Night,0.7124464745499619,0.11487647380205435,MEDIUM,0
595123,Hotel Night,0.0257824539889438,No Cancel Fee,0.0,0.0257824539889438,LOW,0
595126,Hotel Meal,1.36700546701077,No Cancel Fee,0.0,1.36700546701077,HIGH,1
595171,Exclusive Discount,2.068316534951391,Hotel Night,0.7124464745499619,1.355870060401429,HIGH,0
595183,No Cancel Fee,0.0,Exclusive Discount,-0.1247288492224758,0.1247288492224758,MEDIUM,2
595184,Hotel Meal,0.9173872903050704,Exclusive Discount,0.8435119833023462,0.07387530700272416,MEDIUM,0
595257,Hotel Meal,0.9062581275153252,Hotel Night,0.7124464745499619,0.1938116529653633,MEDIUM,0
595283,Free Bag,1.1885751959584556,Exclusive Discount,0.016069165778122,1.1725060301803336,HIGH,2
595284,Hotel Night,0.7124464745499619,Hotel Meal,0.3898649740711543,0.3225815004788076,HIGH,0
595386,Hotel Meal,1.4204254484015464,Hotel Night,0.5251744689424108,0.8952509794591356,HIGH,0
595414,Hotel Meal,0.9062581275153252,Hotel Night,0.7124464745499619,0.1938116529653633,MEDIUM,0
595431,Hotel Night,0.7124464745499619,Hotel Meal,0.4544141182516757,0.2580323562982862,HIGH,0
595442,Exclusive Discount,0.3468016973239811,Free Bag,0.1018241682758222,0.2449775290481589,MEDIUM,0
595506,No Cancel Fee,0.0,Exclusive Discount,-0.1247288492224758,0.1247288492224758,MEDIUM,2
595527,Exclusive Discount,1.7183954325994966,Hotel Night,0.7124464745499619,1.0059489580495347,HIGH,0
595587,Hotel Night,0.3004480622133511,No Cancel Fee,0.0,0.3004480622133511,MEDIUM,0
595624,Hotel Night,0.7124464745499619,No Cancel Fee,0.0,0.7124464745499619,HIGH,0
595626,Exclusive Discount,0.3991300584528497,Hotel Night,0.3004480622133511,0.09868199623949864,LOW,0
595690,No Cancel Fee,0.0,Exclusive Discount,-0.1247288492224758,0.1247288492224758,MEDIUM,2
595740,Hotel Night,0.7124464745499619,Exclusive Discount,0.4082057571485944,0.3042407174013675,HIGH,0
595852,Free Bag,1.1885751959584556,Exclusive Discount,0.7223008895265901,0.4662743064318655,HIGH,0
595861,Hotel Night,0.7124464745499619,No Cancel Fee,0.0,0.7124464745499619,HIGH,0
595897,No Cancel Fee,0.0,Exclusive Discount,-0.1247288492224758,0.1247288492224758,MEDIUM,2
595958,Hotel Meal,1.1288413833102255,Exclusive Discount,0.477126279656366,0.6517151036538595,HIGH,0
596103,Free Bag,1.1885751959584556,Hotel Meal,0.4210266298824407,0.7675485660760148,HIGH,0
596153,Exclusive Discount,0.7954707973982652,Hotel Meal,0.7727081740383843,0.022762623359880885,MEDIUM,0
596186,Free Bag,1.1885751959584556,Hotel Meal,0.4744466112732168,0.7141285846852388,HIGH,0
596220,Free Bag,1.1885751959584556,Hotel Night,0.7124464745499619,0.4761287214084937,HIGH,0
596222,Exclusive Discount,1.9171042811887808,Free Bag,1.1885751959584556,0.7285290852303252,HIGH,0
596320,Exclusive Discount,0.0525284084091757,No Cancel Fee,0.0,0.0525284084091757,LOW,2
596329,No Cancel Fee,0.0,Exclusive Discount,-0.1247288492224758,0.1247288492224758,MEDIUM,2
596335,Hotel Night,0.7124464745499619,No Cancel Fee,0.0,0.7124464745499619,HIGH,0
596349,No Cancel Fee,0.0,Exclusive Discount,-0.1247288492224758,0.1247288492224758,MEDIUM,2
596361,Free Bag,1.1885751959584556,Hotel Night,0.7124464745499619,0.4761287214084937,HIGH,0
596409,Hotel Night,0.7124464745499619,Exclusive Discount,0.3198046228106554,0.3926418517393065,HIGH,0
596505,Hotel Meal,1.959076927425207,Hotel Night,0.1974484591291983,1.7616284682960086,HIGH,0
596559,No Cancel Fee,0.0,Exclusive Discount,-0.1247288492224758,0.1247288492224758,MEDIUM,2
596611,No Cancel Fee,0.0,Exclusive Discount,-0.1247288492224758,0.1247288492224758,MEDIUM,2
596732,Hotel Night,0.7124464745499619,No Cancel Fee,0.0,0.7124464745499619,HIGH,0
596820,Free Bag,1.1885751959584556,Exclusive Discount,0.9667276690573746,0.221847526901081,HIGH,0
596856,Hotel Meal,1.638557039080549,Free Bag,1.1885751959584556,0.44998184312209344,HIGH,0
596863,Hotel Meal,2.1028657106687128,Exclusive Discount,0.5197320336641137,1.5831336770045992,HIGH,1
597003,Hotel Night,0.7124464745499619,No Cancel Fee,0.0,0.7124464745499619,HIGH,0
597010,Exclusive Discount,0.2773666335789872,Free Bag,0.1018241682758222,0.17554246530316503,MEDIUM,0
597029,Free Bag,1.1885751959584556,Hotel Night,0.3004480622133511,0.8881271337451045,HIGH,0
597300,Hotel Night,0.7124464745499619,Exclusive Discount,0.2874565244410458,0.4249899501089161,HIGH,0
597410,Hotel Night,0.7124464745499619,Hotel Meal,0.3186383322167862,0.3938081423331757,HIGH,0
597434,Free Bag,0.1018241682758222,Hotel Night,0.0257824539889438,0.0760417142868784,LOW,0
597498,Hotel Meal,0.6035448996342594,Hotel Night,0.4181618943095248,0.18538300532473462,MEDIUM,0
597510,Hotel Night,0.7124464745499619,Free Bag,0.4640745108367,0.24837196371326192,HIGH,0
597734,No Cancel Fee,0.0,Free Bag,-0.2604261742850556,0.2604261742850556,MEDIUM,0
597836,Exclusive Discount,1.345515912230984,Free Bag,1.1885751959584556,0.15694071627252848,MEDIUM,0
597878,Free Bag,1.1885751959584556,Hotel Night,0.7124464745499619,0.4761287214084937,HIGH,0
597946,Exclusive Discount,1.5648936626134586,Free Bag,1.1885751959584556,0.376318466655003,HIGH,0
597948,No Cancel Fee,0.0,Exclusive Discount,-0.1247288492224758,0.1247288492224758,MEDIUM,2
597954,Hotel Night,0.7124464745499619,Hotel Meal,0.4967049368527064,0.21574153769725551,HIGH,0
597955,No Cancel Fee,0.0,Exclusive Discount,-0.1247288492224758,0.1247288492224758,MEDIUM,2
598069,Hotel Meal,0.6391582205614438,Exclusive Discount,0.5083381477240309,0.13082007283741293,MEDIUM,0
598075,Free Bag,1.1885751959584556,Hotel Meal,0.5434474205696362,0.6451277753888194,HIGH,0
598185,Exclusive Discount,1.4769463295258654,Hotel Meal,1.1199380530784295,0.3570082764474358,HIGH,1
598233,Hotel Night,0.7124464745499619,Free Bag,0.4640745108367,0.24837196371326192,HIGH,0
598265,Exclusive Discount,1.5090204914306593,Hotel Meal,1.4671679321184752,0.04185255931218412,MEDIUM,0
598276,Exclusive Discount,0.924205302663724,Hotel Night,0.7124464745499619,0.21175882811376212,HIGH,0
598306,Exclusive Discount,1.2122981340433443,Free Bag,1.1885751959584556,0.02372293808488868,MEDIUM,0
598526,Exclusive Discount,1.322245029184571,Hotel Meal,1.153325541447665,0.16891948773690602,MEDIUM,1
598533,Hotel Night,0.7124464745499619,No Cancel Fee,0.0,0.7124464745499619,HIGH,0
598590,Hotel Meal,1.0130980902968774,Hotel Night,0.7124464745499619,0.30065161574691546,HIGH,0
598687,Free Bag,1.1885751959584556,Hotel Night,0.7124464745499619,0.4761287214084937,HIGH,0
598691,Exclusive Discount,1.7877585006984205,Hotel Night,0.7124464745499619,1.0753120261484586,HIGH,0
598692,Hotel Night,0.7124464745499619,No Cancel Fee,0.0,0.7124464745499619,HIGH,0
598715,Exclusive Discount,0.264941380309449,Free Bag,0.1018241682758222,0.16311721203362683,MEDIUM,0
598832,No Cancel Fee,0.0,Exclusive Discount,-0.1247288492224758,0.1247288492224758,MEDIUM,2
598881,Hotel Meal,1.939044434403665,Exclusive Discount,0.7640437638592994,1.1750006705443656,HIGH,0
598911,Hotel Meal,1.340295476315382,Free Bag,0.826324853397578,0.513970622917804,HIGH,0
598945,Free Bag,1.1885751959584556,Hotel Night,0.7124464745499619,0.4761287214084937,HIGH,0
599065,Free Bag,1.1885751959584556,Hotel Night,0.7124464745499619,0.4761287214084937,HIGH,0
599239,Hotel Meal,0.7495595154357146,Exclusive Discount,0.1163515152175239,0.6332080002181908,HIGH,0
599244,Exclusive Discount,0.748414799514359,No Cancel Fee,0.0,0.748414799514359,HIGH,2
599311,Exclusive Discount,0.9830052150403348,Free Bag,0.1018241682758222,0.8811810467645126,HIGH,0
599335,Free Bag,0.4640745108367,Exclusive Discount,0.3623391351554189,0.1017353756812811,MEDIUM,0
599348,Hotel Meal,0.3475741554701232,Exclusive Discount,0.263946487718643,0.08362766775148023,LOW,0
599437,Hotel Night,0.7124464745499619,Exclusive Discount,0.4868285716597176,0.2256179028902443,HIGH,0
599454,Hotel Night,0.7124464745499619,Hotel Meal,0.0194864364284393,0.6929600381215226,HIGH,0
599649,Hotel Night,0.7124464745499619,No Cancel Fee,0.0,0.7124464745499619,HIGH,0
599651,No Cancel Fee,0.0,Exclusive Discount,-0.1247288492224758,0.1247288492224758,MEDIUM,2
599657,Exclusive Discount,1.4255065336324544,Hotel Night,0.7124464745499619,0.7130600590824925,HIGH,0
599765,Hotel Night,0.7124464745499619,No Cancel Fee,0.0,0.7124464745499619,HIGH,0
599790,No Cancel Fee,0.0,Exclusive Discount,-0.1247288492224758,0.1247288492224758,MEDIUM,2
599833,Hotel Meal,1.0130980902968774,Hotel Night,0.7124464745499619,0.30065161574691546,HIGH,0
599909,No Cancel Fee,0.0,Exclusive Discount,-0.1247288492224758,0.1247288492224758,MEDIUM,2
599927,Hotel Meal,0.7905148345019763,Hotel Night,0.7124464745499619,0.07806835995201444,MEDIUM,0
599999,No Cancel Fee,0.0,Exclusive Discount,-0.1247288492224758,0.1247288492224758,MEDIUM,2
600011,Hotel Night,0.0257824539889438,No Cancel Fee,0.0,0.0257824539889438,LOW,0
600018,Free Bag,1.7319507097997724,Hotel Meal,0.4254782949983383,1.3064724148014342,HIGH,0
600057,Exclusive Discount,0.8290469589218022,Hotel Night,0.7124464745499619,0.11660048437184034,MEDIUM,0
600078,Free Bag,1.1885751959584556,Exclusive Discount,0.463704371570903,0.7248708243875526,HIGH,0
600163,No Cancel Fee,0.0,Exclusive Discount,-0.1247288492224758,0.1247288492224758,MEDIUM,2
600265,No Cancel Fee,0.0,Exclusive Discount,-0.1247288492224758,0.1247288492224758,MEDIUM,2
600287,Exclusive Discount,0.9429195794632048,Hotel Night,0.7124464745499619,0.2304731049132429,HIGH,0
600304,Free Bag,1.1885751959584556,Hotel Night,0.7124464745499619,0.4761287214084937,HIGH,0
600351,Free Bag,0.1018241682758222,Hotel Night,0.0257824539889438,0.0760417142868784,LOW,0
600395,Free Bag,1.1885751959584556,Hotel Meal,0.8350314856609564,0.3535437102974992,HIGH,0
600444,Hotel Meal,1.2067455228384414,Hotel Night,0.7124464745499619,0.4942990482884795,HIGH,0
600515,Free Bag,1.1885751959584556,Hotel Night,0.7124464745499619,0.4761287214084937,HIGH,0
600561,Free Bag,1.1885751959584556,Hotel Night,0.7124464745499619,0.4761287214084937,HIGH,0
600605,Hotel Night,0.7124464745499619,No Cancel Fee,0.0,0.7124464745499619,HIGH,0
600648,Hotel Meal,0.843934815892752,Free Bag,0.4640745108367,0.379860305056052,HIGH,0
600690,Hotel Night,0.7124464745499619,Exclusive Discount,0.2106115479052024,0.5018349266447595,HIGH,0
600750,Hotel Night,0.7124464745499619,No Cancel Fee,0.0,0.7124464745499619,HIGH,0
600796,Hotel Meal,1.4738454297923225,No Cancel Fee,0.0,1.4738454297923225,HIGH,1
600833,No Cancel Fee,0.0,Exclusive Discount,-0.1247288492224758,0.1247288492224758,MEDIUM,2
600842,Hotel Meal,0.5269762596408136,No Cancel Fee,0.0,0.5269762596408136,MEDIUM,0
600886,Hotel Night,0.7124464745499619,Hotel Meal,0.6777393182325598,0.034707156317402066,MEDIUM,0
600926,Exclusive Discount,1.167421303019916,Hotel Night,0.7124464745499619,0.4549748284699542,HIGH,0
600930,Free Bag,1.1885751959584556,Hotel Night,0.7124464745499619,0.4761287214084937,HIGH,0
601094,No Cancel Fee,0.0,Exclusive Discount,-0.1247288492224758,0.1247288492224758,MEDIUM,2
601104,Free Bag,1.1885751959584556,Hotel Night,0.7124464745499619,0.4761287214084937,HIGH,0
601116,Hotel Night,0.7124464745499619,Exclusive Discount,0.2077670194320486,0.5046794551179133,HIGH,0
601158,Free Bag,0.1018241682758222,Hotel Night,0.0257824539889438,0.0760417142868784,LOW,0
601282,Hotel Night,0.7124464745499619,Free Bag,0.1018241682758222,0.6106223062741397,HIGH,0
601582,Hotel Meal,1.115486387962532,Hotel Night,0.0257824539889438,1.0897039339735883,HIGH,0
601673,Hotel Meal,0.5323182577798908,Hotel Night,0.4181618943095248,0.11415636347036606,MEDIUM,0
601882,Hotel Night,0.3004480622133511,Exclusive Discount,0.0531050618947182,0.24734300031863288,MEDIUM,0
601894,Exclusive Discount,0.684525961458815,Hotel Meal,0.3601872066318342,0.32433875482698077,MEDIUM,0
601917,Exclusive Discount,0.5576794472406014,Hotel Night,0.3004480622133511,0.2572313850272503,MEDIUM,0
602120,Hotel Meal,0.9685814391378974,Hotel Night,0.7124464745499619,0.2561349645879355,HIGH,0
602190,Hotel Meal,0.8483864810086504,Exclusive Discount,0.3729646676203379,0.4754218133883125,HIGH,0
602323,No Cancel Fee,0.0,Exclusive Discount,-0.1247288492224758,0.1247288492224758,MEDIUM,2
602433,Hotel Night,0.7124464745499619,Free Bag,0.4640745108367,0.24837196371326192,HIGH,0
602476,Hotel Meal,1.2000680251645943,Hotel Night,0.4181618943095248,0.7819061308550695,HIGH,0
602478,No Cancel Fee,0.0,Exclusive Discount,-0.1247288492224758,0.1247288492224758,MEDIUM,2
602598,Free Bag,1.1885751959584556,Exclusive Discount,0.9981065228028242,0.19046867315563143,MEDIUM,0
602656,Free Bag,1.1885751959584556,Hotel Night,0.7124464745499619,0.4761287214084937,HIGH,0
602734,No Cancel Fee,0.0,Exclusive Discount,-0.1247288492224758,0.1247288492224758,MEDIUM,2
602748,Hotel Meal,0.7727081740383843,Hotel Night,0.7124464745499619,0.060261699488422416,MEDIUM,0
602769,Hotel Meal,1.0130980902968774,Hotel Night,0.7124464745499619,0.30065161574691546,HIGH,0
602793,Free Bag,1.1885751959584556,Exclusive Discount,0.5703136911581903,0.6182615048002653,HIGH,0
602827,Hotel Meal,1.2334555135338294,Hotel Night,0.7124464745499619,0.5210090389838675,HIGH,0
602918,Free Bag,1.1885751959584556,Exclusive Discount,0.5679071718538633,0.6206680241045923,HIGH,0
602921,Free Bag,1.1885751959584556,Hotel Night,0.7124464745499619,0.4761287214084937,HIGH,0
602925,Hotel Night,0.3004480622133511,No Cancel Fee,0.0,0.3004480622133511,MEDIUM,0
602946,Hotel Meal,1.0130980902968774,Exclusive Discount,0.5808482830505121,0.4322498072463653,HIGH,0
602953,Free Bag,0.4640745108367,Hotel Night,0.3004480622133511,0.1636264486233489,MEDIUM,0
602962,Exclusive Discount,0.9579675748211908,Hotel Night,0.7124464745499619,0.24552110027122886,HIGH,0
603033,No Cancel Fee,0.0,Exclusive Discount,-0.1247288492224758,0.1247288492224758,MEDIUM,2
603053,Exclusive Discount,0.8157830720348704,Hotel Night,0.7124464745499619,0.10333659748490853,MEDIUM,0
603100,No Cancel Fee,0.0,Exclusive Discount,-0.1247288492224758,0.1247288492224758,MEDIUM,2
603160,Hotel Meal,1.2868754949246055,Hotel Night,0.5251744689424108,0.7617010259821947,HIGH,0
603221,No Cancel Fee,0.0,Exclusive Discount,-0.1247288492224758,0.1247288492224758,MEDIUM,2
603278,Free Bag,1.1885751959584556,Hotel Night,0.7124464745499619,0.4761287214084937,HIGH,0
603296,Free Bag,1.1885751959584556,Exclusive Discount,0.203414938880235,0.9851602570782206,HIGH,0
603341,No Cancel Fee,0.0,Exclusive Discount,-0.1247288492224758,0.1247288492224758,MEDIUM,2
603345,Free Bag,1.1885751959584556,Hotel Night,0.7124464745499619,0.4761287214084937,HIGH,0
603440,Hotel Meal,1.5205879135092517,Hotel Night,0.3004480622133511,1.2201398512959005,HIGH,0
603515,Hotel Meal,0.7927406670599254,Exclusive Discount,0.6611659742506869,0.1315746928092385,MEDIUM,0
603592,Hotel Night,0.7124464745499619,Hotel Meal,0.2474116903624177,0.4650347841875442,HIGH,0
603635,Free Bag,1.1885751959584556,Hotel Night,0.7124464745499619,0.4761287214084937,HIGH,0
603715,Hotel Meal,0.8461606484507014,Hotel Night,0.3004480622133511,0.5457125862373503,HIGH,0
603809,Free Bag,1.1885751959584556,Exclusive Discount,0.8570910870041837,0.33148410895427194,HIGH,0
603875,Hotel Night,0.7124464745499619,Exclusive Discount,0.5389279120585365,0.1735185624914254,MEDIUM,0
603883,Exclusive Discount,0.7939325179008971,Hotel Meal,0.5790607414968203,0.21487177640407684,HIGH,0
604136,Exclusive Discount,1.8949824530898831,Hotel Meal,0.7192881926476079,1.1756942604422753,HIGH,0
604355,Free Bag,2.2753262236410894,Hotel Meal,0.6859007042783728,1.5894255193627167,HIGH,0
604388,Free Bag,3.3620772513237225,Hotel Night,0.7124464745499619,2.6496307767737606,HIGH,0
604592,No Cancel Fee,0.0,Exclusive Discount,-0.1247288492224758,0.1247288492224758,MEDIUM,2
604617,Free Bag,1.1885751959584556,Hotel Meal,0.9663556065799483,0.22221958937850728,HIGH,0
604664,No Cancel Fee,0.0,Exclusive Discount,-0.1247288492224758,0.1247288492224758,MEDIUM,2
604688,Hotel Meal,0.8261281554291608,Hotel Night,0.7124464745499619,0.11368168087919894,MEDIUM,0
604804,Exclusive Discount,1.4636167289740674,Free Bag,0.1018241682758222,1.361792560698245,HIGH,0
604840,Hotel Night,0.7124464745499619,No Cancel Fee,0.0,0.7124464745499619,HIGH,0
604916,No Cancel Fee,0.0,Exclusive Discount,-0.1247288492224758,0.1247288492224758,MEDIUM,2
604982,Hotel Night,0.7124464745499619,Free Bag,0.1018241682758222,0.6106223062741397,HIGH,0
605004,Free Bag,1.1885751959584556,Exclusive Discount,0.743196011904487,0.4453791840539686,HIGH,0
605096,Free Bag,1.9130758810802115,Hotel Night,0.7124464745499619,1.2006294065302496,HIGH,0
605308,No Cancel Fee,0.0,Exclusive Discount,-0.1247288492224758,0.1247288492224758,MEDIUM,2
605311,Hotel Night,0.7124464745499619,Exclusive Discount,0.340712531367363,0.3717339431825989,HIGH,0
605439,Hotel Night,0.7124464745499619,No Cancel Fee,0.0,0.7124464745499619,HIGH,0
605494,Free Bag,1.1885751959584556,Hotel Night,0.7124464745499619,0.4761287214084937,HIGH,0
605558,Hotel Meal,1.9145602762662268,Exclusive Discount,0.7227319681833756,1.1918283080828513,HIGH,0
605578,Hotel Meal,1.6875253553554272,Exclusive Discount,0.9741671034166612,0.713358251938766,HIGH,1
605607,Free Bag,3.3620772513237225,Hotel Night,0.7124464745499619,2.6496307767737606,HIGH,0
605615,Hotel Night,0.7124464745499619,Free Bag,0.1018241682758222,0.6106223062741397,HIGH,0
605619,Free Bag,3.3620772513237225,Hotel Night,0.7124464745499619,2.6496307767737606,HIGH,0
605776,Hotel Meal,1.8678177925492976,Free Bag,1.1885751959584556,0.679242596590842,HIGH,0
605780,Exclusive Discount,1.9166627007963568,Free Bag,1.1885751959584556,0.7280875048379012,HIGH,0
605878,Hotel Night,0.7124464745499619,Exclusive Discount,0.5948945237063156,0.11755195084364634,MEDIUM,0
605945,Hotel Night,0.3004480622133511,No Cancel Fee,0.0,0.3004480622133511,MEDIUM,0
606041,Free Bag,0.1018241682758222,Hotel Night,0.0257824539889438,0.0760417142868784,LOW,0
606060,Free Bag,1.1885751959584556,Hotel Night,0.7124464745499619,0.4761287214084937,HIGH,0
606094,Hotel Meal,0.8795481368199368,Exclusive Discount,0.7497806466800893,0.12976749013984756,MEDIUM,0
606161,Hotel Meal,1.5383945739728435,Exclusive Discount,0.481056708578788,1.0573378653940555,HIGH,1
606283,Hotel Night,0.7124464745499619,Exclusive Discount,0.6080749317467837,0.10437154280317817,MEDIUM,0
606290,Free Bag,1.1885751959584556,Hotel Night,0.7124464745499619,0.4761287214084937,HIGH,0
606333,Exclusive Discount,1.306585837253137,Hotel Meal,0.944097281000458,0.36248855625267895,HIGH,0
606362,No Cancel Fee,0.0,Exclusive Discount,-0.1247288492224758,0.1247288492224758,MEDIUM,2
606456,No Cancel Fee,0.0,Exclusive Discount,-0.1247288492224758,0.1247288492224758,MEDIUM,2
606568,Hotel Night,0.7124464745499619,No Cancel Fee,0.0,0.7124464745499619,HIGH,0
606635,Hotel Night,0.7124464745499619,No Cancel Fee,0.0,0.7124464745499619,HIGH,0
606648,Hotel Meal,0.7103848624158119,Exclusive Discount,0.1464596407881623,0.5639252216276496,HIGH,0
606762,Free Bag,2.2753262236410894,Hotel Night,0.7124464745499619,1.5628797490911275,HIGH,0
606862,Free Bag,1.1885751959584556,Hotel Night,0.7124464745499619,0.4761287214084937,HIGH,0
606930,Free Bag,1.9130758810802115,Hotel Meal,0.8261281554291608,1.0869477256510507,HIGH,0
607017,Hotel Meal,1.0865505647091944,Exclusive Discount,0.8681029421054385,0.21844762260375594,HIGH,0
607028,Hotel Night,0.7124464745499619,Hotel Meal,0.5323182577798908,0.18012821677007107,MEDIUM,0
607152,Hotel Meal,1.789468486509492,Hotel Night,0.3004480622133511,1.489020424296141,HIGH,0
607270,Free Bag,1.1885751959584556,Hotel Night,0.7124464745499619,0.4761287214084937,HIGH,0
607280,Free Bag,1.1885751959584556,Hotel Night,0.7124464745499619,0.4761287214084937,HIGH,0
607350,Free Bag,1.1885751959584556,Hotel Night,0.3004480622133511,0.8881271337451045,HIGH,0
607524,No Cancel Fee,0.0,Exclusive Discount,-0.1247288492224758,0.1247288492224758,MEDIUM,2
607626,Hotel Meal,1.7943653181369796,Exclusive Discount,1.5156216546111867,0.27874366352579294,HIGH,1
607706,Free Bag,1.1885751959584556,No Cancel Fee,0.0,1.1885751959584556,HIGH,2
607799,Free Bag,1.1885751959584556,Exclusive Discount,1.1302342018837477,0.05834099407470794,MEDIUM,0
607931,Hotel Night,0.3004480622133511,No Cancel Fee,0.0,0.3004480622133511,MEDIUM,0
607998,Hotel Night,0.3004480622133511,No Cancel Fee,0.0,0.3004480622133511,MEDIUM,0
608039,Free Bag,1.1885751959584556,Hotel Meal,0.4210266298824407,0.7675485660760148,HIGH,0
608086,Exclusive Discount,1.7922410432832212,Hotel Night,0.7124464745499619,1.0797945687332593,HIGH,0
608287,Hotel Night,0.7124464745499619,Free Bag,0.4640745108367,0.24837196371326192,HIGH,0
608296,Hotel Meal,1.11993805307843,Exclusive Discount,0.8067268109566386,0.3132112421217914,HIGH,0
608343,Exclusive Discount,1.559967871488207,Free Bag,1.1885751959584556,0.3713926755297514,HIGH,0
608478,Free Bag,1.1885751959584556,No Cancel Fee,0.0,1.1885751959584556,HIGH,2
608520,Free Bag,1.1885751959584556,Hotel Meal,1.0914473963366826,0.09712779962177298,MEDIUM,0
608521,Free Bag,1.1885751959584556,Hotel Night,0.7124464745499619,0.4761287214084937,HIGH,0
608629,Hotel Meal,1.2761914986464509,Hotel Night,0.7124464745499619,0.563745024096489,HIGH,0
608725,Free Bag,1.1885751959584556,Hotel Meal,0.4210266298824407,0.7675485660760148,HIGH,0
608727,Hotel Meal,1.930141104171869,Exclusive Discount,0.5108001306846207,1.4193409734872482,HIGH,0
608764,Hotel Night,0.7124464745499619,Free Bag,0.1018241682758222,0.6106223062741397,HIGH,0
608786,No Cancel Fee,0.0,Exclusive Discount,-0.1247288492224758,0.1247288492224758,MEDIUM,2
608820,Free Bag,3.3620772513237225,Hotel Night,0.7124464745499619,2.6496307767737606,HIGH,0
608860,Hotel Night,0.7124464745499619,Hotel Meal,0.1183134020013753,0.5941330725485866,HIGH,0
608866,Free Bag,1.1885751959584556,Hotel Night,0.7124464745499619,0.4761287214084937,HIGH,0
608970,No Cancel Fee,0.0,Exclusive Discount,-0.6848891764188818,0.6848891764188818,MEDIUM,2
609051,No Cancel Fee,0.0,Free Bag,-0.9849268594068112,0.9849268594068112,MEDIUM,2
609102,Free Bag,3.3620772513237225,Hotel Night,0.7124464745499619,2.6496307767737606,HIGH,0
609167,Free Bag,1.1885751959584556,Hotel Night,0.7124464745499619,0.4761287214084937,HIGH,0
609221,Free Bag,1.1885751959584556,No Cancel Fee,0.0,1.1885751959584556,HIGH,2
609228,Hotel Night,0.7124464745499619,Hotel Meal,0.4544141182516757,0.2580323562982862,HIGH,0
609230,No Cancel Fee,0.0,Exclusive Discount,-0.905996841407199,0.905996841407199,MEDIUM,2
609236,Hotel Night,0.7124464745499619,Free Bag,0.4640745108367,0.24837196371326192,HIGH,0
609240,Free Bag,1.9130758810802115,Exclusive Discount,0.8002877725223204,1.1127881085578912,HIGH,0
609243,Hotel Meal,1.5294912437410475,Free Bag,1.1885751959584556,0.3409160477825919,HIGH,0
609262,Hotel Meal,0.8884514670517325,Hotel Night,0.7124464745499619,0.1760049925017706,MEDIUM,0
609393,Exclusive Discount,1.0314614200032477,Hotel Meal,0.3097350019849897,0.721726418018258,HIGH,0
609413,Exclusive Discount,1.211610693710392,Hotel Night,0.7124464745499619,0.4991642191604302,HIGH,0
609673,Hotel Night,0.7124464745499619,Free Bag,0.4640745108367,0.24837196371326192,HIGH,0
609720,Free Bag,0.1018241682758222,Hotel Night,0.0257824539889438,0.0760417142868784,LOW,0
609800,Free Bag,1.1885751959584556,Exclusive Discount,0.862716323945203,0.3258588720132526,HIGH,0
609817,Exclusive Discount,0.5253674199297184,Hotel Night,0.4181618943095248,0.10720552562019359,MEDIUM,0
609838,No Cancel Fee,0.0,Exclusive Discount,-0.1247288492224758,0.1247288492224758,MEDIUM,2
609868,Hotel Night,0.7124464745499619,Hotel Meal,0.6836748717204243,0.028771602829537613,MEDIUM,0
610144,Hotel Meal,1.881172787896991,Hotel Night,0.7124464745499619,1.1687263133470291,HIGH,0
610226,Free Bag,1.1885751959584556,Hotel Night,0.7124464745499619,0.4761287214084937,HIGH,0
610280,Hotel Meal,2.194273234381819,Exclusive Discount,1.0950274943082952,1.099245740073524,HIGH,1
610294,Hotel Night,0.7124464745499619,Free Bag,0.1018241682758222,0.6106223062741397,HIGH,0
610306,Free Bag,1.1885751959584556,Hotel Night,0.3004480622133511,0.8881271337451045,HIGH,0
610338,Exclusive Discount,1.4675074673552713,Free Bag,1.1885751959584556,0.27893227139681565,HIGH,0
610395,Free Bag,1.1885751959584556,Hotel Meal,0.6502873833511884,0.5382878126072672,HIGH,0
610474,Exclusive Discount,1.8065212280355027,Hotel Night,0.7124464745499619,1.0940747534855408,HIGH,0
610482,Hotel Meal,1.387037960032311,Free Bag,0.4640745108367,0.9229634491956111,HIGH,0
610492,Hotel Meal,1.217874685628186,No Cancel Fee,0.0,1.217874685628186,HIGH,1
610530,No Cancel Fee,0.0,Exclusive Discount,-0.1247288492224758,0.1247288492224758,MEDIUM,2
610670,Exclusive Discount,0.7246335346828435,Hotel Night,0.7124464745499619,0.012187060132881622,MEDIUM,0
610763,Free Bag,1.1885751959584556,Hotel Night,0.7124464745499619,0.4761287214084937,HIGH,0
610793,Hotel Night,0.7124464745499619,Free Bag,0.1018241682758222,0.6106223062741397,HIGH,0
610806,Exclusive Discount,0.5373983073069285,Hotel Meal,0.3720583136075622,0.1653399936993663,MEDIUM,0
610905,No Cancel Fee,0.0,Exclusive Discount,-0.1247288492224758,0.1247288492224758,MEDIUM,2
610909,Hotel Night,0.7124464745499619,No Cancel Fee,0.0,0.7124464745499619,HIGH,0
611031,No Cancel Fee,0.0,Exclusive Discount,-0.1247288492224758,0.1247288492224758,MEDIUM,2
611065,Hotel Night,0.7124464745499619,Hotel Meal,0.4254782949983383,0.2869681795516236,HIGH,0
611087,Free Bag,1.1885751959584556,Hotel Meal,0.3601872066318342,0.8283879893266215,HIGH,0
611126,Free Bag,1.1885751959584556,Exclusive Discount,0.8452988053542232,0.34327639060423243,HIGH,0
611177,Hotel Night,0.7124464745499619,No Cancel Fee,0.0,0.7124464745499619,HIGH,0
611251,Hotel Night,0.7124464745499619,Free Bag,0.1018241682758222,0.6106223062741397,HIGH,0
611350,Free Bag,1.1885751959584556,Hotel Night,0.7124464745499619,0.4761287214084937,HIGH,0
611371,Hotel Meal,1.0865505647091949,Free Bag,0.645199682117139,0.4413508825920559,HIGH,0
611583,Free Bag,1.1885751959584556,Exclusive Discount,0.5632733274005559,0.6253018685578997,HIGH,0
611839,Hotel Meal,1.0665180716876534,Hotel Night,0.7124464745499619,0.35407159713769154,HIGH,0
611852,Exclusive Discount,1.309227498487305,Free Bag,1.1885751959584556,0.12065230252884929,MEDIUM,0
611887,Free Bag,0.4640745108367,Exclusive Discount,0.4243909578456353,0.039683552991064686,LOW,0
611954,Exclusive Discount,0.8012166068500142,Hotel Meal,0.7549015135747923,0.046315093275221875,MEDIUM,0
612002,Hotel Meal,1.4404579414230871,Hotel Night,0.3004480622133511,1.1400098792097362,HIGH,0
612128,Free Bag,3.3620772513237225,Hotel Night,0.7124464745499619,2.6496307767737606,HIGH,0
612175,Free Bag,3.3620772513237225,Hotel Night,0.7124464745499619,2.6496307767737606,HIGH,0
612226,No Cancel Fee,0.0,Exclusive Discount,-0.1247288492224758,0.1247288492224758,MEDIUM,2
612236,Hotel Night,0.7124464745499619,Exclusive Discount,0.5348754636670116,0.17757101088295035,MEDIUM,0
612562,Exclusive Discount,2.118944192369136,No Cancel Fee,0.0,2.118944192369136,HIGH,2
612685,Hotel Night,0.7124464745499619,Exclusive Discount,0.4737049149443605,0.2387415596056014,HIGH,0
612797,Hotel Night,0.7124464745499619,No Cancel Fee,0.0,0.7124464745499619,HIGH,0
612812,Hotel Meal,2.402017606457059,Exclusive Discount,1.5156216546111867,0.8863959518458724,HIGH,1
612976,No Cancel Fee,0.0,Exclusive Discount,-0.1247288492224758,0.1247288492224758,MEDIUM,2
613164,Exclusive Discount,2.2321956306437314,Hotel Meal,0.9418714484425088,1.2903241822012226,HIGH,0
613252,No Cancel Fee,0.0,Exclusive Discount,-0.1247288492224758,0.1247288492224758,MEDIUM,2
613275,Exclusive Discount,0.8382193889400685,Hotel Night,0.3004480622133511,0.5377713267267175,HIGH,0
613383,No Cancel Fee,0.0,Exclusive Discount,-0.1247288492224758,0.1247288492224758,MEDIUM,2
613442,Free Bag,1.1885751959584556,Hotel Meal,0.9863880996014894,0.2021870963569662,HIGH,0
613655,Hotel Night,0.7124464745499619,Free Bag,0.1018241682758222,0.6106223062741397,HIGH,0
613874,Hotel Night,0.7124464745499619,Free Bag,0.4640745108367,0.24837196371326192,HIGH,0
613921,Free Bag,1.1885751959584556,Hotel Night,0.7124464745499619,0.4761287214084937,HIGH,0
613941,Hotel Meal,1.881172787896992,No Cancel Fee,0.0,1.881172787896992,HIGH,1
614033,Hotel Night,0.7124464745499619,Free Bag,0.1018241682758222,0.6106223062741397,HIGH,0
614092,Hotel Meal,1.5472979042046395,Exclusive Discount,1.3512515229985615,0.19604638120607798,MEDIUM,1
614111,Exclusive Discount,1.5638335422867835,Hotel Night,0.7124464745499619,0.8513870677368216,HIGH,0
614165,Hotel Meal,0.8261281554291608,Hotel Night,0.7124464745499619,0.11368168087919894,MEDIUM,0
614311,Free Bag,1.1885751959584556,Exclusive Discount,1.1881540700322846,0.00042112592617105093,MEDIUM,0
614412,Hotel Night,0.7124464745499619,Exclusive Discount,0.203193795974073,0.5092526785758889,HIGH,0
614549,Hotel Meal,0.5145115973162988,Hotel Night,0.0257824539889438,0.488729143327355,MEDIUM,0
614595,No Cancel Fee,0.0,Exclusive Discount,-0.1247288492224758,0.1247288492224758,MEDIUM,2
614632,Exclusive Discount,1.653312505611858,Free Bag,1.1885751959584556,0.46473730965340243,HIGH,0
614668,Exclusive Discount,1.979223532367783,Free Bag,1.1885751959584556,0.7906483364093273,HIGH,0
614748,Free Bag,1.1885751959584556,Hotel Night,0.7124464745499619,0.4761287214084937,HIGH,0
614793,Free Bag,1.1885751959584556,No Cancel Fee,0.0,1.1885751959584556,HIGH,2
614814,Hotel Meal,1.5806853925738746,No Cancel Fee,0.0,1.5806853925738746,HIGH,1
614828,Hotel Night,0.0257824539889438,No Cancel Fee,0.0,0.0257824539889438,LOW,0
614846,No Cancel Fee,0.0,Exclusive Discount,-0.1247288492224758,0.1247288492224758,MEDIUM,2
614918,Hotel Meal,1.180035532143053,Hotel Night,0.7124464745499619,0.467589057593091,HIGH,0
614933,Hotel Night,0.7124464745499619,Free Bag,0.1018241682758222,0.6106223062741397,HIGH,0
615006,Hotel Night,0.7124464745499619,No Cancel Fee,0.0,0.7124464745499619,HIGH,0
615266,Hotel Meal,1.8544627972016032,Hotel Night,0.7124464745499619,1.1420163226516413,HIGH,0
615307,Free Bag,3.3620772513237225,Hotel Night,0.7124464745499619,2.6496307767737606,HIGH,0
615489,No Cancel Fee,0.0,Exclusive Discount,-0.1247288492224758,0.1247288492224758,MEDIUM,2
615544,Free Bag,1.1885751959584556,Exclusive Discount,1.0031149521687857,0.18546024378966997,MEDIUM,2
615749,Hotel Night,0.7124464745499619,Hotel Meal,0.3186383322167858,0.3938081423331761,HIGH,0
615881,No Cancel Fee,0.0,Exclusive Discount,-0.1247288492224758,0.1247288492224758,MEDIUM,2
615922,Hotel Meal,0.5389957554537382,No Cancel Fee,0.0,0.5389957554537382,MEDIUM,0
616086,No Cancel Fee,0.0,Exclusive Discount,-0.1247288492224758,0.1247288492224758,MEDIUM,2
616125,No Cancel Fee,0.0,Exclusive Discount,-0.1247288492224758,0.1247288492224758,MEDIUM,2
616222,Free Bag,1.1885751959584556,Hotel Night,0.7124464745499619,0.4761287214084937,HIGH,0
616461,Free Bag,0.1018241682758222,Hotel Night,0.0257824539889438,0.0760417142868784,LOW,0
616470,Hotel Night,0.7124464745499619,Free Bag,0.1018241682758222,0.6106223062741397,HIGH,0
616491,Exclusive Discount,0.7232985657645885,Hotel Night,0.7124464745499619,0.010852091214626602,MEDIUM,0
616518,Free Bag,1.1885751959584556,Exclusive Discount,0.7171359387776044,0.4714392571808512,HIGH,0
616692,Free Bag,1.1885751959584556,No Cancel Fee,0.0,1.1885751959584556,HIGH,2
616715,Exclusive Discount,1.329238992075939,Free Bag,1.1885751959584556,0.14066379611748348,MEDIUM,0
616718,Hotel Night,0.7124464745499619,Hotel Meal,0.2474116903624177,0.4650347841875442,HIGH,0
616734,No Cancel Fee,0.0,Exclusive Discount,-0.1247288492224758,0.1247288492224758,MEDIUM,2
616789,Hotel Meal,1.6541378669861917,Exclusive Discount,1.428602173169211,0.2255356938169808,HIGH,1
616795,Hotel Meal,1.093228062383042,Exclusive Discount,0.7182217640388874,0.37500629834415455,HIGH,0
616802,Free Bag,0.4640745108367,Exclusive Discount,0.388190990571424,0.075883520265276,LOW,0
616950,Free Bag,1.1885751959584556,Hotel Night,0.7124464745499619,0.4761287214084937,HIGH,0
616992,Free Bag,1.1885751959584556,No Cancel Fee,0.0,1.1885751959584556,HIGH,2
617052,Free Bag,1.1885751959584556,Hotel Night,0.7124464745499619,0.4761287214084937,HIGH,0
617125,Free Bag,0.4640745108367,Hotel Night,0.3004480622133511,0.1636264486233489,MEDIUM,0
617199,Hotel Meal,1.7431711693041525,Free Bag,1.1885751959584556,0.5545959733456969,HIGH,0
617402,Hotel Night,0.7124464745499619,Hotel Meal,0.307954335938631,0.40449213861133093,HIGH,0
617407,Hotel Night,0.7124464745499619,No Cancel Fee,0.0,0.7124464745499619,HIGH,0
617458,Exclusive Discount,1.6504457138865485,Free Bag,0.4640745108367,1.1863712030498486,HIGH,0
617506,Free Bag,1.1885751959584556,Exclusive Discount,0.989590296074652,0.19898489988380363,MEDIUM,0
617606,No Cancel Fee,0.0,Exclusive Discount,-0.1247288492224758,0.1247288492224758,MEDIUM,2
617743,Free Bag,1.1885751959584556,Hotel Meal,0.7415465182270983,0.44702867773135735,HIGH,0
617878,Hotel Meal,1.707557848376969,Free Bag,0.7538747848854024,0.9536830634915665,HIGH,0
617964,Exclusive Discount,1.6509852924098192,Hotel Meal,1.153325541447665,0.4976597509621541,HIGH,1
617990,No Cancel Fee,0.0,Exclusive Discount,-0.1247288492224758,0.1247288492224758,MEDIUM,2
617994,Exclusive Discount,1.4910335122305878,Hotel Meal,0.6213515600978513,0.8696819521327365,HIGH,0
618063,Hotel Meal,0.9685814391378974,Hotel Night,0.7124464745499619,0.2561349645879355,HIGH,0
618088,Free Bag,1.1885751959584556,Hotel Night,0.7124464745499619,0.4761287214084937,HIGH,0
618157,Free Bag,1.1885751959584556,Hotel Night,0.7124464745499619,0.4761287214084937,HIGH,0
618181,Exclusive Discount,0.8505708005489685,Hotel Night,0.7124464745499619,0.1381243259990066,MEDIUM,0
618201,No Cancel Fee,0.0,Free Bag,-0.9849268594068112,0.9849268594068112,MEDIUM,2
618230,No Cancel Fee,0.0,Exclusive Discount,-0.1247288492224758,0.1247288492224758,MEDIUM,2
618266,Free Bag,1.1885751959584556,Hotel Night,0.7124464745499619,0.4761287214084937,HIGH,0
618308,Free Bag,1.1885751959584556,Hotel Night,0.7124464745499619,0.4761287214084937,HIGH,0
618343,No Cancel Fee,0.0,Exclusive Discount,-0.1247288492224758,0.1247288492224758,MEDIUM,2
618392,Free Bag,1.1885751959584556,Hotel Meal,0.8595156437983958,0.3290595521600598,HIGH,0
618418,Hotel Meal,1.3616634688716924,Hotel Night,0.7124464745499619,0.6492169943217305,HIGH,0
618429,Free Bag,1.1885751959584556,Hotel Night,0.7124464745499619,0.4761287214084937,HIGH,0
618535,Exclusive Discount,0.8091945377103047,Hotel Night,0.7124464745499619,0.09674806316034279,MEDIUM,0
618642,Free Bag,1.1885751959584556,No Cancel Fee,0.0,1.1885751959584556,HIGH,0
618664,No Cancel Fee,0.0,Exclusive Discount,-0.1247288492224758,0.1247288492224758,MEDIUM,2
618759,Exclusive Discount,1.3654286758148697,Free Bag,1.1885751959584556,0.1768534798564141,MEDIUM,2
618780,Hotel Night,0.7124464745499619,Free Bag,0.4640745108367,0.24837196371326192,HIGH,0
618815,Hotel Meal,1.6875253553554272,Exclusive Discount,1.2255567164712644,0.46196863888416284,HIGH,1
618881,Free Bag,0.1018241682758222,Hotel Night,0.0257824539889438,0.0760417142868784,LOW,0
619079,Exclusive Discount,1.11488669363826,Hotel Meal,0.8261281554291608,0.28875853820909914,HIGH,0
619109,Exclusive Discount,2.0663165452995176,Hotel Night,0.7124464745499619,1.3538700707495557,HIGH,0
619218,Hotel Night,0.7124464745499619,No Cancel Fee,0.0,0.7124464745499619,HIGH,0
619321,Hotel Meal,2.4361388857794646,Exclusive Discount,0.6504677734053521,1.7856711123741125,HIGH,0
619362,Hotel Meal,0.7549015135747923,Hotel Night,0.7124464745499619,0.04245503902483039,MEDIUM,0
619432,Free Bag,1.1885751959584556,Hotel Night,0.7124464745499619,0.4761287214084937,HIGH,0
619520,Hotel Night,0.7124464745499619,No Cancel Fee,0.0,0.7124464745499619,HIGH,0
619615,Hotel Meal,0.8261281554291608,Hotel Night,0.7124464745499619,0.11368168087919894,MEDIUM,0
619918,Exclusive Discount,0.589085970585634,Free Bag,0.4640745108367,0.12501145974893396,MEDIUM,0
619938,No Cancel Fee,0.0,Exclusive Discount,-0.1247288492224758,0.1247288492224758,MEDIUM,2
619971,Hotel Meal,1.0464855786661125,Exclusive Discount,0.906485284517345,0.14000029414876747,MEDIUM,1
619983,Hotel Meal,1.0464855786661125,No Cancel Fee,0.0,1.0464855786661125,HIGH,1
620033,No Cancel Fee,0.0,Exclusive Discount,-0.1247288492224758,0.1247288492224758,MEDIUM,2
620274,Hotel Night,0.7124464745499619,Free Bag,0.4640745108367,0.24837196371326192,HIGH,0
620300,Hotel Night,0.7124464745499619,Exclusive Discount,0.1122250509608314,0.6002214235891306,HIGH,0
620394,Free Bag,3.3620772513237225,Hotel Night,0.7124464745499619,2.6496307767737606,HIGH,0
620453,No Cancel Fee,0.0,Exclusive Discount,-0.1247288492224758,0.1247288492224758,MEDIUM,2
620690,Free Bag,3.3620772513237225,Hotel Meal,0.8595156437983958,2.5025616075253265,HIGH,0
620719,Hotel Meal,1.7943653181369796,Exclusive Discount,0.916154115788676,0.8782112023483036,HIGH,1
620884,Exclusive Discount,0.8091320713228627,Hotel Meal,0.3542516531439703,0.4548804181788924,HIGH,0
620972,Hotel Night,0.7124464745499619,Free Bag,0.1018241682758222,0.6106223062741397,HIGH,0
620991,Free Bag,1.1885751959584556,Hotel Meal,0.3676066484916642,0.8209685474667914,HIGH,0
621072,Hotel Night,0.7124464745499619,Exclusive Discount,0.1558806003703192,0.5565658741796427,HIGH,0
621081,Hotel Night,0.7124464745499619,Free Bag,0.4640745108367,0.24837196371326192,HIGH,0
621085,Hotel Meal,1.5806853925738746,Exclusive Discount,1.2158878851999335,0.3647975073739411,HIGH,1
621113,No Cancel Fee,0.0,Exclusive Discount,-0.1247288492224758,0.1247288492224758,MEDIUM,2
621150,No Cancel Fee,0.0,Exclusive Discount,-0.1247288492224758,0.1247288492224758,MEDIUM,2
621291,Exclusive Discount,1.026854335541173,Free Bag,0.1018241682758222,0.9250301672653508,HIGH,0
621552,No Cancel Fee,0.0,Exclusive Discount,-0.1247288492224758,0.1247288492224758,MEDIUM,2
621607,Exclusive Discount,0.9817662361277582,Hotel Night,0.7124464745499619,0.26931976157779625,HIGH,0
621665,Hotel Night,0.7124464745499619,Hotel Meal,0.6836748717204243,0.028771602829537613,MEDIUM,0
621811,Exclusive Discount,0.029231540085567,Hotel Night,0.0257824539889438,0.003449086096623203,LOW,0
621849,Hotel Night,0.7124464745499619,Exclusive Discount,0.7057962664123747,0.00665020813758721,MEDIUM,0
621922,Exclusive Discount,1.004268124856181,Hotel Night,0.7124464745499619,0.2918216503062192,HIGH,0
622149,Hotel Night,0.7124464745499619,No Cancel Fee,0.0,0.7124464745499619,HIGH,0
622248,Free Bag,1.1885751959584556,Hotel Meal,0.8728706391460894,0.3157045568123662,HIGH,0
622293,Free Bag,1.1885751959584556,No Cancel Fee,0.0,1.1885751959584556,HIGH,2
622343,Free Bag,1.1885751959584556,Hotel Night,0.7124464745499619,0.4761287214084937,HIGH,0
622418,Hotel Night,0.7124464745499619,No Cancel Fee,0.0,0.7124464745499619,HIGH,0
622464,Free Bag,2.2753262236410894,Exclusive Discount,0.2891311173810307,1.9861951062600587,HIGH,0
622708,Hotel Meal,1.7164611786087642,Exclusive Discount,0.7523126303911534,0.9641485482176109,HIGH,0
622813,Free Bag,1.1885751959584556,Hotel Night,0.7124464745499619,0.4761287214084937,HIGH,0
623043,Free Bag,1.9130758810802115,Hotel Night,0.7124464745499619,1.2006294065302496,HIGH,0
623077,Hotel Meal,1.7164611786087642,Free Bag,0.1018241682758222,1.614637010332942,HIGH,0
623087,Hotel Night,0.7124464745499619,Hotel Meal,0.1049584066536811,0.6074880678962808,HIGH,0
623142,Exclusive Discount,1.6410878030307172,Hotel Night,0.7124464745499619,0.9286413284807553,HIGH,0
623417,No Cancel Fee,0.0,Exclusive Discount,-0.1247288492224758,0.1247288492224758,MEDIUM,2
623691,Hotel Night,0.7124464745499619,Exclusive Discount,0.018582373094313,0.6938641014556489,HIGH,0
623750,Hotel Night,0.7124464745499619,Hotel Meal,0.011473439219823,0.7009730353301389,HIGH,0
623815,Hotel Night,0.7124464745499619,Exclusive Discount,0.6681284086540937,0.044318065895868175,MEDIUM,0
623850,Hotel Meal,1.4685034316532448,Hotel Night,0.7124464745499619,0.7560569571032829,HIGH,0
623935,No Cancel Fee,0.0,Exclusive Discount,-0.1247288492224758,0.1247288492224758,MEDIUM,2
623941,Free Bag,1.1885751959584556,Hotel Meal,1.0130980902968774,0.17547710566157826,MEDIUM,0
623949,Exclusive Discount,1.3402542635607764,Hotel Meal,0.7393206856691493,0.600933577891627,HIGH,0
623972,Hotel Night,0.7124464745499619,Free Bag,0.1018241682758222,0.6106223062741397,HIGH,0
624198,Hotel Night,0.7124464745499619,Hotel Meal,0.6925782019522203,0.0198682725977416,MEDIUM,0
624215,Hotel Night,0.7124464745499619,Hotel Meal,0.3720583136075618,0.3403881609424001,HIGH,0
624258,Hotel Night,0.7124464745499619,No Cancel Fee,0.0,0.7124464745499619,HIGH,0
624497,No Cancel Fee,0.0,Exclusive Discount,-0.1247288492224758,0.1247288492224758,MEDIUM,2
624593,Free Bag,1.1885751959584556,Exclusive Discount,0.8826471025619497,0.30592809339650595,HIGH,0
624636,Hotel Night,0.7124464745499619,Free Bag,0.4640745108367,0.24837196371326192,HIGH,0
624762,Free Bag,1.1885751959584556,Hotel Night,0.7124464745499619,0.4761287214084937,HIGH,0
624913,Free Bag,1.1885751959584556,Hotel Night,0.7124464745499619,0.4761287214084937,HIGH,0
625030,Hotel Meal,0.6391582205614433,Hotel Night,0.4181618943095248,0.22099632625191856,MEDIUM,0
625089,Hotel Night,0.4181618943095248,Hotel Meal,0.3831874763973072,0.03497441791221756,LOW,0
625400,Hotel Meal,0.7393206856691493,Hotel Night,0.7124464745499619,0.02687421111918742,MEDIUM,0
625555,Hotel Meal,0.7192881926476079,Exclusive Discount,0.5012561670558218,0.21803202559178614,HIGH,0
625597,Free Bag,1.1885751959584556,No Cancel Fee,0.0,1.1885751959584556,HIGH,2
625700,No Cancel Fee,0.0,Exclusive Discount,-0.1247288492224758,0.1247288492224758,MEDIUM,2
625703,Exclusive Discount,1.5625180588088308,Hotel Night,0.7124464745499619,0.8500715842588689,HIGH,0
625984,Free Bag,1.1885751959584556,Hotel Night,0.7124464745499619,0.4761287214084937,HIGH,0
626037,No Cancel Fee,0.0,Exclusive Discount,-0.1247288492224758,0.1247288492224758,MEDIUM,2
626067,No Cancel Fee,0.0,Exclusive Discount,-0.1247288492224758,0.1247288492224758,MEDIUM,2
626249,No Cancel Fee,0.0,Exclusive Discount,-0.1247288492224758,0.1247288492224758,MEDIUM,2
626318,Exclusive Discount,1.5247327896014264,Hotel Meal,0.2043789275754036,1.320353862026023,HIGH,0
626329,Free Bag,1.1885751959584556,Exclusive Discount,0.727797709924411,0.46077748603404467,HIGH,0
626519,Exclusive Discount,0.5370393810318362,Hotel Night,0.3004480622133511,0.23659131881848516,MEDIUM,0
626520,Exclusive Discount,0.93436240275976,Hotel Night,0.7124464745499619,0.2219159282097981,HIGH,0
626558,No Cancel Fee,0.0,Exclusive Discount,-0.1247288492224758,0.1247288492224758,MEDIUM,2
626645,Hotel Night,0.7124464745499619,No Cancel Fee,0.0,0.7124464745499619,HIGH,0
626986,Hotel Meal,1.979109420446748,Hotel Night,0.7124464745499619,1.2666629458967862,HIGH,0
627041,Exclusive Discount,1.08351912115497,Hotel Night,0.0257824539889438,1.0577366671660262,HIGH,0
627158,Free Bag,0.4640745108367,No Cancel Fee,0.0,0.4640745108367,MEDIUM,0
627176,Exclusive Discount,1.2998778714271184,Hotel Night,0.7124464745499619,0.5874313968771565,HIGH,0
627436,Exclusive Discount,0.7320766876114977,Hotel Night,0.7124464745499619,0.019630213061535784,MEDIUM,0
627451,No Cancel Fee,0.0,Free Bag,-0.2604261742850556,0.2604261742850556,MEDIUM,0
627617,Exclusive Discount,0.8315905252783211,Hotel Meal,0.4210266298824407,0.4105638953958804,HIGH,0
627729,No Cancel Fee,0.0,Exclusive Discount,-0.1247288492224758,0.1247288492224758,MEDIUM,2
627889,Free Bag,1.1885751959584556,Exclusive Discount,0.8909539578721111,0.29762123808634455,HIGH,0
627893,Free Bag,1.1885751959584556,Hotel Night,0.7124464745499619,0.4761287214084937,HIGH,0
627972,Exclusive Discount,1.1441601794486191,Hotel Meal,0.935193950768662,0.20896622867995718,HIGH,0
628023,Hotel Night,0.0257824539889438,No Cancel Fee,0.0,0.0257824539889438,LOW,0
628033,Hotel Night,0.3004480622133511,No Cancel Fee,0.0,0.3004480622133511,MEDIUM,0
628570,Hotel Meal,0.5679315787070749,Hotel Night,0.4181618943095248,0.14976968439755012,MEDIUM,0
628653,Free Bag,0.4640745108367,Hotel Night,0.3004480622133511,0.1636264486233489,MEDIUM,0
628671,Exclusive Discount,1.406847247662664,Free Bag,1.1885751959584556,0.21827205170420827,HIGH,0
628694,Free Bag,1.1885751959584556,Exclusive Discount,0.6558401468106669,0.5327350491477887,HIGH,0
628752,Free Bag,1.1885751959584556,No Cancel Fee,0.0,1.1885751959584556,HIGH,2
629647,Exclusive Discount,1.3628731902998996,Free Bag,1.1885751959584556,0.174297994341444,MEDIUM,0
629701,Hotel Meal,1.146648043773818,Hotel Night,0.4181618943095248,0.7284861494642932,HIGH,0
629725,Exclusive Discount,0.5735823310134289,No Cancel Fee,0.0,0.5735823310134289,MEDIUM,0
629747,No Cancel Fee,0.0,Exclusive Discount,-0.1247288492224758,0.1247288492224758,MEDIUM,2
629803,Free Bag,1.1885751959584556,Exclusive Discount,0.2549101582237358,0.9336650377347198,HIGH,0
629812,Hotel Night,0.7124464745499619,No Cancel Fee,0.0,0.7124464745499619,HIGH,0
629877,Free Bag,1.1885751959584556,Hotel Night,0.7124464745499619,0.4761287214084937,HIGH,0
629952,Hotel Night,0.7124464745499619,Free Bag,0.1018241682758222,0.6106223062741397,HIGH,0
630039,Hotel Night,0.7124464745499619,No Cancel Fee,0.0,0.7124464745499619,HIGH,0
630097,Free Bag,1.1885751959584556,Hotel Meal,0.7215140252055569,0.46706117075289877,HIGH,0
630176,Hotel Night,0.7124464745499619,No Cancel Fee,0.0,0.7124464745499619,HIGH,0
630178,Free Bag,1.1885751959584556,Hotel Night,0.7124464745499619,0.4761287214084937,HIGH,0
630267,Free Bag,1.1885751959584556,Hotel Night,0.7124464745499619,0.4761287214084937,HIGH,0
630607,No Cancel Fee,0.0,Exclusive Discount,-0.1247288492224758,0.1247288492224758,MEDIUM,2
630609,Hotel Meal,1.11993805307843,Hotel Night,0.7124464745499619,0.40749157852846807,HIGH,0
630694,Free Bag,1.1885751959584556,Hotel Night,0.7124464745499619,0.4761287214084937,HIGH,0
630738,Exclusive Discount,1.3989091974284793,Hotel Night,0.3004480622133511,1.0984611352151283,HIGH,0
630992,Hotel Meal,1.4738454297923225,Exclusive Discount,1.3512515229985615,0.12259390679376092,MEDIUM,1
631174,Hotel Meal,1.1199380530784295,No Cancel Fee,0.0,1.1199380530784295,HIGH,1
631201,Hotel Night,0.7124464745499619,No Cancel Fee,0.0,0.7124464745499619,HIGH,0
631319,Hotel Night,0.7124464745499619,Exclusive Discount,0.5324580233798769,0.179988451170085,MEDIUM,0
631384,No Cancel Fee,0.0,Exclusive Discount,-0.1247288492224758,0.1247288492224758,MEDIUM,2
631388,Hotel Meal,2.081497718112402,Exclusive Discount,1.3609203542698969,0.7205773638425053,HIGH,1
631448,No Cancel Fee,0.0,Exclusive Discount,-0.1247288492224758,0.1247288492224758,MEDIUM,2
631477,Free Bag,1.1885751959584556,Hotel Night,0.7124464745499619,0.4761287214084937,HIGH,0
631787,Hotel Meal,0.7682565089224859,No Cancel Fee,0.0,0.7682565089224859,HIGH,0
631872,No Cancel Fee,0.0,Exclusive Discount,-0.1247288492224758,0.1247288492224758,MEDIUM,2
631970,Hotel Night,0.7124464745499619,Exclusive Discount,0.4366591037618674,0.2757873707880945,HIGH,0
631975,Exclusive Discount,1.4887726458449169,Free Bag,1.1885751959584556,0.30019744988646124,HIGH,2
631993,Hotel Night,0.7124464745499619,Free Bag,0.1018241682758222,0.6106223062741397,HIGH,0
632136,Hotel Meal,0.9863880996014894,Exclusive Discount,0.9514074607954084,0.034980638806081044,MEDIUM,0
632239,Exclusive Discount,1.800407596384629,Hotel Night,0.7124464745499619,1.0879611218346672,HIGH,0
632316,Hotel Night,0.7124464745499619,Hotel Meal,0.2051208717613866,0.5073256027885753,HIGH,0
632425,Exclusive Discount,1.8286788631139888,Hotel Night,0.7124464745499619,1.1162323885640268,HIGH,0
632461,Free Bag,1.1885751959584556,Exclusive Discount,1.174607365235563,0.013967830722892538,MEDIUM,0
632475,Hotel Meal,1.3247146484097383,Exclusive Discount,0.7227774903620623,0.601937158047676,HIGH,1
632631,Free Bag,1.1885751959584556,Hotel Night,0.7124464745499619,0.4761287214084937,HIGH,0
632665,Free Bag,5.53557930668899,Hotel Night,0.7124464745499619,4.823132832139028,HIGH,0
632749,Free Bag,1.1885751959584556,Hotel Night,0.7124464745499619,0.4761287214084937,HIGH,0
632866,No Cancel Fee,0.0,Exclusive Discount,-0.1247288492224758,0.1247288492224758,MEDIUM,2
632965,Hotel Meal,1.7609778297677448,Exclusive Discount,0.7490263347332268,1.011951495034518,HIGH,0
632988,Exclusive Discount,0.7178447861669495,Hotel Night,0.7124464745499619,0.005398311616987561,MEDIUM,0
633183,Free Bag,0.4640745108367,Hotel Night,0.3004480622133511,0.1636264486233489,MEDIUM,0
633195,Free Bag,1.1885751959584556,Hotel Night,0.0257824539889438,1.1627927419695119,HIGH,0
633235,Exclusive Discount,1.2835697040992475,Hotel Meal,1.2601655042292177,0.02340419987002984,MEDIUM,1
633314,Hotel Night,0.7124464745499619,Free Bag,0.1018241682758222,0.6106223062741397,HIGH,0
633406,Exclusive Discount,2.4231777761431976,Hotel Meal,0.7526756810168433,1.6705020951263543,HIGH,0
633725,Hotel Meal,2.74034415526531,Exclusive Discount,0.956350669230332,1.7839934860349778,HIGH,0
633972,No Cancel Fee,0.0,Exclusive Discount,-0.1247288492224758,0.1247288492224758,MEDIUM,2
634130,Free Bag,1.1885751959584556,Hotel Meal,0.9062581275153248,0.28231706844313087,HIGH,0
634601,No Cancel Fee,0.0,Exclusive Discount,-0.1247288492224758,0.1247288492224758,MEDIUM,2
634739,No Cancel Fee,0.0,Exclusive Discount,-0.1247288492224758,0.1247288492224758,MEDIUM,2
634795,Exclusive Discount,1.5393444666434073,Hotel Meal,0.4210266298824407,1.1183178367609665,HIGH,0
634824,Exclusive Discount,1.5879774031438714,Hotel Night,0.7124464745499619,0.8755309285939095,HIGH,0
635249,Free Bag,1.1885751959584556,Hotel Night,0.7124464745499619,0.4761287214084937,HIGH,0
635300,Hotel Meal,0.7192881926476082,Hotel Night,0.4181618943095248,0.30112629833808346,HIGH,0
635303,Free Bag,1.1885751959584556,Hotel Night,0.7124464745499619,0.4761287214084937,HIGH,0
635442,Hotel Night,0.7124464745499619,Hotel Meal,0.6243193368417833,0.0881271377081786,MEDIUM,0
635576,Exclusive Discount,0.7631068077658848,Hotel Night,0.3004480622133511,0.4626587455525337,HIGH,0
635587,Hotel Night,0.7124464745499619,Exclusive Discount,0.2152656463801006,0.4971808281698613,HIGH,0
635666,No Cancel Fee,0.0,Exclusive Discount,-0.1247288492224758,0.1247288492224758,MEDIUM,2
635790,Free Bag,0.645199682117139,Hotel Night,0.0257824539889438,0.6194172281281951,MEDIUM,0
635949,Hotel Meal,1.2000680251645943,Free Bag,1.1885751959584556,0.0114928292061387,MEDIUM,0
636078,Hotel Night,0.7124464745499619,Exclusive Discount,0.1279940355765899,0.5844524389733721,HIGH,0
636102,Hotel Meal,0.7192881926476082,Hotel Night,0.7124464745499619,0.006841718097646332,MEDIUM,0
636251,No Cancel Fee,0.0,Exclusive Discount,-0.1247288492224758,0.1247288492224758,MEDIUM,2
636520,No Cancel Fee,0.0,Exclusive Discount,-0.1247288492224758,0.1247288492224758,MEDIUM,2
636524,Free Bag,1.1885751959584556,Hotel Night,0.3004480622133511,0.8881271337451045,HIGH,0
636526,Free Bag,1.1885751959584556,Hotel Night,0.7124464745499619,0.4761287214084937,HIGH,0
636739,Free Bag,1.1885751959584556,Hotel Night,0.7124464745499619,0.4761287214084937,HIGH,0
636873,Hotel Meal,1.3069079879461465,Exclusive Discount,1.272106329711471,0.034801658234675514,MEDIUM,0
636874,Hotel Night,0.7124464745499619,Hotel Meal,0.4722207787152678,0.2402256958346941,HIGH,0
636966,Hotel Meal,1.2089713553963906,Free Bag,1.1885751959584556,0.020396159437934935,MEDIUM,0
637075,Free Bag,1.1885751959584556,Hotel Night,0.7124464745499619,0.4761287214084937,HIGH,0
637086,Hotel Meal,0.8647092531002768,Hotel Night,0.4181618943095248,0.446547358790752,HIGH,0
637421,Hotel Meal,0.4610916159255228,Hotel Night,0.0257824539889438,0.435309161936579,MEDIUM,0
637457,Hotel Night,0.7124464745499619,No Cancel Fee,0.0,0.7124464745499619,HIGH,0
637555,No Cancel Fee,0.0,Exclusive Discount,-0.1247288492224758,0.1247288492224758,MEDIUM,2
637633,Hotel Meal,0.2117983694352339,Free Bag,0.1018241682758222,0.10997420115941169,MEDIUM,0
637687,Hotel Night,0.7124464745499619,Free Bag,0.4640745108367,0.24837196371326192,HIGH,0
638140,Exclusive Discount,2.038262724277248,Free Bag,1.1885751959584556,0.8496875283187924,HIGH,0
638162,Hotel Meal,2.126904702294562,Exclusive Discount,0.9071044767613704,1.219800225533192,HIGH,0
638237,No Cancel Fee,0.0,Exclusive Discount,-0.1247288492224758,0.1247288492224758,MEDIUM,2
638565,Exclusive Discount,1.464921089770356,Hotel Night,0.3004480622133511,1.1644730275570048,HIGH,0
638576,Free Bag,0.4640745108367,Hotel Night,0.3004480622133511,0.1636264486233489,MEDIUM,0
638580,Hotel Meal,1.934592769287768,Exclusive Discount,0.2248326798885215,1.7097600893992464,HIGH,1
638600,No Cancel Fee,0.0,Exclusive Discount,-0.1247288492224758,0.1247288492224758,MEDIUM,2
638874,Exclusive Discount,1.0689467074774437,Hotel Night,0.7124464745499619,0.3565002329274818,HIGH,0
639009,Free Bag,1.1885751959584556,Hotel Night,0.7124464745499619,0.4761287214084937,HIGH,0
639168,Hotel Night,0.7124464745499619,Hotel Meal,0.1717333833921516,0.5407130911578103,HIGH,0
639458,Hotel Night,0.7124464745499619,Hotel Meal,0.2051208717613866,0.5073256027885753,HIGH,0
639510,Hotel Night,0.7124464745499619,No Cancel Fee,0.0,0.7124464745499619,HIGH,0
639571,Exclusive Discount,1.80172741725333,Hotel Meal,0.6213515600978513,1.1803758571554788,HIGH,0
639894,No Cancel Fee,0.0,Exclusive Discount,-0.1247288492224758,0.1247288492224758,MEDIUM,2
640451,No Cancel Fee,0.0,Exclusive Discount,-0.1247288492224758,0.1247288492224758,MEDIUM,2
640580,Hotel Night,0.7124464745499619,Hotel Meal,0.3831874763973072,0.3292589981526547,HIGH,0
640649,Free Bag,1.1885751959584556,Hotel Night,0.7124464745499619,0.4761287214084937,HIGH,0
640689,Hotel Night,0.7124464745499619,Free Bag,0.4640745108367,0.24837196371326192,HIGH,0
640715,Hotel Night,0.3004480622133511,No Cancel Fee,0.0,0.3004480622133511,MEDIUM,0
640849,Exclusive Discount,0.6385494455790895,Free Bag,0.1018241682758222,0.5367252773032674,MEDIUM,0
640867,Free Bag,1.1885751959584556,Exclusive Discount,1.0304217381124603,0.15815345784599533,MEDIUM,0
640968,Free Bag,1.1885751959584556,Hotel Night,0.0257824539889438,1.1627927419695119,HIGH,0
641012,Exclusive Discount,1.1462069284345209,Hotel Meal,0.6502873833511884,0.49591954508333247,HIGH,0
641102,Free Bag,1.1885751959584556,No Cancel Fee,0.0,1.1885751959584556,HIGH,2
641106,Free Bag,2.2753262236410894,Exclusive Discount,0.0825863621690409,2.1927398614720484,HIGH,0
641310,Free Bag,1.1885751959584556,Hotel Night,0.7124464745499619,0.4761287214084937,HIGH,0
641364,Free Bag,0.7538747848854024,Hotel Meal,0.7192881926476082,0.034586592237794145,MEDIUM,0
641529,No Cancel Fee,0.0,Exclusive Discount,-0.1247288492224758,0.1247288492224758,MEDIUM,2
641537,Exclusive Discount,1.4530179991928396,Hotel Night,0.7124464745499619,0.7405715246428777,HIGH,0
642215,No Cancel Fee,0.0,Exclusive Discount,-0.1247288492224758,0.1247288492224758,MEDIUM,2
642344,Hotel Meal,0.9062581275153252,Hotel Night,0.7124464745499619,0.1938116529653633,MEDIUM,0
642364,Exclusive Discount,0.5735427466529206,No Cancel Fee,0.0,0.5735427466529206,MEDIUM,2
642553,Free Bag,1.1885751959584556,Hotel Night,0.7124464745499619,0.4761287214084937,HIGH,0
642578,Free Bag,1.1885751959584556,Exclusive Discount,0.6596453604669142,0.5289298354915414,HIGH,0
642679,Hotel Meal,1.11993805307843,Hotel Night,0.7124464745499619,0.40749157852846807,HIGH,0
642786,Exclusive Discount,1.1910386393287236,Free Bag,1.1885751959584556,0.002463443370267937,MEDIUM,0
642820,Hotel Night,0.7124464745499619,Exclusive Discount,0.0397742629850071,0.6726722115649548,HIGH,0
643324,No Cancel Fee,0.0,Exclusive Discount,-0.1247288492224758,0.1247288492224758,MEDIUM,2
643344,Hotel Meal,0.0545062020068371,No Cancel Fee,0.0,0.0545062020068371,LOW,0
643359,Hotel Night,0.7124464745499619,No Cancel Fee,0.0,0.7124464745499619,HIGH,0
643469,Exclusive Discount,2.156022583830998,Hotel Meal,0.5679315787070753,1.5880910051239225,HIGH,0
643645,Free Bag,1.1885751959584556,Hotel Meal,0.3587033182598682,0.8298718776985874,HIGH,0
643714,Free Bag,1.1885751959584556,Hotel Night,0.7124464745499619,0.4761287214084937,HIGH,0
643929,No Cancel Fee,0.0,Exclusive Discount,-0.1247288492224758,0.1247288492224758,MEDIUM,2
644438,No Cancel Fee,0.0,Exclusive Discount,-0.1247288492224758,0.1247288492224758,MEDIUM,2
644467,Free Bag,1.1885751959584556,Hotel Night,0.7124464745499619,0.4761287214084937,HIGH,0
644639,No Cancel Fee,0.0,Exclusive Discount,-0.1247288492224758,0.1247288492224758,MEDIUM,2
644784,Free Bag,1.1885751959584556,Exclusive Discount,0.8064407854919691,0.38213441046648655,HIGH,0
644870,Free Bag,1.9130758810802115,Hotel Meal,1.2653591135310984,0.6477167675491131,HIGH,0
645047,Hotel Meal,0.8261281554291608,Hotel Night,0.7124464745499619,0.11368168087919894,MEDIUM,0
645168,Hotel Night,0.7124464745499619,No Cancel Fee,0.0,0.7124464745499619,HIGH,0
645415,Hotel Meal,1.2757463321348606,Free Bag,1.1885751959584556,0.08717113617640493,MEDIUM,0
645488,No Cancel Fee,0.0,Exclusive Discount,-0.1247288492224758,0.1247288492224758,MEDIUM,2
645664,No Cancel Fee,0.0,Exclusive Discount,-0.1247288492224758,0.1247288492224758,MEDIUM,2
645685,Hotel Night,0.7124464745499619,Hotel Meal,0.6925782019522203,0.0198682725977416,MEDIUM,0
645933,Hotel Night,0.7124464745499619,No Cancel Fee,0.0,0.7124464745499619,HIGH,0
645939,No Cancel Fee,0.0,Exclusive Discount,-0.1247288492224758,0.1247288492224758,MEDIUM,2
646127,No Cancel Fee,0.0,Exclusive Discount,-0.1247288492224758,0.1247288492224758,MEDIUM,2
646197,No Cancel Fee,0.0,Exclusive Discount,-0.1247288492224758,0.1247288492224758,MEDIUM,2
646257,Free Bag,1.1885751959584556,Exclusive Discount,1.067275330170712,0.12129986578774354,MEDIUM,0
646259,Hotel Meal,1.6541378669861917,Exclusive Discount,1.2158878851999335,0.4382499817862582,HIGH,1
646405,Hotel Night,0.7124464745499619,Exclusive Discount,0.1572854628066805,0.5551610117432815,HIGH,0
646424,No Cancel Fee,0.0,Exclusive Discount,-0.1247288492224758,0.1247288492224758,MEDIUM,2
646455,Free Bag,1.1885751959584556,Hotel Night,0.3004480622133511,0.8881271337451045,HIGH,0
646933,Free Bag,1.1885751959584556,Hotel Night,0.7124464745499619,0.4761287214084937,HIGH,0
646937,Hotel Night,0.7124464745499619,Exclusive Discount,0.1385467206708422,0.5738997538791197,HIGH,0
647016,No Cancel Fee,0.0,Exclusive Discount,-0.1247288492224758,0.1247288492224758,MEDIUM,2
647555,Exclusive Discount,1.6300827600586725,Free Bag,1.1885751959584556,0.44150756410021685,HIGH,0
647597,No Cancel Fee,0.0,Exclusive Discount,-0.1247288492224758,0.1247288492224758,MEDIUM,2
647662,Exclusive Discount,1.2576367656018068,Free Bag,1.1885751959584556,0.0690615696433512,MEDIUM,0
647674,Hotel Night,0.7124464745499619,Free Bag,0.4640745108367,0.24837196371326192,HIGH,0
647804,Free Bag,1.1885751959584556,Hotel Night,0.7124464745499619,0.4761287214084937,HIGH,0
648379,Hotel Night,0.7124464745499619,No Cancel Fee,0.0,0.7124464745499619,HIGH,0
648852,Free Bag,1.1885751959584556,Hotel Night,0.7124464745499619,0.4761287214084937,HIGH,0
648983,Exclusive Discount,1.2793955614329733,Hotel Night,0.7124464745499619,0.5669490868830114,HIGH,0
648990,Free Bag,1.1885751959584556,Exclusive Discount,0.7359624809759351,0.45261271498252054,HIGH,0
649080,Free Bag,1.1885751959584556,Hotel Meal,0.4210266298824407,0.7675485660760148,HIGH,0
649081,Exclusive Discount,1.2207756513970156,Hotel Meal,0.4610916159255223,0.7596840354714933,HIGH,0
649208,Hotel Night,0.7124464745499619,No Cancel Fee,0.0,0.7124464745499619,HIGH,0
649378,Free Bag,1.1885751959584556,Hotel Meal,0.7192881926476082,0.4692870033108474,HIGH,0
649935,No Cancel Fee,0.0,Exclusive Discount,-0.1247288492224758,0.1247288492224758,MEDIUM,2
650049,No Cancel Fee,0.0,Exclusive Discount,-0.1247288492224758,0.1247288492224758,MEDIUM,2
650055,Hotel Night,0.7124464745499619,Free Bag,0.1018241682758222,0.6106223062741397,HIGH,0
650079,Free Bag,1.1885751959584556,Hotel Night,0.0257824539889438,1.1627927419695119,HIGH,0
650606,No Cancel Fee,0.0,Exclusive Discount,-0.1247288492224758,0.1247288492224758,MEDIUM,2
650901,Hotel Meal,1.5829112251318236,Exclusive Discount,0.3346281448942898,1.2482830802375338,HIGH,0
651018,Free Bag,1.1885751959584556,No Cancel Fee,0.0,1.1885751959584556,HIGH,2
651030,Hotel Meal,0.6502873833511884,Hotel Night,0.3004480622133511,0.34983932113783733,MEDIUM,0
651193,Hotel Night,0.7124464745499619,Exclusive Discount,0.3024266137896082,0.4100198607603537,HIGH,0
651201,Exclusive Discount,0.8267135525190613,Hotel Night,0.7124464745499619,0.1142670779690994,MEDIUM,0
651269,Hotel Night,0.7124464745499619,Exclusive Discount,0.5310719395613102,0.18137453498865175,MEDIUM,0
651274,No Cancel Fee,0.0,Exclusive Discount,-0.1247288492224758,0.1247288492224758,MEDIUM,2
651390,Free Bag,1.1885751959584556,Hotel Night,0.7124464745499619,0.4761287214084937,HIGH,0
651491,Hotel Meal,2.428727597152448,Exclusive Discount,0.9495442741316364,1.4791833230208113,HIGH,0
651613,Hotel Night,0.7124464745499619,Exclusive Discount,0.5207593947756748,0.19168707977428712,MEDIUM,0
651675,Free Bag,1.9130758810802115,Hotel Night,0.7124464745499619,1.2006294065302496,HIGH,0
651744,Hotel Night,0.7124464745499619,Hotel Meal,0.0871517461900891,0.6252947283598728,HIGH,0
651805,Hotel Night,0.7124464745499619,Free Bag,0.1018241682758222,0.6106223062741397,HIGH,0
651818,Free Bag,1.1885751959584556,Exclusive Discount,0.5549896651966524,0.6335855307618032,HIGH,0
651828,No Cancel Fee,0.0,Exclusive Discount,-0.1247288492224758,0.1247288492224758,MEDIUM,2
651941,Exclusive Discount,1.1868813913859386,Hotel Meal,0.93964561588456,0.24723577550137865,HIGH,1
651960,No Cancel Fee,0.0,Exclusive Discount,-0.1247288492224758,0.1247288492224758,MEDIUM,2
652003,No Cancel Fee,0.0,Exclusive Discount,-0.1247288492224758,0.1247288492224758,MEDIUM,2
652040,Free Bag,1.1885751959584556,Hotel Night,0.7124464745499619,0.4761287214084937,HIGH,0
652190,No Cancel Fee,0.0,Exclusive Discount,-0.1247288492224758,0.1247288492224758,MEDIUM,2
652359,Hotel Night,0.7124464745499619,Exclusive Discount,0.4011329349716647,0.3113135395782972,HIGH,0
652416,Hotel Night,0.7124464745499619,Free Bag,0.1018241682758222,0.6106223062741397,HIGH,0
652527,Free Bag,1.1885751959584556,Exclusive Discount,1.130981242558612,0.05759395339984352,MEDIUM,0
652737,No Cancel Fee,0.0,Exclusive Discount,-0.1247288492224758,0.1247288492224758,MEDIUM,2
653228,No Cancel Fee,0.0,Exclusive Discount,-0.1247288492224758,0.1247288492224758,MEDIUM,2
653281,Hotel Night,0.7124464745499619,Hotel Meal,0.6747715414886274,0.037674933061334515,MEDIUM,0
653332,Hotel Night,0.7124464745499619,No Cancel Fee,0.0,0.7124464745499619,HIGH,0
653640,Free Bag,1.1885751959584556,Hotel Night,0.7124464745499619,0.4761287214084937,HIGH,0
653724,Hotel Night,0.7124464745499619,Free Bag,0.4640745108367,0.24837196371326192,HIGH,0
653838,Exclusive Discount,1.629230062247082,Hotel Night,0.0257824539889438,1.6034476082581381,HIGH,0
653852,Free Bag,1.1885751959584556,Hotel Night,0.7124464745499619,0.4761287214084937,HIGH,0
654233,Hotel Meal,1.0398080809922658,Exclusive Discount,0.831297272758851,0.20851080823341483,HIGH,0
654259,Free Bag,1.9130758810802115,Hotel Meal,0.8261281554291608,1.0869477256510507,HIGH,0
654395,Hotel Night,0.7124464745499619,Free Bag,0.1018241682758222,0.6106223062741397,HIGH,0
654687,Free Bag,1.1885751959584556,Exclusive Discount,1.176862574378855,0.011712621579600624,MEDIUM,0
654913,Free Bag,1.1885751959584556,Hotel Meal,1.1689063693533084,0.019668826605147238,MEDIUM,0
655022,No Cancel Fee,0.0,Exclusive Discount,-0.1247288492224758,0.1247288492224758,MEDIUM,2
655051,Hotel Night,0.7124464745499619,No Cancel Fee,0.0,0.7124464745499619,HIGH,0
655300,Free Bag,1.1885751959584556,Hotel Night,0.7124464745499619,0.4761287214084937,HIGH,0
655499,Hotel Meal,1.5472979042046395,Exclusive Discount,1.2255567164712644,0.3217411877333751,HIGH,1
656150,Hotel Night,0.7124464745499619,Exclusive Discount,0.5060307147809774,0.20641575976898452,HIGH,0
656346,Free Bag,1.1885751959584556,Hotel Night,0.7124464745499619,0.4761287214084937,HIGH,0
656422,Free Bag,1.1885751959584556,Hotel Night,0.0257824539889438,1.1627927419695119,HIGH,0
656471,No Cancel Fee,0.0,Exclusive Discount,-0.1247288492224758,0.1247288492224758,MEDIUM,2
656560,Free Bag,3.3620772513237225,Exclusive Discount,1.360515663259935,2.0015615880637876,HIGH,0
656626,No Cancel Fee,0.0,Exclusive Discount,-0.1247288492224758,0.1247288492224758,MEDIUM,2
656708,Free Bag,3.3620772513237225,Hotel Night,0.7124464745499619,2.6496307767737606,HIGH,0
656850,No Cancel Fee,0.0,Exclusive Discount,-0.1247288492224758,0.1247288492224758,MEDIUM,2
656873,Hotel Night,0.3004480622133511,Exclusive Discount,0.1713988031760231,0.12904925903732797,MEDIUM,0
656920,Exclusive Discount,0.2002030423724487,No Cancel Fee,0.0,0.2002030423724487,MEDIUM,2
657122,Exclusive Discount,1.5352664784484624,Hotel Meal,0.5204471508041633,1.0148193276442992,HIGH,0
657343,No Cancel Fee,0.0,Exclusive Discount,-0.1247288492224758,0.1247288492224758,MEDIUM,2
657514,No Cancel Fee,0.0,Exclusive Discount,-0.1247288492224758,0.1247288492224758,MEDIUM,2
657591,Free Bag,1.1885751959584556,Hotel Meal,0.7103848624158119,0.47819033354264373,HIGH,0
657629,Hotel Meal,1.11993805307843,Exclusive Discount,0.4359898276035974,0.6839482254748326,HIGH,0
657796,Free Bag,1.1885751959584556,Hotel Night,0.7124464745499619,0.4761287214084937,HIGH,0
658234,Free Bag,1.1885751959584556,Exclusive Discount,0.125079360983467,1.0634958349749886,HIGH,2
658528,Free Bag,1.1885751959584556,Hotel Night,0.7124464745499619,0.4761287214084937,HIGH,0
658774,Free Bag,3.3620772513237225,Exclusive Discount,1.5891825761554352,1.7728946751682872,HIGH,0
659128,Free Bag,1.6232756070315089,Hotel Meal,1.3135854856199936,0.3096901214115153,HIGH,0
659161,Exclusive Discount,0.62912441061573,Hotel Meal,0.4610916159255223,0.1680327946902077,MEDIUM,0
659162,Hotel Night,0.7124464745499619,Free Bag,0.4640745108367,0.24837196371326192,HIGH,0
659664,Hotel Meal,0.6658682112568318,Exclusive Discount,0.5754742854492181,0.09039392580761374,MEDIUM,0
659744,Hotel Meal,1.7164611786087642,Exclusive Discount,0.1955464240146008,1.5209147545941635,HIGH,0
659832,Hotel Night,0.3004480622133511,No Cancel Fee,0.0,0.3004480622133511,MEDIUM,0
660110,Hotel Night,0.7124464745499619,Free Bag,0.1018241682758222,0.6106223062741397,HIGH,0
660821,No Cancel Fee,0.0,Exclusive Discount,-0.1247288492224758,0.1247288492224758,MEDIUM,2
660894,No Cancel Fee,0.0,Exclusive Discount,-0.1247288492224758,0.1247288492224758,MEDIUM,2
660959,No Cancel Fee,0.0,Exclusive Discount,-0.1247288492224758,0.1247288492224758,MEDIUM,2
661614,Hotel Meal,1.6875253553554272,No Cancel Fee,0.0,1.6875253553554272,HIGH,1
661639,Hotel Night,0.7124464745499619,Exclusive Discount,0.0050909576628928,0.7073555168870691,HIGH,0
661697,No Cancel Fee,0.0,Exclusive Discount,-0.1247288492224758,0.1247288492224758,MEDIUM,2
661930,Hotel Meal,1.36700546701077,No Cancel Fee,0.0,1.36700546701077,HIGH,1
662010,Hotel Night,0.7124464745499619,Exclusive Discount,0.490595559333216,0.22185091521674588,HIGH,0
662535,Free Bag,1.1885751959584556,Exclusive Discount,0.7132023781646532,0.47537281779380247,HIGH,0
662596,Free Bag,1.1885751959584556,Exclusive Discount,0.5692058609367261,0.6193693350217295,HIGH,2
662750,No Cancel Fee,0.0,Exclusive Discount,-0.1247288492224758,0.1247288492224758,MEDIUM,2
663017,Free Bag,1.1885751959584556,Hotel Night,0.7124464745499619,0.4761287214084937,HIGH,0
663376,Hotel Night,0.7124464745499619,Exclusive Discount,0.4797923207634602,0.23265415378650173,HIGH,0
663565,Hotel Night,0.7124464745499619,Free Bag,0.1018241682758222,0.6106223062741397,HIGH,0
664084,Exclusive Discount,1.2263373464679417,Free Bag,1.1885751959584556,0.03776215050948606,MEDIUM,0
664119,Hotel Meal,1.6875253553554272,No Cancel Fee,0.0,1.6875253553554272,HIGH,1
664401,Hotel Night,0.7124464745499619,No Cancel Fee,0.0,0.7124464745499619,HIGH,0
664405,Exclusive Discount,1.2193792929318923,Hotel Night,0.7124464745499619,0.5069328183819304,HIGH,0
664617,Hotel Meal,2.375307615761672,No Cancel Fee,0.0,2.375307615761672,HIGH,0
664663,Exclusive Discount,1.4481693568104117,Free Bag,1.1885751959584556,0.2595941608519561,HIGH,0
664998,Exclusive Discount,0.0095270839350512,No Cancel Fee,0.0,0.0095270839350512,LOW,2
665329,Hotel Night,0.7124464745499619,No Cancel Fee,0.0,0.7124464745499619,HIGH,0
665397,Hotel Night,0.7124464745499619,Exclusive Discount,0.1607849968940427,0.5516614776559192,HIGH,0
665505,Hotel Meal,1.0843247321512457,Exclusive Discount,1.0098886410307246,0.07443609112052108,MEDIUM,0
665593,Free Bag,2.2753262236410894,Exclusive Discount,0.8740390961998021,1.4012871274412873,HIGH,0
665676,Free Bag,1.1885751959584556,Hotel Night,0.7124464745499619,0.4761287214084937,HIGH,0
665746,No Cancel Fee,0.0,Exclusive Discount,-0.1247288492224758,0.1247288492224758,MEDIUM,2
665887,Exclusive Discount,1.6590161869260236,Hotel Meal,1.5294912437410473,0.12952494318497632,MEDIUM,0
665892,Hotel Meal,1.6548798111721756,Hotel Night,0.4835584676962888,1.171321343475887,HIGH,0
665980,No Cancel Fee,0.0,Exclusive Discount,-0.1247288492224758,0.1247288492224758,MEDIUM,2
666049,No Cancel Fee,0.0,Exclusive Discount,-0.1247288492224758,0.1247288492224758,MEDIUM,2
666174,Free Bag,1.1885751959584556,Hotel Night,0.7124464745499619,0.4761287214084937,HIGH,0
666292,No Cancel Fee,0.0,Exclusive Discount,-0.1247288492224758,0.1247288492224758,MEDIUM,2
666718,No Cancel Fee,0.0,Exclusive Discount,-0.2038623946091924,0.2038623946091924,MEDIUM,2
666942,No Cancel Fee,0.0,Exclusive Discount,-0.1247288492224758,0.1247288492224758,MEDIUM,2
667299,No Cancel Fee,0.0,Exclusive Discount,-0.1247288492224758,0.1247288492224758,MEDIUM,2
667536,Free Bag,2.2753262236410894,Hotel Night,0.7124464745499619,1.5628797490911275,HIGH,0
667643,No Cancel Fee,0.0,Exclusive Discount,-0.1247288492224758,0.1247288492224758,MEDIUM,2
667718,Free Bag,1.1885751959584556,Hotel Night,0.7124464745499619,0.4761287214084937,HIGH,0
667916,Hotel Night,0.3004480622133511,No Cancel Fee,0.0,0.3004480622133511,MEDIUM,0
667929,Exclusive Discount,1.4358479387998446,Free Bag,1.1885751959584556,0.247272742841389,HIGH,2
667981,Hotel Meal,0.9530006112322544,Hotel Night,0.7124464745499619,0.24055413668229253,HIGH,0
668083,Exclusive Discount,1.1159096846559218,Hotel Meal,0.4321557926721857,0.683753891983736,HIGH,0
668172,Free Bag,1.1885751959584556,Hotel Night,0.7124464745499619,0.4761287214084937,HIGH,0
668677,Hotel Night,0.7124464745499619,No Cancel Fee,0.0,0.7124464745499619,HIGH,0
668776,Hotel Night,0.7124464745499619,Exclusive Discount,0.367469114046018,0.3449773605039439,HIGH,0
669140,Free Bag,3.3620772513237225,Exclusive Discount,1.6387459818604135,1.723331269463309,HIGH,0
669155,No Cancel Fee,0.0,Exclusive Discount,-0.1247288492224758,0.1247288492224758,MEDIUM,2
669329,Hotel Meal,1.5472979042046395,Exclusive Discount,0.8968164532460141,0.6504814509586254,HIGH,1
669348,Hotel Night,0.7124464745499619,Free Bag,0.1018241682758222,0.6106223062741397,HIGH,0
669356,Free Bag,1.1885751959584556,Hotel Night,0.7124464745499619,0.4761287214084937,HIGH,0
669449,Free Bag,1.1885751959584556,Hotel Night,0.7124464745499619,0.4761287214084937,HIGH,0
670471,Hotel Night,0.7124464745499619,Exclusive Discount,0.4185648216919609,0.293881652858001,HIGH,0
670626,Free Bag,0.4640745108367,Hotel Night,0.3004480622133511,0.1636264486233489,MEDIUM,0
670971,Exclusive Discount,1.0099406233363917,Hotel Night,0.7124464745499619,0.29749414878642977,HIGH,0
671066,Exclusive Discount,1.8166677651590275,Hotel Night,0.7124464745499619,1.1042212906090656,HIGH,0
671151,Hotel Meal,0.8617414763563448,Hotel Night,0.7124464745499619,0.1492950018063829,MEDIUM,0
671367,Hotel Meal,2.282712981350993,Free Bag,0.7538747848854024,1.5288381964655906,HIGH,0
671368,Free Bag,1.1885751959584556,Hotel Night,0.7124464745499619,0.4761287214084937,HIGH,0
671975,Hotel Night,0.7124464745499619,Hotel Meal,0.4722207787152678,0.2402256958346941,HIGH,0
672009,No Cancel Fee,0.0,Exclusive Discount,-0.1247288492224758,0.1247288492224758,MEDIUM,2
672112,Hotel Meal,1.2735204995769118,Exclusive Discount,1.0791134226070662,0.1944070769698456,MEDIUM,0
672468,Hotel Meal,1.387037960032311,Hotel Night,0.4181618943095248,0.9688760657227863,HIGH,0
673076,Free Bag,3.3620772513237225,Exclusive Discount,1.2536233640693333,2.108453887254389,HIGH,0
673286,Hotel Meal,2.03401329020949,Exclusive Discount,0.664764502734077,1.3692487874754131,HIGH,1
673874,Free Bag,1.1885751959584556,Hotel Night,0.7124464745499619,0.4761287214084937,HIGH,0
674375,Free Bag,1.1885751959584556,Hotel Meal,0.8483864810086504,0.3401887149498052,HIGH,0
675053,Hotel Night,0.7124464745499619,Exclusive Discount,0.5473792467191249,0.16506722783083705,MEDIUM,0
675201,Hotel Meal,2.109907435488406,Hotel Night,0.5251744689424108,1.584732966545995,HIGH,0
675594,Exclusive Discount,1.319859991631561,Free Bag,1.1885751959584556,0.13128479567310536,MEDIUM,0
676043,No Cancel Fee,0.0,Exclusive Discount,-0.1247288492224758,0.1247288492224758,MEDIUM,2
676373,Free Bag,1.1885751959584556,Hotel Meal,0.8483864810086504,0.3401887149498052,HIGH,0
676570,No Cancel Fee,0.0,Exclusive Discount,-0.1247288492224758,0.1247288492224758,MEDIUM,2
676707,No Cancel Fee,0.0,Exclusive Discount,-0.1247288492224758,0.1247288492224758,MEDIUM,2
676762,Hotel Meal,0.9863880996014894,Hotel Night,0.7124464745499619,0.2739416250515275,HIGH,0
677209,Exclusive Discount,1.7109957657576724,Hotel Night,0.7124464745499619,0.9985492912077105,HIGH,0
677842,No Cancel Fee,0.0,Exclusive Discount,-0.1247288492224758,0.1247288492224758,MEDIUM,2
677896,Exclusive Discount,0.8538081833508161,Hotel Meal,0.5812865740547694,0.27252160929604674,HIGH,0
678536,No Cancel Fee,0.0,Exclusive Discount,-0.1247288492224758,0.1247288492224758,MEDIUM,2
678547,Free Bag,1.1885751959584556,Exclusive Discount,0.2127726602956514,0.9758025356628042,HIGH,2
678888,Free Bag,1.1885751959584556,Hotel Night,0.7124464745499619,0.4761287214084937,HIGH,0
679040,Hotel Meal,0.6324807228875964,Hotel Night,0.3004480622133511,0.3320326606742453,MEDIUM,0
679047,Free Bag,1.1885751959584556,Exclusive Discount,0.7863887622984169,0.4021864336600387,HIGH,0
679066,Exclusive Discount,1.2202659235981783,Hotel Night,0.7124464745499619,0.5078194490482164,HIGH,0
679442,No Cancel Fee,0.0,Exclusive Discount,-0.1247288492224758,0.1247288492224758,MEDIUM,2
679611,Hotel Meal,1.574749839086011,Free Bag,0.645199682117139,0.9295501569688721,HIGH,0
679831,No Cancel Fee,0.0,Exclusive Discount,-0.1247288492224758,0.1247288492224758,MEDIUM,2
680424,Exclusive Discount,1.0695592856805662,Hotel Meal,0.7571273461327414,0.3124319395478249,HIGH,0
680735,Free Bag,1.1885751959584556,Hotel Night,0.7124464745499619,0.4761287214084937,HIGH,0
681050,Exclusive Discount,1.2496998000759143,Hotel Night,0.7124464745499619,0.5372533255259524,HIGH,0
681581,Free Bag,1.1885751959584556,Hotel Night,0.7124464745499619,0.4761287214084937,HIGH,0
681720,Hotel Night,0.0257824539889438,No Cancel Fee,0.0,0.0257824539889438,LOW,0
682005,Exclusive Discount,1.7863489302084516,Hotel Meal,1.36700546701077,0.41934346319768157,HIGH,1
682247,Exclusive Discount,1.9526928993377024,Free Bag,1.1885751959584556,0.7641177033792468,HIGH,0
683014,Free Bag,1.1885751959584556,Exclusive Discount,1.0518694144586436,0.13670578149981205,MEDIUM,0
683663,No Cancel Fee,0.0,Exclusive Discount,-0.1247288492224758,0.1247288492224758,MEDIUM,2
683976,Exclusive Discount,1.6896606174951427,Hotel Meal,1.4404579414230871,0.2492026760720556,HIGH,1
683978,Exclusive Discount,0.7881661450548682,Hotel Night,0.7124464745499619,0.07571967050490624,MEDIUM,0
684510,Exclusive Discount,1.3868370973567783,Hotel Meal,0.6747715414886278,0.7120655558681505,HIGH,0
684521,Hotel Night,0.7124464745499619,Exclusive Discount,0.677674949492974,0.034771525056987884,MEDIUM,0
684543,Hotel Meal,0.5812865740547694,Hotel Night,0.0257824539889438,0.5555041200658255,MEDIUM,0
684764,Hotel Night,0.7124464745499619,No Cancel Fee,0.0,0.7124464745499619,HIGH,0
684806,Exclusive Discount,0.7848604346723637,Hotel Night,0.7124464745499619,0.07241396012240175,MEDIUM,0
685594,Hotel Night,0.7124464745499619,No Cancel Fee,0.0,0.7124464745499619,HIGH,0
685604,Free Bag,1.1885751959584556,Hotel Night,0.7124464745499619,0.4761287214084937,HIGH,0
685958,No Cancel Fee,0.0,Exclusive Discount,-0.1247288492224758,0.1247288492224758,MEDIUM,2
686165,Hotel Meal,1.36700546701077,Hotel Night,0.7124464745499619,0.6545589924608082,HIGH,0
686408,Exclusive Discount,1.1122746544096962,Hotel Meal,0.8706448065881408,0.2416298478215554,HIGH,0
686445,Hotel Meal,1.36700546701077,Exclusive Discount,0.2586735893381797,1.1083318776725903,HIGH,1
686509,Exclusive Discount,1.745542660434658,Free Bag,1.1885751959584556,0.5569674644762024,HIGH,0
686915,No Cancel Fee,0.0,Exclusive Discount,-0.1247288492224758,0.1247288492224758,MEDIUM,2
686920,Free Bag,1.1885751959584556,Hotel Night,0.7124464745499619,0.4761287214084937,HIGH,0
688312,No Cancel Fee,0.0,Exclusive Discount,-0.1247288492224758,0.1247288492224758,MEDIUM,2
688600,Hotel Meal,1.226778015859982,No Cancel Fee,0.0,1.226778015859982,HIGH,1
689037,Hotel Night,0.3004480622133511,No Cancel Fee,0.0,0.3004480622133511,MEDIUM,0
689374,Hotel Night,0.7124464745499619,No Cancel Fee,0.0,0.7124464745499619,HIGH,0
689456,Hotel Meal,2.114885206481637,No Cancel Fee,0.0,2.114885206481637,HIGH,1
689624,Free Bag,1.1885751959584556,Hotel Night,0.0257824539889438,1.1627927419695119,HIGH,0
689984,Hotel Meal,0.8283539879871094,Exclusive Discount,0.5273907504587944,0.300963237528315,HIGH,0
690420,Hotel Meal,0.7905148345019763,Hotel Night,0.7124464745499619,0.07806835995201444,MEDIUM,0
690422,Hotel Night,0.7124464745499619,Free Bag,0.4640745108367,0.24837196371326192,HIGH,0
691334,Hotel Night,0.7124464745499619,Free Bag,0.4640745108367,0.24837196371326192,HIGH,0
691541,Exclusive Discount,1.198258921618741,Hotel Night,0.7124464745499619,0.485812447068779,HIGH,0
691546,Hotel Meal,1.340295476315382,Hotel Night,0.7124464745499619,0.6278490017654201,HIGH,0
692211,No Cancel Fee,0.0,Exclusive Discount,-0.1247288492224758,0.1247288492224758,MEDIUM,2
692510,Hotel Night,0.7124464745499619,Free Bag,0.1018241682758222,0.6106223062741397,HIGH,0
693301,Free Bag,1.1885751959584556,Exclusive Discount,0.6830724131552383,0.5055027828032174,HIGH,0
693729,Free Bag,1.1885751959584556,Exclusive Discount,0.7422534516927467,0.4463217442657089,HIGH,0
693765,Hotel Meal,0.8261281554291608,Hotel Night,0.7124464745499619,0.11368168087919894,MEDIUM,0
694265,No Cancel Fee,0.0,Exclusive Discount,-0.1247288492224758,0.1247288492224758,MEDIUM,2
695011,Free Bag,1.1885751959584556,Exclusive Discount,0.0739002639955171,1.1146749319629385,HIGH,0
695094,Exclusive Discount,1.4085991060690723,Hotel Night,0.7124464745499619,0.6961526315191104,HIGH,0
695132,Hotel Night,0.7124464745499619,Free Bag,0.1018241682758222,0.6106223062741397,HIGH,0
695307,Exclusive Discount,1.5056050027594634,Free Bag,1.1885751959584556,0.3170298068010078,HIGH,0
695557,Hotel Night,0.7124464745499619,Free Bag,0.4640745108367,0.24837196371326192,HIGH,0
696475,Hotel Meal,1.6897511879133762,Free Bag,1.1885751959584556,0.5011759919549206,HIGH,0
697072,Hotel Meal,0.7192881926476082,Hotel Night,0.7124464745499619,0.006841718097646332,MEDIUM,0
698291,Free Bag,1.1885751959584556,Hotel Night,0.7124464745499619,0.4761287214084937,HIGH,0
698573,Exclusive Discount,0.8002941107360827,Hotel Night,0.7124464745499619,0.08784763618612079,MEDIUM,0
699040,Exclusive Discount,1.2325288559016756,No Cancel Fee,0.0,1.2325288559016756,HIGH,2
699411,Free Bag,1.1885751959584556,Hotel Night,0.7124464745499619,0.4761287214084937,HIGH,0
700028,Exclusive Discount,1.3611642360525995,Free Bag,1.1885751959584556,0.1725890400941439,MEDIUM,0
700237,Free Bag,1.1885751959584556,Hotel Night,0.7124464745499619,0.4761287214084937,HIGH,0
700289,No Cancel Fee,0.0,Exclusive Discount,-0.1247288492224758,0.1247288492224758,MEDIUM,2
700666,No Cancel Fee,0.0,Exclusive Discount,-0.1247288492224758,0.1247288492224758,MEDIUM,2
701565,Hotel Night,0.7124464745499619,Hotel Meal,0.1517008903706104,0.5607455841793515,HIGH,0
702595,Hotel Night,0.7124464745499619,Exclusive Discount,0.420547298716694,0.2918991758332679,HIGH,0
702877,Free Bag,1.1885751959584556,No Cancel Fee,0.0,1.1885751959584556,HIGH,2
703333,Hotel Night,0.7124464745499619,No Cancel Fee,0.0,0.7124464745499619,HIGH,0
704652,Hotel Night,0.7124464745499619,Free Bag,0.1018241682758222,0.6106223062741397,HIGH,0
704870,Hotel Night,0.7124464745499619,Hotel Meal,0.4254782949983387,0.2869681795516232,HIGH,0
705215,Free Bag,1.1885751959584556,Exclusive Discount,0.8503830801100235,0.3381921158484321,HIGH,0
705310,Hotel Night,0.7124464745499619,No Cancel Fee,0.0,0.7124464745499619,HIGH,0
705984,No Cancel Fee,0.0,Exclusive Discount,-0.1247288492224758,0.1247288492224758,MEDIUM,2
707260,Hotel Night,0.7124464745499619,Hotel Meal,0.2585408531521629,0.453905621397799,HIGH,0
707402,No Cancel Fee,0.0,Exclusive Discount,-0.1247288492224758,0.1247288492224758,MEDIUM,2
707525,Hotel Night,0.7124464745499619,Hotel Meal,0.4788982763891148,0.2335481981608471,HIGH,0
708887,Hotel Meal,1.5472979042046395,No Cancel Fee,0.0,1.5472979042046395,HIGH,1
709630,No Cancel Fee,0.0,Exclusive Discount,-0.1247288492224758,0.1247288492224758,MEDIUM,2
710489,Free Bag,1.1885751959584556,Hotel Night,0.0257824539889438,1.1627927419695119,HIGH,0
711391,Hotel Night,0.7124464745499619,Free Bag,0.4640745108367,0.24837196371326192,HIGH,0
713557,Free Bag,1.1885751959584556,Hotel Night,0.7124464745499619,0.4761287214084937,HIGH,0
714166,Exclusive Discount,1.0746273467001286,Hotel Night,0.7124464745499619,0.3621808721501667,HIGH,0
714420,Free Bag,1.1885751959584556,Exclusive Discount,1.1751129534476297,0.01346224251082595,MEDIUM,0
714504,Free Bag,1.1885751959584556,Hotel Night,0.7124464745499619,0.4761287214084937,HIGH,0
714565,Hotel Meal,1.4938779228138637,Hotel Night,0.7124464745499619,0.7814314482639018,HIGH,0
715059,Hotel Night,0.7124464745499619,Hotel Meal,0.1338942299070182,0.5785522446429437,HIGH,0
716337,Hotel Meal,0.6272871135857153,Hotel Night,0.0257824539889438,0.6015046595967715,MEDIUM,0
716801,Exclusive Discount,1.5639658109678412,Hotel Meal,1.217874685628186,0.34609112533965525,HIGH,1
717149,Free Bag,1.1885751959584556,Hotel Night,0.7124464745499619,0.4761287214084937,HIGH,0
717546,Exclusive Discount,1.5990577411109763,Hotel Night,0.7124464745499619,0.8866112665610144,HIGH,0
720819,Exclusive Discount,1.7071236931575724,Hotel Night,0.7124464745499619,0.9946772186076105,HIGH,0
720860,Free Bag,1.1885751959584556,Exclusive Discount,1.0386360625926123,0.1499391333658433,MEDIUM,0
721496,Exclusive Discount,1.5998903101990931,Hotel Meal,0.9552264437902028,0.6446638664088903,HIGH,0
721552,Free Bag,3.3620772513237225,Exclusive Discount,1.0050951449411416,2.356982106382581,HIGH,0
721570,No Cancel Fee,0.0,Free Bag,-0.9849268594068112,0.9849268594068112,MEDIUM,0
722828,Exclusive Discount,1.3094233381142573,Free Bag,1.1885751959584556,0.12084814215580164,MEDIUM,0
722939,Free Bag,1.1885751959584556,Exclusive Discount,1.1181300439345032,0.0704451520239524,MEDIUM,0
724581,No Cancel Fee,0.0,Exclusive Discount,-0.085570938670561,0.085570938670561,LOW,0
725357,No Cancel Fee,0.0,Exclusive Discount,-0.1247288492224758,0.1247288492224758,MEDIUM,2
726953,Hotel Night,0.4181618943095248,Hotel Meal,0.2407341926885707,0.1774277016209541,MEDIUM,0
727886,Hotel Night,0.7124464745499619,Hotel Meal,0.6124482298660557,0.09999824468390617,MEDIUM,0
728820,Exclusive Discount,1.9322210456193705,Hotel Meal,0.5056082670845028,1.4266127785348677,HIGH,0
730639,No Cancel Fee,0.0,Exclusive Discount,-0.1247288492224758,0.1247288492224758,MEDIUM,2
732729,Hotel Meal,0.7727081740383843,Hotel Night,0.7124464745499619,0.060261699488422416,MEDIUM,0
733654,No Cancel Fee,0.0,Exclusive Discount,-0.1247288492224758,0.1247288492224758,MEDIUM,2
734565,Hotel Night,0.7124464745499619,Free Bag,0.1018241682758222,0.6106223062741397,HIGH,0
735029,Hotel Night,0.0257824539889438,No Cancel Fee,0.0,0.0257824539889438,LOW,0
736075,Free Bag,1.1885751959584556,Hotel Night,0.7124464745499619,0.4761287214084937,HIGH,0
736833,No Cancel Fee,0.0,Exclusive Discount,-0.1247288492224758,0.1247288492224758,MEDIUM,2
739139,No Cancel Fee,0.0,Exclusive Discount,-0.1247288492224758,0.1247288492224758,MEDIUM,2
739518,Hotel Night,0.3004480622133511,No Cancel Fee,0.0,0.3004480622133511,MEDIUM,0
739734,No Cancel Fee,0.0,Exclusive Discount,-0.1247288492224758,0.1247288492224758,MEDIUM,2
741190,No Cancel Fee,0.0,Exclusive Discount,-0.1247288492224758,0.1247288492224758,MEDIUM,2
741773,Exclusive Discount,1.6399003863014463,Hotel Night,0.7124464745499619,0.9274539117514844,HIGH,0
741902,Free Bag,1.1885751959584556,Hotel Night,0.7124464745499619,0.4761287214084937,HIGH,0
742639,Exclusive Discount,1.921712568007084,Hotel Meal,1.1199380530784295,0.8017745149286544,HIGH,1
743151,No Cancel Fee,0.0,Exclusive Discount,-0.1247288492224758,0.1247288492224758,MEDIUM,2
745292,Free Bag,1.1885751959584556,Hotel Night,0.7124464745499619,0.4761287214084937,HIGH,0
746934,No Cancel Fee,0.0,Exclusive Discount,-0.1247288492224758,0.1247288492224758,MEDIUM,2
748759,No Cancel Fee,0.0,Exclusive Discount,-0.1247288492224758,0.1247288492224758,MEDIUM,2
750982,Hotel Night,0.7124464745499619,Hotel Meal,0.6658682112568318,0.046578263293130084,MEDIUM,0
751545,Hotel Night,0.7124464745499619,No Cancel Fee,0.0,0.7124464745499619,HIGH,0
752933,No Cancel Fee,0.0,Exclusive Discount,-0.1247288492224758,0.1247288492224758,MEDIUM,2
756030,Hotel Night,0.7124464745499619,No Cancel Fee,0.0,0.7124464745499619,HIGH,0
756434,Hotel Night,0.7124464745499619,Exclusive Discount,0.3044182810995002,0.4080281934504617,HIGH,0
757930,Hotel Meal,0.7304173554373529,Exclusive Discount,0.0892347521877608,0.6411826032495921,HIGH,0
760304,Free Bag,1.1885751959584556,Hotel Night,0.7124464745499619,0.4761287214084937,HIGH,0
760793,Hotel Meal,0.8639673089142934,Hotel Night,0.3004480622133511,0.5635192467009423,HIGH,0
763129,Hotel Meal,2.286274313443711,Exclusive Discount,0.7614528154473816,1.5248214979963295,HIGH,1
763792,Exclusive Discount,1.41893334189788,Hotel Meal,1.36700546701077,0.051927874887109926,MEDIUM,1
765745,Hotel Meal,0.2184758671090807,No Cancel Fee,0.0,0.2184758671090807,MEDIUM,0
767426,Hotel Meal,1.6808478576815802,Free Bag,1.1885751959584556,0.49227266172312456,HIGH,0
768291,Exclusive Discount,1.78356602115906,Free Bag,1.1885751959584556,0.5949908252006044,HIGH,0
770252,No Cancel Fee,0.0,Free Bag,-0.9849268594068112,0.9849268594068112,MEDIUM,2
774666,Free Bag,2.2753262236410894,Exclusive Discount,0.4449627385357309,1.8303634851053585,HIGH,0
777366,Hotel Night,0.7124464745499619,Exclusive Discount,0.2205923338689273,0.4918541406810346,HIGH,0
777846,Exclusive Discount,0.7970774592219084,Hotel Night,0.7124464745499619,0.08463098467194652,MEDIUM,0
780167,No Cancel Fee,0.0,Free Bag,-0.9849268594068112,0.9849268594068112,MEDIUM,2
785107,Free Bag,1.1885751959584556,Hotel Meal,0.9863880996014894,0.2021870963569662,HIGH,0
785186,Exclusive Discount,1.0774782985292697,Hotel Night,0.7124464745499619,0.3650318239793078,HIGH,0
792549,Exclusive Discount,1.08927640447593,Free Bag,0.1018241682758222,0.9874522362001078,HIGH,0
796032,Hotel Night,0.7124464745499619,Hotel Meal,0.1939917089716416,0.5184547655783203,HIGH,0
801660,Exclusive Discount,1.2642177706247624,Hotel Night,0.7124464745499619,0.5517712960748005,HIGH,0
811077,Hotel Night,0.7124464745499619,No Cancel Fee,0.0,0.7124464745499619,HIGH,0
844489,No Cancel Fee,0.0,Exclusive Discount,-0.1247288492224758,0.1247288492224758,MEDIUM,2
